id,source,subreddit,word_count,personal,emotional,reasoning
rd_ahohh,reddit,relationship_advice,103,1,1,"The author describes their own romantic relationship (P=1) and uses the explicit affective phrase 'I just want to scream,' which names an internal state of frustration (E=1)."
rd_9mq4j,reddit,relationship_advice,188,1,1,"The author explicitly states 'it scares the hell out of me,' which is a clear emotion word describing their own internal state, and the topic (relationship, sex, fear of pregnancy) is a personal life domain."
rd_95pby,reddit,relationship_advice,615,1,1,"The author is describing their own relationship situation (a core life domain) and uses explicit emotional language such as 'getting sick of the trend,' 'feelings go to shit,' and 'cannot seem to get over,' which name internal affective states."
rd_amhm1,reddit,relationship_advice,20,0,0,"The message is a logistical/social how-to question about getting someone's attention, not a personal life-domain topic, and while 'damn' and 'jackass' add mild frustration, there are no explicit emotion words naming the author's internal state."
rd_9wxeo,reddit,relationship_advice,318,1,1,"The author is clearly the subject describing a personal romantic situation (life domain: relationships), and uses explicit affective phrasing — 'can't stop thinking about her' and 'can't get my mind off of this girl' — which name an internal mental/emotional state beyond mere behavior."
rd_9v3sn,reddit,relationship_advice,113,1,0,"The author is the subject describing a personal relationship situation (P=1), but the language is deliberative and measured throughout with no explicit emotion words or clear affective phrasing naming an internal state (E=0)."
rd_9txaw,reddit,relationship_advice,700,1,1,"The author is the subject describing their own romantic relationship and emotional struggles, and the message contains explicit affective language such as 'it hurt a lot,' 'my thoughts began to cloud my mind,' and 'Please help!' signaling a clear internal emotional state."
rd_9onvb,reddit,relationship_advice,315,1,0,"The author describes their own dating life and social situation (a clear life domain), but the language throughout is deliberative and analytical rather than containing explicit emotion words or clear affective phrasing — 'feel kind of bad' is mild and hedged, not a named acute emotional state."
rd_am6pf,reddit,relationship_advice,99,1,1,"The author is the subject describing a personal relationship situation (P=1), and explicitly names an internal emotional state — 'feeling that everything is going to shit' — which is clear affective phrasing signaling anxiety/dread (E=1)."
rd_9m9ss,reddit,relationship_advice,218,1,1,"The author is describing their own romantic situation (P=1) and uses explicit affective language: 'my head was fucked,' 'beginning to regret,' indicating a named internal emotional state (E=1)."
rd_ajb32,reddit,relationship_advice,544,1,1,"The author describes their own relationships and feelings in a life domain (friendship, loneliness, romantic feelings), and uses multiple explicit emotion words and affective phrases such as 'incredibly lonely,' 'frustrated,' 'angry,' 'twisted knot in my stomach,' and 'feel like I have developed a huge hole,' all naming internal emotional states."
rd_amh5n,reddit,relationship_advice,89,1,0,"The author describes their own long-distance relationship (a life domain topic) but the tone is neutral and deliberative, with no explicit emotion words or affective phrasing — just a practical request for suggestions."
rd_atp8z,reddit,relationship_advice,105,1,1,"The author describes their own life situation (friendship problems, depression, porn use affecting relationships and study) and uses explicit emotion words ('depressed,' 'feel dirty,' 'feel so depressed') naming their internal state, satisfying both P=1 and E=1."
rd_ac0r3,reddit,relationship_advice,188,1,1,"The author is describing their own romantic situation (P=1), and uses the explicit emotion word 'terrified' to name an internal state (E=1)."
rd_9lbfc,reddit,relationship_advice,156,1,0,"The author describes their own romantic situation and feelings toward a friend (a clear life-domain topic), but the language remains deliberative and analytical throughout with no explicit emotion words or affective phrasing that names an internal emotional state."
rd_aenzt,reddit,relationship_advice,189,1,1,"The author is describing their own relationship situation (P=1) and uses affective phrasing such as 'the thought of her out with others is souring' and 'I truly love her company,' plus 'people getting hurt feelings (both me AND her),' which names an internal/emotional state — qualifying as E=1."
rd_a5i0u,reddit,relationship_advice,39,0,0,"The author is seeking general information about what men want for Christmas as a third-party factual/opinion question, not describing a personal life domain situation — framing is outward-looking and logistical (gift shopping), so P=0, and the tone is casual/curious without explicit emotion words, so E=0."
rd_990kn,reddit,relationship_advice,216,1,1,The author describes their own relationship situation (P=1) and explicitly states 'This made me feel bad' — a named internal emotional state (E=1).
rd_98jbo,reddit,relationship_advice,572,1,0,"The author is the subject describing a significant relationship and health-related personal situation (P=1), but the language is analytical and deliberative throughout with no explicit emotion words or clear affective phrasing naming an internal emotional state (E=0)."
rd_9lnr1,reddit,relationship_advice,140,1,1,"The author is the subject describing her own romantic relationship (P=1), and she explicitly names emotional states: 'feel like a gold-digging whore,' 'finding it hard to believe him,' 'I still love him more than anything,' and 'HELP' signals clear emotional distress (E=1)."
rd_9tndg,reddit,relationship_advice,98,1,0,"The author is the subject describing their own romantic situation (P=1), but the tone is light and logistical with no explicit emotion words or affective phrasing naming an internal state (E=0)."
rd_9ugpm,reddit,relationship_advice,306,1,0,"The author describes her own relationship history, self-image, and social struggles (P=1), but the language remains analytical and deliberative throughout—there are no explicit emotion words or clear affective phrasing naming an internal emotional state (E=0)."
rd_aa1dh,reddit,relationship_advice,130,1,1,"The author describes their own romantic situation (P=1) and explicitly states 'I am really confused' and 'I just don't know what to do,' which are clear affective phrasings naming an internal emotional state (E=1)."
rd_af3fz,reddit,relationship_advice,420,1,1,"The author describes their own mental health, relationship pain, and uses explicit emotion words and affective phrases throughout ('feeling depressed,' 'afraid,' 'frustrating,' 'stuck in a rut,' 'feel shitty,' 'feel so lonely,' 'I miss her'), clearly meeting both P=1 and E=1 thresholds."
rd_96lfk,reddit,relationship_advice,99,1,0,"The author is describing their own romantic interest and seeking dating advice (personal life domain), but the language is deliberative and practical with no explicit emotion words or affective phrasing."
rd_ad3om,reddit,relationship_advice,272,1,1,"The author is the subject describing her own relationship and sexual history (P=1), and she uses explicit emotional language including 'surprised' and 'a lot more happy' to name her internal states (E=1)."
rd_9s31y,reddit,relationship_advice,280,1,1,"The author is the subject describing her own romantic situation (P=1), and she uses explicit emotion words and affective phrasing — 'pissed,' 'extremely wary,' 'I can't trust him,' 'fuck yeah' — that name her internal emotional states (E=1)."
rd_al4iz,reddit,relationship_advice,168,1,1,"The author is the subject describing her own relationship prospects as a single mother (life domain: relationships), and she uses clear affective phrasing such as 'resign myself to a singular sort of future' and expresses growing doubt ('beginning to wonder'), signaling an internal emotional state of worry or resignation."
rd_aiaad,reddit,relationship_advice,65,1,1,"The author is the subject describing a personal relationship milestone and explicitly states 'I'm super nervous,' which is a direct emotion word naming an internal state (E=1)."
rd_akosh,reddit,relationship_advice,64,1,0,"The author is the subject seeking advice about a gift for their long-term girlfriend (a relationship/personal domain decision), but the tone is lighthearted and task-oriented with no explicit emotion words or affective phrasing that names an internal state."
rd_au908,reddit,relationship_advice,311,1,1,"The author is describing their own romantic relationship and emotional state, and uses explicit affect words ('painful,' 'afraid,' 'fear,' 'scary') and affective phrasing ('my fears got the better of me') that clearly name internal emotional states."
rd_a5ezz,reddit,relationship_advice,285,1,1,"The author describes their own romantic and emotional situation (P=1), and uses clear affective phrasing such as 'I'm almost positive I'm going to get my heart broken' and 'I'm honestly just out of ideas as to what to do,' which name internal emotional states (E=1)."
rd_9tqr0,reddit,relationship_advice,267,1,1,"The author is the subject describing her own romantic relationship (P=1), and she uses explicit affective language including 'making myself sick,' 'I don't know what to do anymore,' and 'constant state of paranoia,' which are clear affective phrasings naming internal emotional states (E=1)."
rd_a7d71,reddit,relationship_advice,327,1,0,"The author describes their own relationship history and romantic interest (P=1), but the language is deliberative and situation-describing throughout — no explicit emotion words or clear affective phrasing naming an internal state (E=0)."
rd_aekit,reddit,relationship_advice,311,1,1,"The author is the subject describing their own relationship problem (P=1), and uses explicit affective language including 'paranoid,' 'terrified,' and 'I'm still digesting' to name internal emotional states (E=1)."
rd_9x75w,reddit,relationship_advice,138,1,0,"The author describes their own romantic situation (P=1), but the language is deliberative and narrative throughout with no explicit emotion words or clear affective phrasing naming an internal state (E=0)."
rd_aq6rh,reddit,relationship_advice,210,1,1,"The author describes their own relationship situation (P=1) and uses explicit emotion words and affective phrasing throughout, including 'hurt me,' 'overwhelmingly sad and hurt,' 'I'm weak and emotionally stupid,' and 'I don't know how to cope' (E=1)."
rd_ase0l,reddit,relationship_advice,549,1,1,"The author describes her own romantic relationship and explicitly states 'I just feel like he has this emotional wall' and 'I feel like healthy couples should have open communication, and i just don't feel like we are doing that right now,' which are clear affective phrasings naming an internal emotional state."
rd_8z6qx,reddit,relationship_advice,218,1,1,The author describes their own romantic situation (P=1) and uses 'got nervous' as an explicit affective word naming an internal emotional state (E=1).
rd_aniea,reddit,relationship_advice,85,1,0,"The author is the subject describing their own social/dating life (a life domain), but the language is neutral and deliberative with no explicit emotion words or affective phrasing — just a matter-of-fact description and request for advice."
rd_aq18w,reddit,relationship_advice,143,0,0,"The author is discussing a general topic (communication in relationships) in an analytical, deliberative way rather than describing their own specific relationship situation, making this a factual/opinion-seeking post rather than a personal life domain post; the tone is neutral with no explicit emotion words or affective phrasing."
rd_9q2sp,reddit,relationship_advice,415,1,1,"The author is the subject describing their own relationship situation (P=1), and uses explicit affective phrasing such as 'I just feel like I'm breaking up for no reason' and 'I'm just not really happy,' which name internal emotional states (E=1)."
rd_akltv,reddit,relationship_advice,262,1,1,"The author is the subject describing their own relationship, a clear life domain, and explicitly uses the emotion word 'frustrating' to name their internal state about the situation."
rd_a5jar,reddit,relationship_advice,209,1,0,"The author is the subject describing a personal relationship situation (P=1), but the language is neutral and deliberative throughout — no explicit emotion words or affective phrasing naming an internal state (E=0)."
rd_a0rdu,reddit,relationship_advice,671,1,1,"The author is describing their own marriage, affair, and custody dilemma (P=1), and uses explicit affective language such as 'emotionally destroyed,' 'head over heels in love,' 'torture,' 'it's like a drug, it's destroying all three of us' that clearly names internal emotional states (E=1)."
rd_atuck,reddit,relationship_advice,114,1,1,"The author describes their own emotional experience of getting over someone and explicitly states a song 'destroys me,' which is a clear affective phrase naming an internal emotional state, satisfying both P=1 and E=1."
rd_9pk47,reddit,relationship_advice,56,1,0,"The author is describing their own dating situation (P=1), but the tone is purely curious and deliberative with no explicit emotion words or affective phrasing (E=0)."
rd_9telh,reddit,relationship_advice,172,1,1,"The author is describing their own romantic relationship (a core life domain) and explicitly uses emotional language — 'miserable,' 'feel like,' and 'making me miserable' — naming internal states, satisfying both P=1 and E=1 conditions."
rd_anq7t,reddit,relationship_advice,111,0,0,"The author is not describing their own situation but rather offering general advice/tips inspired by another post, so P=0 (Rule 1), and the tone is entirely analytical with no affective language, so E=0."
rd_a0ntu,reddit,relationship_advice,278,1,1,"The author describes their own love life and relationship history (P=1), and uses explicit emotional language ('feeling ready,' 'really happy,' 'sucks') naming internal states, qualifying for E=1."
rd_audat,reddit,relationship_advice,124,1,1,"The author describes their own romantic relationship (P=1) and uses explicit affective language — 'I feel happier than ever,' 'butterflies,' 'I think I'm in love,' and 'What if she doesn't feel the same?' — that name internal emotional states (E=1)."
rd_9lnhx,reddit,relationship_advice,48,0,0,"The author is asking about others' experiences (third-party/discussion prompt), not describing their own situation, so P=0; the tone is curious and interrogative with no explicit emotion words, so E=0."
rd_a3bhx,reddit,relationship_advice,583,1,1,"The author describes their own relationship and emotional life and uses explicit affective language throughout ('I loathe her,' 'scared,' 'I don't know what to do with it all anymore,' 'uncomfortable feeling'), satisfying both P=1 and E=1."
rd_9lxr9,reddit,relationship_advice,133,1,1,The author describes their own romantic situation (P=1) and uses explicit affective language — 'nerveracking' and 'I want her more than anything' — that names an internal emotional state (E=1).
rd_a1vut,reddit,relationship_advice,117,1,1,"The author describes their own post-breakup life situation (P=1) and uses explicit affective phrasing: 'I feel like I'm left behind,' 'it's been really hard,' 'get out of this funk,' and 'self-confidence is really low,' all of which name internal emotional states (E=1)."
rd_arj5v,reddit,relationship_advice,152,1,0,"The author is describing their own romantic situation (P=1), but the tone is analytical and curious with no explicit emotion words or clear affective phrasing (E=0)."
rd_a12vi,reddit,relationship_advice,121,1,0,"The author is describing their own romantic situation (a life domain), but the language is deliberative and neutral throughout — there are no explicit emotion words or affective phrasing naming an internal emotional state."
rd_afc76,reddit,relationship_advice,146,0,0,"The author is giving general advice about women and relationships directed at men, not describing their own personal situation or life domain, so P=0; the tone is assertive and rhetorical but lacks explicit emotion words referring to the author's own internal state, so E=0."
rd_9wcls,reddit,relationship_advice,88,1,0,"The author is describing their own dating situation (a specific girl they're being set up with), placing it in the relationships life domain (P=1), but the language is deliberative and curious with no explicit emotion words or affective phrasing (E=0)."
rd_aq3w1,reddit,relationship_advice,276,1,1,"The author is the subject describing a personal relationship struggle (P=1), and uses explicit affective language — 'hung up,' 'tears me apart,' and 'I can't compete' — that clearly names internal emotional states (E=1)."
rd_9g0ds,reddit,relationship_advice,120,1,1,"The author describes their own romantic/identity situation (P=1) and uses clear affective phrasing ('I don't know anything, clearly' combined with ':(' and 'I just have no idea how to go about doing that') that names an internal state of lostness and longing (E=1)."
rd_alunz,reddit,relationship_advice,420,1,1,The author describes their own relationship situation (P=1) and explicitly names an emotional state — 'I found myself depressed for a few days' — which is a clear emotion word referring to their own internal state (E=1).
rd_a7wag,reddit,relationship_advice,17,0,0,"The question is framed as a general/hypothetical how-to about dating etiquette, not as the author describing their own situation or seeking advice about a personal relationship they are in."
rd_abppv,reddit,relationship_advice,111,1,1,"The author is the subject describing a personal romantic situation (life domain: relationships), and 'argh >_<' combined with 'I don't even know myself' signals a clear affective state of internal conflict/frustration."
rd_9nw73,reddit,relationship_advice,250,1,1,"The author is describing their own social/romantic life (P=1), and uses explicit emotion words and affective phrasing such as 'overexcited,' 'I couldn't believe,' and 'I'm afraid,' which name internal emotional states (E=1)."
rd_a357m,reddit,relationship_advice,148,1,0,"The author is describing a personal relationship and sexual dynamic with his partner (life domain: relationships), but the tone is analytical and somewhat humorous with no explicit emotion words or clear affective phrasing naming an internal emotional state."
rd_9km4a,reddit,relationship_advice,271,1,1,"The author is the subject describing their own relationship and future plans (P=1), and uses explicit emotion words ('incredibly happy,' 'scared,' 'love') referring to their own internal state (E=1)."
rd_acj08,reddit,relationship_advice,363,1,0,"The author is the subject describing their own romantic situation (P=1), but the tone is deliberative and advice-seeking with no explicit emotion words or affective phrasing — confidence is stated matter-of-factly and 'halp' is playful, not a named internal state (E=0)."
rd_9y3pn,reddit,relationship_advice,861,1,1,"The author is the subject describing a significant personal relationship situation (P=1), and the message contains explicit emotional language including 'feel really shitty,' 'feeling awful,' 'really lost,' and 'strong feelings for her,' satisfying the E=1 threshold."
rd_aqsje,reddit,relationship_advice,283,1,1,"The author is describing their own post-breakup situation (a life domain) and uses affective phrasing like 'all these emotions rushed back,' 'this week sucked,' and 'it's going to be weird,' which name internal states beyond mere behavioral description."
rd_agt0y,reddit,relationship_advice,118,1,1,The author describes their own social and relational situation (P=1) and uses the explicit affective word 'irks me' to name an internal emotional state (E=1).
rd_ag1i7,reddit,relationship_advice,69,1,0,"The author is the subject discussing a personal relationship/health decision (P=1), but the tone is deliberative and factual with no explicit emotion words or clear affective phrasing beyond 'worried,' which here reads as a measured concern rather than a named acute emotional state — however, 'worried' is an explicit emotion word, making E=1."
rd_as140,reddit,relationship_advice,183,1,1,"The author describes their own relationship situation (P=1) and uses explicit emotional language including 'it still hurts' and 'desperately needs,' naming internal states of longing and pain (E=1)."
rd_a1zvr,reddit,relationship_advice,88,1,0,"The author shares personal relationship opinions and experiences (a life domain), but the language is measured and deliberative with no explicit emotion words or affective phrasing, so E=0."
rd_ae379,reddit,relationship_advice,642,1,0,"The author is the subject describing their own relationship situation (a life domain), but the language throughout is analytical and deliberative — there are no explicit emotion words or clear affective phrasing expressing the author's own internal state, making E=0 per Rule 3."
rd_9rkba,reddit,relationship_advice,218,1,1,"The author is describing their own romantic relationship and living situation (P=1), and uses clear affective phrasing such as 'I have no idea why' paired with emotional disorientation, plus 'Halp!' signals distress, but more concretely 'love is questionable' and 'I just don't really desire it anymore' combined with 'getting less and less willing' and the overall 'feeling removed' naming an internal emotional state (E=1)."
rd_aktau,reddit,relationship_advice,73,1,0,"The author describes their own relationship dynamic and introversion (a life domain/identity topic), but the language is deliberative and task-oriented with no explicit emotion words or affective phrasing beyond 'mild contention,' which describes a situation rather than naming the author's internal emotional state."
rd_9jxk0,reddit,relationship_advice,121,1,0,"The author is the subject describing their own relationship and life transition (P=1), but the tone is deliberative and curious with no explicit emotion words or affective phrasing (E=0)."
rd_9i3q6,reddit,relationship_advice,105,1,1,"The author explicitly states 'I love him deeply' — a clear emotion word naming an internal state — and the post concerns the author's own romantic feelings and a significant personal dilemma, satisfying both P=1 and E=1."
rd_aitms,reddit,relationship_advice,267,1,1,"The author is the subject describing their own romantic situation (a life domain), and they explicitly state 'I am confused' and 'I am still quite in love with him,' which are clear emotional/affective expressions naming an internal state."
rd_9u8s0,reddit,relationship_advice,29,0,0,"The author is not describing their own personal situation in depth but rather initiating a general discussion thread, and the tone is neutral and task-oriented with no explicit emotion words or affective phrasing."
rd_anzkk,reddit,relationship_advice,317,1,1,"The author is the subject describing their own relationship breakup and parental situation (P=1), and uses explicit emotional language such as 'this flattened me,' 'I loved her so much,' and 'I love her too' that name internal emotional states (E=1)."
rd_9xz0x,reddit,relationship_advice,504,1,1,"The author is describing their own relationship situation (P=1) and explicitly uses emotion words like 'mad,' 'pissed off,' and 'really pissed' to name their internal emotional state (E=1)."
rd_9knyx,reddit,relationship_advice,264,0,0,"This is a creative hypothetical/thought experiment with an allegorical framing — the author is posing a scenario to the reader ('you'), not describing their own life situation, so P=0; the tone is narrative and deliberative with no explicit emotion words from the author, so E=0."
rd_arr2u,reddit,relationship_advice,115,1,0,"The author describes their own romantic/flirting situation (life domain: relationships), but the tone is playful and deliberative rather than expressing any explicit emotion words or clear affective phrasing about an internal state."
rd_au44c,reddit,relationship_advice,80,1,0,"The author is describing her own relationship situation (P=1), but the language is deliberative and practical with no explicit emotion words or clear affective phrasing naming an internal state (E=0)."
rd_as9xm,reddit,relationship_advice,612,1,1,"The author is the subject describing their own romantic feelings and moral conflict, a clear life-domain topic, and uses explicit emotional language including 'feel extremely guilty,' 'I'm absolutely torn,' and 'I just feel bad' to name internal states."
rd_9m7s3,reddit,relationship_advice,332,1,1,"The author describes their own relationship situation (a life domain) and uses explicit affective language such as 'holy fuck,' 'Fuck,' and 'how the hell do I get out of this situation,' signaling a distressed internal state beyond mere behavioral description."
rd_atmln,reddit,relationship_advice,488,1,1,"The author describes their own ongoing post-breakup situation (a life domain — relationships) and uses affective phrasing such as 'kinda feeling fucked over' and 'I feel embarrassed,' which are explicit emotional expressions referring to their own internal state."
rd_atpdo,reddit,relationship_advice,285,1,0,"The author is the subject describing their own sexual relationship (a life domain), but the tone throughout is deliberative and informational rather than expressing explicit emotion words or clear affective phrasing that names an internal state."
rd_a7k6s,reddit,relationship_advice,67,1,0,"The author is describing their own post-breakup situation (a life domain: relationships), but the language is deliberative and advisory in tone with no explicit emotion words or clear affective phrasing naming an internal state — 'I really enjoyed her friendship' describes a past experience rather than an acute emotional state."
rd_ah9z6,reddit,relationship_advice,222,1,0,"The author describes their own romantic situation (P=1), but the language is deliberative and narrative throughout — no explicit emotion words or clear affective phrasing naming an internal emotional state (E=0)."
rd_aqxcq,reddit,relationship_advice,135,1,0,"The author describes their own relationship and a physical confrontation (clear life-domain events: relationships, personal safety), but the language remains narrative and deliberative rather than expressing named emotional states — frustration or distress are implied by the situation but no explicit emotion words or affective phrasing appear (Rule 3)."
rd_a27gu,reddit,relationship_advice,665,1,1,"The author is the subject describing a complex relationship situation (life domain: relationships) and explicitly names emotional states including 'feeling like absolute shit,' 'I feel like I betrayed,' 'I feel like I really, really fucked up,' and 'I just don't know how to sort through this,' satisfying both P=1 and E=1."
rd_9q94s,reddit,relationship_advice,136,1,0,"The author is the subject describing their own dating situation and relationship decision (P=1), but the language is neutral and deliberative throughout with no explicit emotion words or affective phrasing (E=0)."
rd_a2ftg,reddit,relationship_advice,311,1,1,"The author describes their own romantic relationship and a major life decision (whether to reunite with a partner who contracted herpes), and uses explicit affective language including 'adore,' expressing care and concern, plus the warning tone signals deep personal investment — though more directly, the situation is clearly in a life/relationship domain and the phrase 'I want to be there for her' alongside the emotional narrative signals an internal state of care and distress."
rd_a1jrh,reddit,relationship_advice,101,0,0,"The author explicitly frames this as a friend's situation (Rule 1 — framing over topic), making the author not the subject, so P=0; the tone is curious and analytical with no explicit emotion words or affective phrasing beyond mild puzzlement ('boggles me'), which does not meet the strict threshold for E=1."
rd_9t41i,reddit,relationship_advice,207,1,1,"The author explicitly names internal states ('completely infatuated with,' 'my anxieties are destroying my chances,' 'feel like') and uses affective phrasing throughout, meeting the E=1 threshold, while describing a personal romantic situation in a life domain for P=1."
rd_aj0rh,reddit,relationship_advice,204,1,1,"The author is the subject describing a personal romantic situation (dating, life domain), and uses explicit emotional language: 'super excited' and 'I'm worried' both name internal states."
rd_9wglt,reddit,relationship_advice,140,1,0,"The author is the subject describing their own sexual inexperience (a life/identity domain), but the language remains analytical and deliberative throughout — 'I know I'm missing out' and 'invisible to only me' describe a situation rather than naming an explicit emotional state, per Rule 3."
rd_akpex,reddit,relationship_advice,30,1,1,"The author describes their own relationship situation (P=1) and uses explicit emotion words and affective phrasing — 'hurt,' 'can't stop crying,' 'pain is too much to handle' — that directly name internal emotional states (E=1)."
rd_ajpts,reddit,relationship_advice,238,1,1,"The author describes their own attachment to a dog and explicitly states 'I kinda love this dog' and 'I've grown rather attached,' which are clear affective phrasings naming an internal emotional state, making this P=1, E=1."
rd_ai74j,reddit,relationship_advice,376,1,1,"The author is the subject describing a significant romantic relationship decision (P=1), and uses explicit emotional/affective language including 'I love this girl,' 'I am at a loss for words/thoughts,' 'I have no idea how to handle this,' and 'I am soooo confused' (E=1)."
rd_9k8a1,reddit,relationship_advice,16,1,0,"The author is the subject and references their identity (gender) and a personal situational context, which falls in the identity life domain, but the language is neutral and factual with no explicit emotion words or affective phrasing."
rd_afmg9,reddit,relationship_advice,188,1,0,"The author describes their own post-breakup social situation (a life domain), but the language is deliberative and analytical throughout — no explicit emotion words or affective phrasing naming an internal state, so E=0."
rd_ah9ik,reddit,relationship_advice,56,1,0,"The author is describing her own relationship (P=1), but the language is deliberative and task-oriented — asking for practical ideas — with no explicit emotion words or clear affective phrasing naming an internal state (E=0)."
rd_9qh22,reddit,relationship_advice,69,1,0,"The author describes their own romantic/interpersonal situation (P=1), but the language is neutral and descriptive with no explicit emotion words or affective phrasing (E=0)."
rd_abldt,reddit,relationship_advice,166,1,1,"The author describes their own relationship and life situation (P=1), and the phrase 'I don't know what I should do next' is clear affective phrasing naming a state of confusion/helplessness (E=1)."
rd_alths,reddit,relationship_advice,256,1,1,"The author is the subject describing their own health/relationship situation (P=1), and uses explicit emotional language — 'really uncomfortable,' 'this really sucks,' and 'incredibly uncomfortable' — naming internal states (E=1)."
rd_aufgu,reddit,relationship_advice,103,1,0,"The author is describing their own budding romantic situation (a life domain — relationships), but the tone is curious and playful rather than explicitly emotional; no emotion words or clear affective phrasing naming an internal state are present."
rd_9q9bh,reddit,relationship_advice,162,1,0,"The author is the subject describing their own situation and seeking advice about a personal/family matter (what to tell their parents during an absence), which falls in a life domain, but the tone is neutral and playful with no explicit emotion words or clear affective phrasing."
rd_a7xx4,reddit,relationship_advice,152,1,1,"The author describes their own experience with feelings developing in a casual relationship and uses explicit affective language ('I was the one that ended up developing feelings,' 'someone ends up hurt'), satisfying both P=1 and E=1."
rd_a3ben,reddit,relationship_advice,234,1,1,"The author is the subject describing her own relationship patterns and childhood trauma (P=1), and she uses explicit affective phrasing like 'sob story,' 'brace myself,' and 'I'm probably being used,' signaling named internal states (E=1)."
rd_9wj6v,reddit,relationship_advice,516,1,1,"The author describes their own post-breakup situation (P=1) and uses explicit emotion words and affective phrasing such as 'it crushed me,' 'felt a lot of anger,' 'I don't know how to handle this,' and 'I'm worried that seeing her could open a whole can of worms I'm not ready for,' all of which name internal emotional states (E=1)."
rd_ahqeh,reddit,relationship_advice,951,1,1,"The author is describing their own social and romantic life (P=1), and the message contains multiple explicit emotion words and affective phrases naming internal states: 'feel like a fuckup,' 'it really hurts,' 'terrifying,' 'I feel like I will never get anything in life,' 'it disturbs me,' making E=1."
rd_ak22s,reddit,relationship_advice,996,1,1,"The author describes their own life experiences and feelings about a long-term friendship, and uses clear affective language such as 'this has really eaten me up lately,' 'I feel like I wasted my teenage years,' 'haunts me,' and 'I need to get this off my mind,' all of which name internal emotional states."
rd_acs8n,reddit,relationship_advice,375,1,1,"The author is the subject describing their own relationship situation (P=1), and uses explicit emotional/affective language including 'really falling apart,' 'been up all night,' and 'I chicken out' combined with 'I feel like I need to get this resolved,' signaling a clear internal distressed state (E=1)."
rd_9tq0u,reddit,relationship_advice,162,1,1,"The author describes their own long-term relationship situation (P=1) and uses explicit emotion words and affective phrasing — 'terrified,' 'toeing a very fine line,' 'feel this out' — that name an internal emotional state (E=1)."
rd_ajsst,reddit,relationship_advice,284,1,1,"The author is the subject describing a romantic situation (life domain: relationships), and uses clear affective phrasing such as 'I find myself falling for my friend' and 'I'm completely stunned by her,' which name internal emotional states."
rd_a022f,reddit,relationship_advice,699,1,1,"The author describes their own romantic relationship struggles (P=1) and uses explicit emotional language including 'tore me apart,' 'depressing,' 'hopeless,' and 'feel hopeful,' naming clear internal states (E=1)."
rd_arb6o,reddit,relationship_advice,356,1,1,"The author is the subject describing their own relationship and emotional state, and uses explicit affective phrases like 'it has been torture for me,' 'making me lose my shit,' 'going crazy,' 'very painful,' and 'feel neglected and incredibly disrespected,' all of which name internal emotional states."
rd_anv6u,reddit,relationship_advice,511,1,1,"The author is the subject describing their own romantic relationship and emotional struggles, and the message contains explicit emotional language including 'panic,' 'grieved,' 'seriously grieve,' and 'I really love this girl,' all naming internal states."
rd_ao33c,reddit,relationship_advice,200,1,1,"The author is describing their own relationship situation (P=1) and uses explicit affective phrasing — 'at a loss,' 'Am I overreacting?' — that names an internal state of confusion and distress (E=1)."
rd_9ifu6,reddit,relationship_advice,131,1,1,"The author is the subject describing a personal social/relationship situation (P=1), and uses explicit affective phrasing 'HELP!' plus 'I'm in the shape I'm in' conveying distress, along with the overall plea indicating a named internal state of being stuck or lost (E=1)."
rd_9uay9,reddit,relationship_advice,181,1,1,"The author is describing their own emotional state regarding a past relationship and explicitly uses affective phrasing ('I really doubt this is healthy,' 'it sucks,' 'can't read RA without wanting to warn') that names an internal state of unresolved negative feeling toward an ex."
rd_aqjic,reddit,relationship_advice,125,1,1,"The author describes their own relationship situation (P=1) and uses explicit emotional language including 'infuriates me,' 'I just hate hurting people,' and 'hard to feel sorry for me,' which name internal emotional states (E=1)."
rd_au73f,reddit,relationship_advice,474,1,1,"The author is the subject describing a personal relationship conflict (P=1), and uses explicit affective phrasing such as 'I don't know what to do,' 'it bothers me,' 'I was pissed,' and 'HELP!!' that name internal emotional states (E=1)."
rd_apy3o,reddit,relationship_advice,161,1,0,"The author is the subject describing a personal romantic/social situation (P=1), but the tone is entirely deliberative and problem-solving with no explicit emotion words or affective phrasing (E=0)."
rd_9zm80,reddit,relationship_advice,176,1,1,"The author is the subject describing a personal romantic situation (life domain: relationships), and the disclaimer 'I wouldn't be able to submit this any other way' combined with 'I was pretty nervous' constitutes explicit affective language naming an internal state."
rd_a4o9c,reddit,relationship_advice,639,1,1,"The author is describing their own relationship situation (P=1) and explicitly uses emotion words like 'angry,' 'pretty hurt,' and 'extremely confused' to name their internal state (E=1)."
rd_9wgsb,reddit,relationship_advice,343,1,1,"The author describes his own romantic situation (P=1) and uses explicit emotional language such as 'miss her,' 'pissed with myself,' 'fear of getting rebuffed,' and 'I've thought about her every day,' which are clear affective expressions naming internal states (E=1)."
rd_9jnl5,reddit,relationship_advice,68,0,0,"The author is organizing a community thread and soliciting others' advice, not describing their own personal life or situation, so P=0; the tone is neutral and task-oriented with no emotional language, so E=0."
rd_9t6cj,reddit,relationship_advice,136,1,1,"The author explicitly states 'I really love this girl,' 'I don't want to lose her,' and 'I want her and only her,' all of which are explicit emotion words and affective phrasing naming internal states, while the topic (romantic relationship and repeated breakups) is clearly a personal life domain."
rd_adi4g,reddit,relationship_advice,288,1,1,"The author describes their own health struggle with alcohol and relationships (P=1), and uses explicit emotional language including 'so embarrassed,' 'so sick and tired,' and describes feeling shame about their situation (E=1)."
rd_al8ez,reddit,relationship_advice,181,1,0,"The author describes their own relationship situation and mentions being 'hard on me' and cheating, but the language remains deliberative and question-oriented without explicit emotion words or clear affective phrasing naming an internal state."
rd_9zkct,reddit,relationship_advice,249,1,0,"The author is the subject describing her own relationship situation (a clear life-domain topic), but the language throughout is analytical and deliberative rather than containing explicit emotion words or clear affective phrasing naming an internal state."
rd_9tb2t,reddit,relationship_advice,195,1,1,"The author is the subject describing their own years-long romantic obsession (life domain: feelings/relationships), and uses explicit emotional language ('felt this way,' 'obsessed,' 'feel some relief') naming internal states."
rd_ailpd,reddit,relationship_advice,337,1,0,"The author is describing their own dating life and relationship situation (P=1), but the tone is deliberative and analytical throughout, with no explicit emotion words or clear affective phrasing — 'I'm starting to feel that I must be doing something wrong' describes a logical inference rather than an emotional state (E=0)."
rd_a9o1x,reddit,relationship_advice,719,1,1,"The author is describing their own romantic situation (P=1) and uses clear affective phrasing such as 'hating myself,' 'kills me,' 'eating me from the inside,' and 'does not feel good,' which explicitly name internal emotional states (E=1)."
rd_a4de4,reddit,relationship_advice,583,1,1,"The author is the subject describing their own romantic relationship (a life domain), and the post contains explicit emotional language including 'I do love him,' 'not exactly thrilled,' and 'it would be very hard for me to break up with him,' which name internal emotional states."
rd_ahvyn,reddit,relationship_advice,139,1,1,"The author is the subject describing their own relationship and trust issues (P=1), and explicitly names an emotional state with 'I can't get over this feeling of mis-trust' and 'I've tried,' constituting clear affective phrasing (E=1)."
rd_a7w7c,reddit,relationship_advice,504,1,1,"The author describes their own relationship situation (P=1) and uses explicit emotion words and affective phrases such as 'This destroyed me,' 'I felt dead inside,' 'I felt really hurt,' 'I just can't get over it,' and 'I can't help but continually feel awkward,' all of which name internal emotional states (E=1)."
rd_9osxs,reddit,relationship_advice,194,1,0,"The author is the subject describing their own romantic situation (a life domain), but the tone is entirely narrative and deliberative with no explicit emotion words or affective phrasing — 'Sucks, right?' is a mild rhetorical aside that does not name an internal emotional state."
rd_9wcpa,reddit,relationship_advice,653,1,1,"The author describes their own romantic situation (P=1) and uses clear affective phrasing such as 'driving me crazy' and 'don't know what to do,' which name an internal emotional state (E=1)."
rd_aueet,reddit,relationship_advice,229,1,0,"The author is the subject describing their own social/romantic situation (a life domain), but the language is observational and analytical throughout with no explicit emotion words or affective phrasing."
rd_9v6ao,reddit,relationship_advice,139,1,1,"The author describes their own relationship and decision-making struggle (P=1), and uses explicit emotional language including 'feeling bad,' 'angry,' and 'don't know what to do' equivalents like 'WTF is wrong with me' that name an internal state (E=1)."
rd_ampjt,reddit,relationship_advice,524,1,1,"The author is the subject describing their own 5-year relationship and caretaking burden, and uses explicit emotional language ('really fed up,' 'I'm tired, really tired,' 'I feel like') that names internal states rather than merely describing behavior."
rd_au1xh,reddit,relationship_advice,287,1,0,"The author is describing their own appearance, romantic history, and confidence issues (life domain: relationships/identity), but the language is deliberative and trait-descriptive rather than containing explicit emotion words or clear affective phrasing naming an internal state."
rd_abrnc,reddit,relationship_advice,212,1,0,"The author is the subject describing a personal relationship situation (life domain: relationships), but the language is narrative and deliberative with no explicit emotion words or affective phrasing — only a measured account of events and a request for advice."
rd_9w89a,reddit,relationship_advice,94,1,0,"The author is the subject describing their own relationship (P=1), but the tone is purely deliberative and request-oriented with no explicit emotion words or affective phrasing (E=0)."
rd_ams1o,reddit,relationship_advice,191,1,1,"The author describes their own relationship situation (P=1) and explicitly uses emotion words 'freaked me out,' 'insecure,' 'paranoid,' and 'uncomfortable' to name their internal emotional states (E=1)."
rd_aedib,reddit,relationship_advice,174,1,1,"The author is the subject describing their divorce, health, and emotional recovery (a life-domain topic), and uses explicit affective language such as 'lonesome,' 'not really angry or hurt,' and 'how to let yourself actually invest time/emotion,' which names internal emotional states."
rd_a5wdg,reddit,relationship_advice,267,1,1,"The author describes their own relationship and post-breakup situation (P=1), and uses explicit affective phrasing such as 'eating me up inside' and 'I probably shouldn't care, but unfortunately I do,' which name internal emotional states (E=1)."
rd_aech2,reddit,relationship_advice,333,1,0,"The author describes their own romantic situation and relationship history (a life domain), but the language throughout is deliberative and analytical rather than expressing explicit emotion words or clear affective phrasing — ':P' and 'words of advice would be nice' are casual/polite, not emotional markers."
rd_a4hfj,reddit,relationship_advice,396,1,1,"The author is the subject describing a relationship problem (P=1), and the message contains multiple explicit emotion words and affective phrases such as 'I hate being here,' 'so sad and disappointed,' 'tired of it,' and '*cries*' that clearly name internal emotional states (E=1)."
rd_a20ea,reddit,relationship_advice,140,1,0,"The author is the subject describing a personal social interaction (relationships/identity domain), but the language is narrative and analytical — the blushing and forgetting are behavioral/physical descriptions, not named emotional states, so E=0 per Rule 3 and the behavioral description guidance."
rd_arsuo,reddit,relationship_advice,141,1,0,"The author is describing their own romantic breakup and social situation (P=1), but the language is narrative and deliberative throughout with no explicit emotion words or clear affective phrasing — 'completely unsure' describes uncertainty about a course of action, not a named internal emotional state (E=0)."
rd_9onfp,reddit,relationship_advice,100,1,1,The author is describing their own romantic/social life (P=1) and uses explicit affective language — 'gets me so riled up' — to name an internal emotional state (E=1).
rd_aa6di,reddit,relationship_advice,687,1,1,"The author is describing their own romantic relationship, living situation, and personal struggles (P=1), and uses clear affective phrasing like 'I just don't know what to do' and 'I fell hard, way too hard way too fast,' along with 'FML,' signaling an explicit emotional state (E=1)."
rd_a9dfm,reddit,relationship_advice,272,1,0,"The author describes their own relationship history, sexual experiences, and desire for a committed relationship (life domain: relationships/identity), but the language is measured and analytical throughout — 'frustrating' refers to the girlfriend's state, not the author's, and 'struggling to keep up in life's race' is a deliberative observation rather than a named emotional state (Rule 3)."
rd_9ll3b,reddit,relationship_advice,413,1,1,"The author is the subject describing her own post-breakup friendship situation (P=1), and she uses explicit emotion words like 'devastated,' 'happy,' and 'lonely' to name her internal states (E=1)."
rd_ancnh,reddit,relationship_advice,41,0,0,"The author is asking a factual/informational question about flower symbolism and etiquette, not describing a personal life situation, so P=0; the tone is neutral and curious with no emotional language, so E=0."
rd_9i579,reddit,relationship_advice,74,1,1,"The author is the subject describing their own relationship situation (P=1), and the phrase 'I don't want to blow it' combined with 'this one's really special' expresses a clear affective state of caring investment and anxiety about losing the relationship (E=1)."
rd_9mk9e,reddit,relationship_advice,174,1,1,The author describes their own relationship pattern and explicitly states they feel 'too scared or paranoid' — clear affective phrasing naming an internal emotional state.
rd_9pcrq,reddit,relationship_advice,340,1,1,"The author is the subject describing their own relationship and career decision (P=1), and uses explicit emotional language including 'excited,' 'depressed,' and 'worried' to name their internal states (E=1)."
rd_agr32,reddit,relationship_advice,96,1,0,"The author is the subject discussing their own romantic history and identity (P=1), but the tone is measured and analytical with no explicit emotion words or affective phrasing (E=0)."
rd_9q3pn,reddit,relationship_advice,130,1,1,"The author describes their own situation (stuck at home, isolated) in a life domain (social connection/loneliness) and uses explicit affective phrasing like 'I am stuck' and 'WHAT THE FUCK' alongside repeated frustrated outbursts that clearly name an internal state of frustration and desperation for company."
rd_ap5tb,reddit,relationship_advice,217,1,1,"The author describes their own relationship and explicitly states they are 'physically and mentally drained,' which is clear affective phrasing naming an internal state, and the topic is firmly in the relationships/health life domain."
rd_ajilq,reddit,relationship_advice,525,1,1,"The author describes their own relationship, burnout, panic attacks, and depression using explicit emotional language ('killing me,' 'depressed,' 'feel alone and disconnected,' 'never stopped thinking of her'), satisfying both P=1 and E=1."
rd_au76m,reddit,relationship_advice,193,1,1,"The author is describing their own relationship situation (personal life domain, P=1), and uses the explicit affect word 'tetchy' to name their internal emotional state (E=1)."
rd_aevmi,reddit,relationship_advice,146,1,1,"The author is the subject describing a personal health/relationship issue, and 'I don't know what is causing it or what to do' is clear affective phrasing signaling an uncertain, distressed internal state."
rd_9jcns,reddit,relationship_advice,75,1,1,"The author describes their own romantic situation (P=1) and uses explicit affective language including 'huge crush,' 'afraid,' and 'stuck in the dreaded friend zone,' which name internal emotional states (E=1)."
rd_a3n9i,reddit,relationship_advice,429,1,1,"The author describes their own relationship situation (P=1) and uses explicit affective language — 'feel a bit trapped,' 'I'm not in love with her any more,' and 'afraid' — that names internal emotional states (E=1)."
rd_a3egu,reddit,relationship_advice,80,1,0,"The author is describing their own romantic situation (a life domain), but the language is analytical and deliberative throughout, with no explicit emotion words or affective phrasing naming an internal state."
rd_aeurl,reddit,relationship_advice,330,1,1,"The author is the subject describing her own relationship problem (P=1), and she explicitly states she gets 'completely upset' and identifies herself as 'super emotional,' which are clear affective phrasings naming her internal state (E=1)."
rd_a8ha6,reddit,relationship_advice,131,1,1,"The author is the subject describing their own grief upon learning of a lost love's death, and the message contains explicit emotional language ('my dead Love', 'thinking of you') and clear affective phrasing expressing a deeply felt internal state of mourning."
rd_abcog,reddit,relationship_advice,410,1,0,"The author describes his own romantic situation (P=1), but the tone throughout is measured and deliberative — phrases like 'tough man,' 'good control over my emotions,' and 'reluctant' describe traits or attitudes rather than naming an acute emotional state, so E=0 per Rule 3."
rd_9vjap,reddit,relationship_advice,241,1,1,"The author is describing their own relationship situation (P=1) and explicitly expresses emotional states including being 'nauseated,' wanting 'to vomit,' and general distress signaled by 'GodDAMNit, I hate the internet,' all of which name or strongly convey internal affective states (E=1)."
rd_acm70,reddit,relationship_advice,277,1,0,"The author is the subject describing a personal social/romantic situation (life domain: relationships), but the language throughout is deliberative and strategic with no explicit emotion words or affective phrasing naming an internal state."
rd_9003z,reddit,relationship_advice,90,1,1,The author describes their own breakup (P=1) and uses explicit emotional language — 'feel so lost and confused' — naming internal states (E=1).
rd_aqwix,reddit,relationship_advice,298,1,1,"The author is the subject describing a significant relationship and sexual intimacy issue (P=1), and uses explicit emotional language including 'driving me insane,' 'pulling my hair out,' 'furious and fed up,' and 'can't take it anymore' (E=1)."
rd_ald41,reddit,relationship_advice,186,1,0,"The author is the subject describing their own romantic situation (a personal life domain), but the language is deliberative and analytical throughout — 'it's a shame' and 'I really like the girl' are mild expressions without explicit emotion words or clear affective phrasing that name an internal emotional state, so E=0 per Rule 3."
rd_9n0kq,reddit,relationship_advice,357,1,0,"The author is clearly the subject describing a significant personal relationship situation (P=1), but the language throughout is measured and deliberative — confessing wrongdoing analytically and seeking practical advice — with no explicit emotion words or clear affective phrasing that names an internal emotional state (E=0)."
rd_ajn4z,reddit,relationship_advice,356,1,1,"The author describes her own relationship situation (P=1) and uses affective phrasing like 'a lot of misery and hardship,' 'the more I wish,' and 'Am I just being a dumb girl here?' that name internal emotional states (E=1)."
rd_abq08,reddit,relationship_advice,328,1,1,"The author describes their own relationship situation (P=1) and uses explicit emotional language — 'made me feel terrible,' 'embarrassed,' and 'insulting' — naming internal states (E=1)."
rd_an01s,reddit,relationship_advice,216,1,1,"The author describes their own relationship struggles (P=1) and uses clear affective phrasing such as 'I couldn't handle it anymore' and 'it actually hurt,' which name internal emotional states (E=1)."
rd_asaf9,reddit,relationship_advice,384,1,1,"The author explicitly names internal states ('I'm sick of wasting my life on this bullshit,' 'afraid of falling back into bad habits,' 'it sucked and ruined my summer') while describing their own ongoing post-breakup relationship situation, satisfying both P=1 and E=1."
rd_anw3f,reddit,relationship_advice,326,1,1,"The author describes their own relationship breakdown and explicitly uses emotion words and affective phrasing ('HORRIBLE day,' 'not thinking straight,' 'frustrating beyond description,' 'extraordinarily lonely,' 'makes me feel ill,' 'still love this man with all my heart'), meeting both P=1 and E=1 thresholds."
rd_ahrwt,reddit,relationship_advice,117,0,0,"The author is soliciting opinions from other Reddit users about a product (Cartier Love Bracelet), not describing their own life situation or a personal decision they face, so P=0; the phrase 'incredibly romantic' is a product evaluation, not an explicit emotion word referring to the author's internal state, so E=0."
rd_atprl,reddit,relationship_advice,327,1,1,"The author describes their own romantic and social life (P=1) and uses explicit emotional language including 'angsty,' 'depression,' 'restlessness,' and 'very afraid,' which are clear emotion words naming internal states (E=1)."
rd_aul8k,reddit,relationship_advice,147,1,1,"The post is about the author's own romantic regret (personal life domain, P=1) and contains explicit emotion words and affective phrasing such as 'regret,' 'I can't get it out of my head,' and 'It's all I think about,' which name internal emotional states (E=1)."
rd_9y3tk,reddit,relationship_advice,932,1,1,"The author is the subject describing their own long-term relationship and family conflict (life domain), and uses explicit affective phrasing such as 'I am tired of this shit' and 'stresses me out a lot,' which name internal emotional states."
rd_a6avn,reddit,relationship_advice,194,1,1,"The author describes his own romantic situation (P=1) and explicitly uses emotional language — 'I'm afraid,' 'sad and lonely,' and 'it's all confusing' — naming internal emotional states (E=1)."
rd_9puk9,reddit,relationship_advice,423,1,1,"The author is describing their own romantic relationship and emotional recovery (life domain), and the message contains explicit emotion words such as 'hate,' 'tense,' 'blood boiling,' 'depression,' and clear affective phrasing like 'I hate being so fucking tense all the time.'"
rd_a7l65,reddit,relationship_advice,227,1,0,"The author is the subject describing a personal romantic/relationship situation (P=1), but the tone is deliberative and strategic throughout with no explicit emotion words or affective phrasing (E=0)."
rd_8xf0j,reddit,relationship_advice,171,1,0,"The author is the subject describing their own three-year online relationship and a trust/deception problem (a life domain), but the language throughout is deliberative and analytical rather than expressing explicit emotion words or clear affective phrasing."
rd_alg3r,reddit,relationship_advice,167,1,1,"The author is the subject describing their own long-term relationship (life domain) and explicitly names emotional states: 'confused,' 'upset,' and 'breaks my heart.'"
rd_alb5j,reddit,relationship_advice,135,1,1,"The author is describing his own marriage breakdown (P=1) and explicitly uses 'absolutely devastated' and 'I need help,' which are clear emotional/affective expressions (E=1)."
rd_9wa4c,reddit,relationship_advice,980,1,1,"The author is the subject describing their own long-term relationship and commitment dilemma (P=1), and uses explicit emotional language such as 'I feel like I am basically being pressured,' 'I cannot take it anymore,' 'frankly surprised,' and 'Sad, but true,' which name internal emotional states (E=1)."
rd_a9s5o,reddit,relationship_advice,298,1,1,The author is describing their own relationship situation (P=1) and uses explicit affective phrasing like 'I can't win!' and 'What the hell can I do?' that signal frustration and a named internal state of helplessness (E=1).
rd_anppe,reddit,relationship_advice,557,1,1,"The author is the subject describing a serious life situation (relationship betrayal, unplanned pregnancy, co-parenting concerns), and uses explicit affective phrasing such as 'completely at a loss,' 'I can't sleep for thinking,' and 'anger and disgust,' which name internal emotional states."
rd_9qr61,reddit,relationship_advice,146,1,0,"The author is describing their own relationship situation (P=1), but the language is deliberative and practical with no explicit emotion words or clear affective phrasing naming an internal state (E=0)."
rd_aa3ma,reddit,relationship_advice,265,1,1,"The author is the subject describing a major life decision (having children) in a life domain, and uses affective phrasing such as 'I'm feeling the touch of age and tiredness' and concern about 'regretfully of a life missed,' which name an internal emotional state."
rd_9mfnk,reddit,relationship_advice,162,1,0,"The author is the subject describing their own relationship and anniversary gift dilemma (a life domain), but the language is deliberative and task-oriented with no explicit emotion words or affective phrasing beyond the casual 'Help Me!' closing."
rd_agmsy,reddit,relationship_advice,383,1,1,"The author describes her own pregnancy, family conflict, and major life decision (P=1), and explicitly states 'I feel like everyone is telling me I'm ruining my life and I don't know what to do,' which is clear affective phrasing naming an internal state of distress (E=1)."
rd_9yfdd,reddit,relationship_advice,353,1,1,"The author describes their own first relationship and uses clear affective phrasing ('this really made me uncomfortable,' 'unsettled me,' 'worried about') that explicitly names internal emotional states, satisfying both P=1 and E=1 conditions."
rd_ahm6n,reddit,relationship_advice,687,1,1,"The author describes his own relationship history and life decisions (P=1) and explicitly names emotional states such as being 'scared' of living alone and finding the prospect of not having kids 'disappointing,' qualifying as clear affective language (E=1)."
rd_aqapm,reddit,relationship_advice,280,1,1,"The author is describing her own marriage and relationship concerns (P=1), and uses explicit emotional language including 'I really worried,' 'should I be hurt,' and expresses distress about the situation, constituting clear affective phrasing (E=1)."
rd_as4wh,reddit,relationship_advice,70,1,1,"The author describes their own breakup (P=1) and uses explicit affective phrasing 'I'm really kind of lost' and 'It feels like I have to start all over again,' which name internal emotional states (E=1)."
rd_au1v5,reddit,relationship_advice,228,1,1,"The author describes her own relationship situation (P=1) and uses explicit affective phrasing — 'completely weirded out,' 'feeling like something is off,' and seeking support that she's 'not crazy' — which name internal emotional states (E=1)."
rd_aqxuv,reddit,relationship_advice,270,1,1,"The author is describing her own social/relationship situation (P=1), and uses the explicit emotion word 'frustrating' to name her internal state (E=1)."
rd_a2nvs,reddit,relationship_advice,85,1,1,The author describes their own relationship situation (P=1) and uses explicit emotional language — 'feel a little heartbroken' and 'feel like I'm really missing out' — naming internal affective states (E=1).
rd_anpqk,reddit,relationship_advice,299,1,1,"The author is the subject describing their own marriage and infidelity situation (P=1), and explicitly uses emotion words 'extremely frustrated' and references his own emotional state throughout (E=1)."
rd_9q4fh,reddit,relationship_advice,39,1,1,"The author describes their own social attempts and explicitly uses the word 'desperate' to name their internal state, satisfying both P=1 (personal social situation) and E=1 (explicit affective word)."
rd_absiu,reddit,relationship_advice,177,1,1,"The author is the subject describing their own romantic situation (personal life domain), and they explicitly use emotion words ('jealous,' 'tired,' 'hurt,' 'annoyed') to name their internal states, satisfying E=1."
rd_ao7y6,reddit,relationship_advice,243,1,1,"The author describes their own relationships and emotional patterns using affective phrasing like 'am I doomed to a life of heartbreak' and 'I fall hard,' which name internal emotional states rather than merely describing observable behavior."
rd_abgj8,reddit,relationship_advice,201,1,0,"The author is the subject describing a personal relationship situation (P=1), but the language throughout is measured and analytical with no explicit emotion words or affective phrasing (E=0)."
rd_8u1vm,reddit,relationship_advice,374,1,1,"The author describes his own relationship and future plans (P=1), and uses clear affective language expressing internal states: 'in love,' 'really looking forward to the future with her,' and 'get the feeling that she is someone I want to get old with,' which signal named emotional states beyond neutral description (E=1)."
rd_af1dl,reddit,relationship_advice,58,1,1,"The author describes their own romantic situation (P=1) and uses 'I don't know how I can go after that' as clear affective phrasing signaling an internal state of uncertainty/distress, plus 'I would really like a relationship' expressing desire (E=1)."
rd_a01g3,reddit,relationship_advice,828,1,1,"The author describes her own romantic situation (P=1) and uses explicit emotional language throughout — 'sad and listless,' 'tearing me up inside,' 'strikes terror deep into the pit of my stomach,' 'deeply in love,' 'emotional pain' — clearly marking E=1."
rd_a95n1,reddit,relationship_advice,190,1,1,"The author describes their own situation in a life/identity domain and explicitly states 'I'm nervous as hell,' which is a clear emotion word referring to their own internal state."
rd_93iwv,reddit,relationship_advice,944,1,0,"The post is about the author's own romantic situation (P=1), but the language throughout is narrative and deliberative rather than expressing explicit emotion words or clear affective phrasing — 'can't get her off my mind' describes a behavioral/cognitive state but does not name an internal emotional state explicitly enough to meet the strict E=1 threshold."
rd_9mqgs,reddit,relationship_advice,488,1,1,"The author describes their own long-term loneliness, relationship failures, and explicitly names losing 'all self-confidence and self-esteem,' depression, and 'hopelessness,' which are clear emotion/internal-state words meeting the E=1 threshold."
rd_a24hy,reddit,relationship_advice,281,1,0,"The author is the subject describing their own attraction and situation (personal life domain — relationships/identity), but the language remains curious and deliberative with no explicit emotion words or clear affective phrasing naming an internal emotional state."
rd_9z058,reddit,relationship_advice,525,1,1,The author describes his own relationship situation (P=1) and uses explicit affective language — 'really worries me' — naming an internal emotional state (E=1).
rd_9uuza,reddit,relationship_advice,184,1,1,"The author is describing their own romantic situation (P=1) and uses explicit emotional language including 'emotionally drained,' 'hate myself,' and 'unsure,' which name internal affective states (E=1)."
rd_9io5g,reddit,relationship_advice,103,0,0,"The author frames the question as a general advice question on behalf of themselves and others ('a few other people I've been reading'), making it more of a general relationship/social question than a personal situation the author is actively experiencing, and the language is deliberative and neutral with no explicit emotion words or affective phrasing."
rd_9uwvz,reddit,relationship_advice,32,1,0,"The author is the subject describing a personal social/relationship situation (P=1), but the language is deliberative and curious with no explicit emotion words or affective phrasing (E=0)."
rd_armva,reddit,relationship_advice,87,1,1,"The author is the subject describing a recent breakup (life domain: relationships) and explicitly uses emotion words and affective phrasing: 'a hard time keeping my emotions in check,' 'feeling emotionally broken,' and 'I still love this girl,' all of which name internal states."
rd_atco4,reddit,relationship_advice,75,1,0,"The author describes their own relationship and self-esteem issues (personal life domain, P=1), but the language is analytical and deliberative with no explicit emotion words or clear affective phrasing (E=0)."
rd_9l6tf,reddit,relationship_advice,384,1,1,The author describes their own relationship situation (P=1) and explicitly names jealousy ('I can't help but feel a little jealous') as their internal emotional state (E=1).
rd_alypp,reddit,relationship_advice,266,1,1,"The author is the subject describing their own romantic situation (P=1), and uses explicit affective phrases like 'miss the crap out of my ex,' 'feel uncommitted,' and 'I feel psychotic because of this,' which name internal emotional states (E=1)."
rd_a93rb,reddit,relationship_advice,281,1,0,"The author describes their own dating situation (a life domain — relationships), but the language is deliberative and analytical throughout, with no explicit emotion words or affective phrasing that names an internal state."
rd_9jtvz,reddit,relationship_advice,991,1,1,"The author is the subject describing their own complex romantic and social situation (life domain: relationships), and uses explicit emotional language throughout — 'completely destroyed me,' 'feel completely miserable,' 'I feel worse,' 'scared shitless,' 'I hate to do this,' 'I still feel like absolute shit' — clearly naming internal emotional states."
rd_ano1x,reddit,relationship_advice,122,0,0,"The author is primarily asking a general sociological/advice question about chaperoning trends (not describing their own life situation in a life-domain sense), and the brief personal anecdote is ancillary and expressed in neutral, deliberative language with no explicit emotion words or affective phrasing."
rd_abjms,reddit,relationship_advice,385,1,1,"The author describes her own relationship and family conflict (P=1), and uses explicit emotional language including 'constantly second-guess,' 'I'm also afraid,' and 'feeling really torn' that name internal states (E=1)."
rd_anr6k,reddit,relationship_advice,596,1,1,"The author describes their own long-distance romantic relationship and uses clear affective phrasing ('infatuated with each other,' 'pretty upsetting,' 'I did care an awful lot') that explicitly names internal emotional states."
rd_9nyzx,reddit,relationship_advice,310,1,1,"The author is describing their own romantic situation (life domain: relationships) and explicitly names an internal emotional state with 'I'm a little hurt by this,' satisfying both P=1 and E=1."
rd_9o5my,reddit,relationship_advice,237,1,1,"The author is the subject describing a personal health and self-esteem issue (P=1), and explicitly names emotional states including 'anxieties,' 'self-esteem issues,' and 'a difficult thing for me to deal with,' satisfying the E=1 threshold."
rd_ais9v,reddit,relationship_advice,42,1,0,"The author describes their own personality trait and relationship history (P=1), but the language is deliberative and analytical with no explicit emotion words or affective phrasing (E=0)."
rd_a8noy,reddit,relationship_advice,866,1,1,"The author is the subject describing their own intimate relationship and a deeply personal crisis (infidelity), and the message is saturated with explicit emotion words and affective phrasing: 'my heart sunk,' 'I feel like she tore the heart out of my chest,' 'I'm a wreck,' 'seething with rage,' 'feel so violated,' and 'I was almost crying.'"
rd_acbg2,reddit,relationship_advice,314,1,0,"The author is describing their own romantic/social situation (a life domain), but the language is narrative and deliberative throughout with no explicit emotion words or clear affective phrasing naming an internal state."
rd_9qajw,reddit,relationship_advice,383,1,1,"The author is the subject describing their marriage, mental health, and family situation (P=1), and uses explicit affective language such as 'this stress is taking a toll on me' and references to wanting to leave, signaling a named internal state (E=1)."
rd_argbr,reddit,relationship_advice,405,1,1,"The author describes their own life situation across multiple life domains (finances, relationships, identity) and uses clear affective phrasing such as 'my life has been really chaotic,' 'I am in love with them both,' 'I can't think straight,' and 'everything has been so confusing,' which name internal emotional states."
rd_abbwg,reddit,relationship_advice,162,1,0,"The author is describing their own relationship situation (life domain: relationships), but the tone is deliberative and practical — asking for advice and ground rules — with no explicit emotion words or affective phrasing that names an internal state."
rd_afhj6,reddit,relationship_advice,84,1,1,"The author describes their own relationship and academic crisis, and uses explicit emotional language ('in a pretty bad place,' 'depressed,' 'a lot of trouble focusing') that names internal affective states."
rd_a5lr7,reddit,relationship_advice,23,0,0,"The author is asking for information/recommendations about a book or resource from others, which is a factual/task-oriented request rather than describing their own life situation in a personal domain."
rd_9ta4w,reddit,relationship_advice,330,1,0,"The author describes their own long-term romantic situation (P=1), but the language throughout is narrative and deliberative rather than containing explicit emotion words or clear affective phrasing naming an internal state (E=0)."
rd_aq94e,reddit,relationship_advice,65,1,1,The author describes their own relationship situation (P=1) and uses explicit affective phrasing—'makes me want to just give up and walk away'—signaling an internal emotional state (E=1).
rd_anboz,reddit,relationship_advice,146,1,0,"The post is about the author's own romantic situation (P=1), but the language is deliberative and narrative throughout with no explicit emotion words or clear affective phrasing naming an internal state (E=0)."
rd_atepc,reddit,relationship_advice,329,1,1,"The author is the subject describing a personal romantic situation (life domain: relationships), and uses clear affective phrasing such as 'I have no idea what to do' and 'I'm just afraid to,' which name internal emotional states."
rd_ak457,reddit,relationship_advice,101,1,1,"The author describes their own attraction, relationships, and life situation (P=1), and uses explicit affective language ('very fed up') to name an internal emotional state (E=1)."
rd_9s90g,reddit,relationship_advice,92,1,0,"The author is describing their own sexual/relationship situation (life domain), but the language is factual and deliberative throughout with no explicit emotion words or affective phrasing — Rule 3 applies."
rd_al052,reddit,relationship_advice,63,1,1,"The author is the subject describing a personal romantic situation (P=1), and the exclamatory language ('she's soooo beautiful!!!!') combined with buying coffee just to see someone expresses clear affective infatuation, qualifying as affective phrasing naming an internal state (E=1)."
rd_9z94b,reddit,relationship_advice,84,1,1,"The author describes their own relationship situation and uses 'feel very self conscious,' which is an explicit emotional state word, satisfying both P=1 and E=1."
rd_ar8m6,reddit,relationship_advice,322,1,1,"The author describes their own romantic situation (P=1) and explicitly states they are 'pretty annoyed' and 'confused,' which are named emotional states (E=1)."
rd_aj1rt,reddit,relationship_advice,201,1,0,"The author is the subject describing their own dating/social life (a relationship domain), but the tone throughout is analytical and deliberative with no explicit emotion words or affective phrasing."
rd_au1n9,reddit,relationship_advice,278,1,1,"The author describes their own marriage, divorce, and relationship struggles (P=1), and explicitly uses emotional language: 'hate involuntarily hurting the ones I love' and 'feel helpless to change the situation' (E=1)."
rd_a2nmh,reddit,relationship_advice,297,1,0,"The author describes their own romantic/social history and identity, placing it in a clear life domain (relationships, identity), but the tone throughout is measured and analytical with no explicit emotion words or affective phrasing — 'cripplingly shy' describes a past trait rather than a current named internal state, and 'pretty content' is a mild neutral-positive descriptor, not an affective expression per Rule 3."
rd_a6jhw,reddit,relationship_advice,985,1,1,"The author is describing their own long-distance relationship situation (P=1), and uses explicit affective language such as 'this is really hard on me,' 'I love her very much,' and 'I feel really bad,' which name internal emotional states (E=1)."
rd_aalz5,reddit,relationship_advice,281,1,1,"The author describes her own relationship situation (P=1) and uses clear affective phrasing — 'intrusive thoughts,' 'still bothering me,' and 'a little worried' — that name internal emotional states (E=1)."
rd_a7imb,reddit,relationship_advice,115,1,1,"The author is the subject describing their own feelings and identity (P=1), and the message contains explicit affective phrasing — 'I don't even know what the hell I'm feeling' — which names a confused internal state (E=1)."
rd_9nicx,reddit,relationship_advice,92,1,1,"The author explicitly names emotional states ('fear', 'too painful') and describes their own relationship situation, satisfying both P=1 and E=1 criteria."
rd_9v9x8,reddit,relationship_advice,384,1,1,"The author is describing his own marriage crisis (a clear life-domain topic) and explicitly states 'I love her as much as I did the day I married her' and 'don't want our relationship to end this way,' which are direct expressions of emotional attachment and distress, qualifying as affective phrasing naming an internal state."
rd_9tzj6,reddit,relationship_advice,151,1,0,"The author is the subject describing a personal romantic situation (P=1), but the language is deliberative and strategic with no explicit emotion words or affective phrasing (E=0)."
rd_9jdle,reddit,relationship_advice,823,1,1,"The author describes their own relationship and uses affective phrasing like 'I feel like I'm going to explode,' 'at a loss for ideas,' and 'I can't help but feel,' which explicitly name internal emotional states."
rd_a0oyk,reddit,relationship_advice,198,1,1,"The author describes their own romantic/sexual situation (P=1) and uses explicit emotional language — 'disappointed,' 'worried,' and 'not sure if I can deal with it' — that names internal states (E=1)."
rd_94h0p,reddit,relationship_advice,123,1,0,"The author is describing their own relationship and marriage situation (P=1), but the language is measured and deliberative throughout — no explicit emotion words or clear affective phrasing that names an internal state (E=0), despite the emotionally heavy topic (Rule 3)."
rd_aek0r,reddit,relationship_advice,77,1,0,"The author shares details from their own relationships (P=1), but the tone is curious and conversational with no explicit emotion words or affective phrasing (E=0)."
rd_acn9m,reddit,relationship_advice,126,1,1,"The author is the subject describing a personal relationship/intimacy issue (P=1), and uses explicit emotion words ('feeling pretty unmanly,' 'feels somewhat dejected') and affective phrasing ('feel like the only guy') that name internal emotional states (E=1)."
rd_9udgw,reddit,relationship_advice,125,1,1,"The author is describing their own breakup (P=1) and uses explicit emotion words and affective phrasing such as 'really upset,' 'I hate feeling like this,' signaling a clear internal emotional state (E=1)."
rd_aek5u,reddit,relationship_advice,447,1,1,"The author describes their own relationship and sexual frustration using explicit emotion words and affective phrasing ('thrown off,' 'feel kind of like a heel,' 'pent-up,' 'frustrated,' 'consumed by thoughts,' 'fucking with my confidence') that clearly name internal emotional states."
rd_atxn8,reddit,relationship_advice,134,1,0,"The author is describing her own social/dating situation (a life domain), but the tone is deliberative and analytical with no explicit emotion words or affective phrasing, so E=0."
rd_8z6sx,reddit,relationship_advice,149,1,1,"The author describes their own relationship situation (P=1) and uses explicit affective language — 'bothered,' 'afraid' — naming internal emotional states (E=1)."
rd_9k89j,reddit,relationship_advice,160,1,0,"The author describes their own romantic situation (P=1), but the language is measured and deliberative with no explicit emotion words or clear affective phrasing beyond 'I feel like he was a tad inconsiderate,' which is an evaluative observation rather than a named internal emotional state (E=0)."
rd_akx6w,reddit,relationship_advice,323,1,1,"The author explicitly states 'I really feel uncomfortable,' which is a direct emotion word describing their own internal state, and the topic (relationship concern, jealousy, fear of girlfriend being hurt) falls squarely in the personal life domain."
rd_agyxy,reddit,relationship_advice,106,1,0,"The author describes their own relationship situation (P=1), but the language is deliberative and self-analytical — 'woohoo' is a mild interjection and 'obsessing/being too needy' is a trait description rather than an explicit emotion word or clear affective phrasing naming an acute internal state (E=0, Rule 3)."
rd_9ipfp,reddit,relationship_advice,236,1,0,"The author is the subject describing a real social situation (talking to a girl after class), which falls in the relationships life domain, but the language is entirely analytical and logistical with no explicit emotion words or affective phrasing."
rd_9u8y4,reddit,relationship_advice,905,1,1,"The author describes their own relationship breakdown in a life domain (relationships) and uses explicit emotional language including 'devastating,' 'I'm a wreck,' 'burst into tears,' 'panic attacks,' and 'I really need someone to talk to right now,' all of which name internal states and qualify as clear affective phrasing."
rd_9jsgc,reddit,relationship_advice,489,1,1,"The author is the subject describing her own romantic and sexual relationship (P=1), and uses explicit affective phrasing such as 'I'm not happy with my body,' 'I'm annoyed,' 'I don't want to be that crazy girlfriend,' and expresses feeling pushed and misunderstood, constituting clear emotional language (E=1)."
rd_990bl,reddit,relationship_advice,225,1,1,"The author describes her own romantic situation (P=1) and uses explicit affective phrasing such as 'feel too badly,' 'I don't want to hurt his feelings,' and 'Bahhh,' which signal named internal emotional states (E=1)."
rd_a0aj9,reddit,relationship_advice,36,0,0,"The message is a link and summary of third-party advice directed at 'single people of Reddit' — the author is not the subject describing their own life situation, so P=0, and the tone is neutral/advisory with no explicit emotion words, so E=0."
rd_aoc4r,reddit,relationship_advice,91,1,1,"The author is the subject describing their own relationship situation (P=1), and uses the explicit emotion word 'embarrassing' to name an internal state about their own behavior (E=1)."
rd_aahw3,reddit,relationship_advice,194,1,1,"The author is describing her own dating/relationship situation (P=1), and uses explicit emotion words 'embarrassed,' 'nervous,' and 'frustrating' to name her internal states (E=1)."
rd_9ut65,reddit,relationship_advice,135,1,0,"The author is the subject describing a real relationship situation (a life domain), but the language throughout is measured and deliberative with no explicit emotion words or clear affective phrasing naming an internal state."
rd_9x8j5,reddit,relationship_advice,205,1,0,"The author is the subject describing a personal romantic situation (P=1), but the language is deliberative and analytical throughout with no explicit emotion words or clear affective phrasing naming an internal state (E=0); 'pretty confused' is borderline but leans descriptive/cognitive rather than a named emotional state."
rd_aizwm,reddit,relationship_advice,79,1,0,"The author is the subject describing a personal relationship situation (P=1), but the language is measured and narrative with no explicit emotion words or affective phrasing naming an internal state (E=0)."
rd_a93jc,reddit,relationship_advice,193,1,1,"The author describes their own relationship, college situation, and mental state using explicit emotional language ('feel like shit,' 'depressing,' 'don't know anymore'), satisfying both P=1 and E=1."
rd_9tdqj,reddit,relationship_advice,185,1,1,"The author describes his own marriage and sexual relationship (P=1), and uses the explicit affective phrase 'it eats me up inside' to name an internal emotional state (E=1)."
rd_apaqi,reddit,relationship_advice,181,1,0,"The author is the subject describing a personal social situation (approaching a romantic interest), which falls in the relationships domain, but the language is deliberative and advisory-seeking with no explicit emotion words or affective phrasing."
rd_9oefw,reddit,relationship_advice,339,1,1,"The author describes their own romantic relationship (P=1) and uses explicit affective phrasing such as 'kinda stressed out right now,' 'I don't know what to do,' and 'feels like I'm losing her,' which name internal emotional states (E=1)."
rd_aljf3,reddit,relationship_advice,31,1,1,"The author describes their own social difficulties (life domain) and explicitly names an internal emotional state ('too nervous') plus affective phrasing ('don't know what to say'), making both P=1 and E=1."
rd_adt3q,reddit,relationship_advice,200,1,1,The author describes their own life situation (P=1) and explicitly names an emotional state — 'feel really fucking lonely' — which is a clear emotion word (E=1).
rd_ae1x9,reddit,relationship_advice,311,1,1,"The author describes her own romantic situation (P=1) and uses explicit affective language — 'crazy about him,' 'I don't know what to do,' and 'uncertain' — naming internal emotional states (E=1)."
rd_a8l9h,reddit,relationship_advice,369,1,1,"The author describes their own relationship situation (P=1) and explicitly uses emotion words like 'incredibly depressed,' 'guilty,' 'afraid,' and 'worried' to name their internal states (E=1)."
rd_9v0h9,reddit,relationship_advice,702,1,1,"The author is describing their own long-distance relationship, fears about their girlfriend's motivations, and personal backstory with money, and uses explicit emotional language such as 'it's bugging me,' 'it worries me,' and 'money in relationships is a touchy issue for me,' which are clear affective phrasings naming internal states."
rd_any9p,reddit,relationship_advice,325,1,1,"The author describes their own romantic situation (a clear life-domain topic) and uses explicit affective language: 'I'm nuts about this girl,' 'I was obviously crushed,' signaling named internal emotional states that warrant E=1."
rd_a4uoh,reddit,relationship_advice,392,1,1,"The author is describing their own romantic/friendship situation and uses clear affective phrasing ('the feeling of the other can not revert in an instant,' the rant framing, and the implied personal hurt from the chat log), signaling an internal emotional state beyond neutral deliberation."
rd_9rhz0,reddit,relationship_advice,163,1,0,"The author is describing his own health, relationship, and sexual performance situation (life domains), but the language is matter-of-fact and deliberative throughout with no explicit emotion words or clear affective phrasing naming an internal emotional state."
rd_9lp7v,reddit,relationship_advice,162,1,0,"The author is describing their own relationship history and asking for dating advice (a life domain topic), but the language is analytical and deliberative with no explicit emotion words or clear affective phrasing beyond mild self-criticism ('that was a shitty way of doing things'), which doesn't name an internal emotional state."
rd_atksj,reddit,relationship_advice,200,1,0,"The author is the subject describing a personal life domain (relationships, identity, sexual inexperience), but the language remains deliberative and analytical throughout — 'a bit concerned' is mild and the overall tone is measured inquiry, not explicit emotional distress, so E=0 per Rule 3."
rd_airy3,reddit,relationship_advice,93,0,0,"The author is discussing a third party's romantic situation and seeking advice about someone else's relationship, not their own life domain, so P=0; the language is deliberative and analytical with no explicit emotion words or affective phrasing referring to the author's own internal state, so E=0."
rd_a62o2,reddit,relationship_advice,744,1,1,"The author describes their own long-term friendship situation (a life-domain relationship problem) and uses explicit affective language including 'aggravating,' 'I hated that,' and 'I don't like feeling that way at all,' meeting the E=1 threshold."
rd_a1im9,reddit,relationship_advice,305,1,0,"The author is the subject describing a personal sexual identity and behavioral pattern (P=1), but the language throughout is analytical and narrative rather than expressing explicit emotion words or clear affective phrasing (E=0), per Rule 3."
rd_a5m7t,reddit,relationship_advice,443,1,1,"The author is the subject describing their own relationship breakup and workplace situation (P=1), and the message contains multiple explicit emotion words and affective phrases such as 'tears streaming down my face,' 'I still want to murder him,' 'shaking with rage, holding back tears,' and 'just killing me' (E=1)."
rd_a51xy,reddit,relationship_advice,326,0,0,"The author is describing their female friend's situation and giving third-party advice to men on a dating platform — the author is not the subject of a personal life-domain situation (Rule 1), making this P=0; the tone is advisory and humorous rather than expressing named internal emotional states, so E=0."
rd_a8dlb,reddit,relationship_advice,178,1,1,The author describes their own relationship situation (P=1) and explicitly uses emotional language — 'feeling helpless' and 'agony' — to name their internal state (E=1).
rd_as2ml,reddit,relationship_advice,147,1,1,The author describes their own romantic situation (P=1) and uses the explicit affective phrase 'driving myself crazy' to name an internal emotional state (E=1).
rd_9ia0m,reddit,relationship_advice,97,1,0,"The author is the subject describing their own engagement situation (a life domain: relationships/decisions), but the tone is curious and deliberative rather than expressing explicit emotion words or clear affective phrasing — 'exciting' is a mild adjective about the situation rather than a named internal state of distress or strong affect, and the smiley is a polite casual closing per Rule 2."
rd_aj4i6,reddit,relationship_advice,87,1,0,"The author is the subject seeking advice about their own relationship/behavioral situation (a life domain), but the language is descriptive and deliberative with no explicit emotion words or affective phrasing — Rule 3 applies."
rd_aifs9,reddit,relationship_advice,439,1,1,"The author is the subject describing their own romantic situation (P=1), and the message contains explicit emotion words and affective phrasing such as 'mixed feelings,' 'I was never so confused,' and 'made me insecure' that name internal emotional states (E=1)."
rd_ai2ov,reddit,relationship_advice,163,1,1,"The author describes their own marriage, infidelity, and emotional state using explicit affective language ('I'm tired of living this way') and regret-framing, satisfying both P=1 and E=1."
rd_9m5ww,reddit,relationship_advice,40,0,0,"The author is asking about a third party's behavior and its effect on friendships in general ('your friendships'), not describing their own personal situation or emotional state, so P=0 and the tone is neutral/analytical with no explicit emotion words, so E=0."
rd_9iz94,reddit,relationship_advice,66,1,1,"The author describes their own dating situation (P=1) and uses explicit affective phrasing 'scared Shi$%less and don't know what, when or where' naming a clear internal emotional state (E=1)."
rd_a4pry,reddit,relationship_advice,433,1,1,"The author is the subject describing a personal relationship situation (life domain), and uses explicit emotional/affective language including 'feel really crowded,' 'paranoid,' 'feel very awkward,' and 'don't know what to do' equivalents like 'I just... kinda stopped' combined with uncertainty about her own judgment."
rd_alog4,reddit,relationship_advice,127,1,1,"The author describes her own relationship fears and explicitly names emotional states: 'fear,' 'these emotions I have never had before,' and 'feel this way,' all referring to her internal experience in a personal romantic situation."
rd_a0r55,reddit,relationship_advice,377,1,0,"The author is the subject describing a personal relationship situation (P=1), but the language throughout is deliberative and analytical — listing pros and cons, asking for advice — with no explicit emotion words or clear affective phrasing that names an internal emotional state (E=0)."
rd_9mikt,reddit,relationship_advice,105,1,1,"The author describes their own romantic feelings and uses clear affective phrasing ('intense feelings,' 'really eating me') that names an internal emotional state, satisfying both P=1 and E=1."
rd_9vcxn,reddit,relationship_advice,182,1,1,"The author describes their own romantic situation (P=1) and explicitly names multiple internal emotional states — 'sad,' 'frustrating,' 'fucking scary,' 'giddiness,' and 'excitement' — making E=1."
rd_9rjsg,reddit,relationship_advice,131,1,1,"The author is the subject describing her own relationship and feelings (P=1), and she uses clear affective phrasing — 'I think about it a few times everyday' and 'I am happier with him than I have ever been' — that explicitly names her internal emotional state (E=1)."
rd_anwp7,reddit,relationship_advice,556,1,1,"The author describes her own relationship history, trust issues, and explicitly names emotional states — 'feel pretty worthless,' 'constantly worried,' 'emotions are really overwhelming me,' 'nervous,' 'jealousy' — satisfying both P=1 (personal life domain) and E=1 (explicit emotion words and affective phrasing)."
rd_ate85,reddit,relationship_advice,198,1,1,"The author is describing their own situation (blackout, social consequences) in a relationship/identity domain, and expresses emotional distress through affective phrasing like 'I'm having a hard time processing all of this' and 'I'm not that guy,' which names an internal state of distress and disbelief."
rd_a7d2x,reddit,relationship_advice,98,1,0,"The author is the subject describing their own relationship preferences and experiences (P=1), but the tone is deliberative and analytical with no explicit emotion words or affective phrasing (E=0)."
rd_9op09,reddit,relationship_advice,268,1,1,"The author is the subject describing a personal relationship situation and uses explicit emotional language ('it sucks,' 'I am not over this,' 'I miss this girl,' 'I still feel like this') that clearly names an internal emotional state."
rd_aqwe1,reddit,relationship_advice,185,1,0,"The author is the subject describing their own romantic/sexual situation (life domain: relationships), but the tone is deliberative and analytical throughout with no explicit emotion words or affective phrasing that names an internal state."
rd_9qvcc,reddit,relationship_advice,178,1,1,"The author is the subject describing a personal relationship pattern (P=1), and uses explicit affective phrasing like 'gets hurt and fucked over' and 'can't get out of it' that names an internal state of being emotionally wounded and helpless (E=1)."
rd_arr43,reddit,relationship_advice,415,1,1,"The author is describing their own relationship and breakup (P=1), and explicitly states 'I'm killing myself trying to keep my thoughts straight and my emotions under control,' which is clear affective phrasing naming an internal emotional state (E=1)."
rd_a8495,reddit,relationship_advice,16,0,0,"The message is a brief, neutral meta-comment about advice quality with no personal life domain topic and no emotional language."
rd_9vdbx,reddit,relationship_advice,233,1,0,"The author is the subject describing their own relationship situation (P=1), but the tone is analytical and deliberative throughout with no explicit emotion words or clear affective phrasing — 'I don't want to hurt her' describes a preference/intention rather than naming an internal emotional state (E=0)."
rd_9kd9w,reddit,relationship_advice,630,1,1,"The author is the subject describing their own relationship situation (a life domain), and the post contains clear affective phrasing such as 'I'm in a bit of a pickle' and references to the girl 'crying' while saying 'it's not fair,' plus the author expressing that he doesn't want to mislead her and needs to talk to someone — signaling an emotionally charged internal state beyond neutral deliberation."
rd_a6w2l,reddit,relationship_advice,93,1,1,"The author is the subject describing their own marriage/relationship situation (P=1), and the message contains explicit emotional language including 'I'm still in love with her,' 'I need help,' and 'I'm afraid of the fallout' — all of which name internal emotional states (E=1)."
rd_acg8v,reddit,relationship_advice,445,1,1,"The author describes their own post-breakup dating situation (P=1) and explicitly names emotional states such as 'happy,' 'afraid,' and not wanting to 'come off too emotional or broken hearted,' qualifying as E=1."
rd_9m2id,reddit,relationship_advice,736,1,1,"The author describes their own romantic situation (P=1) and explicitly names emotional states including 'paralyzing fear of rejection,' 'cripplingly shy,' and 'this woman is in my thoughts nearly every day,' which are clear affective phrasings signaling internal states (E=1)."
rd_9i895,reddit,relationship_advice,453,1,1,The author is describing his own relationship situation (P=1) and uses explicit affective phrases like 'it really sucks. Really sucks.' and 'more taxing' indicating a named internal state of distress (E=1).
rd_aidnu,reddit,relationship_advice,469,1,1,"The author is describing their own relationship and life situation (P=1), and uses explicit emotional language including 'plagued me,' 'it rips me up,' 'I love her to death,' and 'I don't want to waste any more time,' which are clear affective phrases naming internal states (E=1)."
rd_abt2u,reddit,relationship_advice,293,1,1,"The author is the subject describing their own relationship and uses explicit affective phrasing such as 'deeply disturbs me,' 'very uncomfortable,' and 'I don't know what to feel/think,' which name internal emotional states."
rd_91yzj,reddit,relationship_advice,747,1,1,"The author describes their own post-breakup relationship situation (P=1) and explicitly names emotional states including being 'confusing and frustrating me,' 'really frustrated,' and 'really angry and frustrated' (E=1)."
rd_au6fy,reddit,relationship_advice,99,1,1,"The author is describing their own relationship situation (P=1) and explicitly states they have 'really been down about it lately' and references feeling 'lonely,' both of which are explicit emotion words naming internal states (E=1)."
rd_9uo37,reddit,relationship_advice,149,1,1,"The author is the subject describing their own relationship and feelings, and uses explicit emotional language ('destroying me', 'I feel bad') naming internal states — E=1."
rd_9qapk,reddit,relationship_advice,104,1,0,"The author is describing his own relationship situation (P=1), but the language is task-oriented and deliberative — seeking planning advice — with no explicit emotion words or clear affective phrasing that names an internal state (E=0)."
rd_a4uk0,reddit,relationship_advice,86,0,0,"The author is asking a general factual/curiosity question about relationship dynamics, not describing their own current relationship situation, so P=0; the tone is analytical and playful with no explicit emotion words or affective phrasing, so E=0."
rd_ao1kn,reddit,relationship_advice,28,1,0,"The author is the subject describing a personal situation (lack of physical intimacy/relationship experience), but the language is neutral and curious with no explicit emotion words or affective phrasing."
rd_a8xa6,reddit,relationship_advice,495,1,0,"The author is describing their own dating profile and experiences (P=1), but the tone is advisory and analytical throughout with no explicit emotion words or affective phrasing (E=0)."
rd_9tda5,reddit,relationship_advice,293,1,1,"The author describes their own dilemma about a close friendship and explicitly uses affective phrasing such as 'I can't find a way out' and 'Help me, reddit,' which name an internal state of distress and helplessness, satisfying both P=1 and E=1."
rd_aro9p,reddit,relationship_advice,83,1,0,"The author describes their own dating and social life (P=1), but the language is analytical and self-descriptive throughout — no explicit emotion words or clear affective phrasing naming an internal state (E=0, Rule 3)."
rd_aoadp,reddit,relationship_advice,125,1,1,"The author is the subject describing their own dating life (P=1), and 'feel kinda bad' is an explicit affective phrase naming an internal emotional state (E=1)."
rd_9qacd,reddit,relationship_advice,281,1,1,"The author is the subject describing a deeply personal romantic/sexual history and explicitly names emotional states ('got a little resentful,' 'never really got over her,' 'self-image and confidence is still pretty blasted,' 'gutted my self-esteem'), satisfying both P=1 and E=1."
rd_a35vd,reddit,relationship_advice,387,1,1,"The author is the subject describing their own relationship and explicitly uses emotional language ('struggling a LOT,' 'gets to the point where I'm thinking of walking away,' 'hurts my feelings,' 'makes me feel like') that names internal states and affective experiences."
rd_8x78h,reddit,relationship_advice,682,1,1,"The author is clearly the subject describing their own painful breakup and emotional state, and they use explicit emotion words and affective phrasing such as 'really painful,' 'so horrid,' 'so painful,' and 'I can't imagine' throughout, signaling a named internal distress state."
rd_a3wjd,reddit,relationship_advice,108,0,1,"The author is not the subject in a life-domain sense — they are asking about how to help a third party (the friend) — so P=0 (Rule 1); however, the author explicitly uses emotional language about themselves ('caught me off guard,' 'I'm terrible at dealing with serious situations') that names an internal state of being unprepared and inadequate, warranting E=1."
rd_9wek1,reddit,relationship_advice,339,1,1,"The author is describing their own relationship situation (personal life domain) and uses clear affective language such as 'I've got my guard up' and expresses frustration with explicit phrasing like 'I'm not gonna put up with that shit,' signaling a named internal state of wariness and anger."
rd_a7okw,reddit,relationship_advice,734,1,1,"The author describes their own romantic history and current conflict (P=1), and uses explicit emotional language including 'fell head over heels,' 'I have no pity for her,' 'suffered through,' and 'unrequited love bullshit,' which name internal states (E=1)."
rd_9xmm2,reddit,relationship_advice,221,1,0,"The author describes their own relationship situation and decision (P=1), but the language throughout is measured and deliberative with no explicit emotion words or clear affective phrasing naming an internal state (E=0)."
rd_apbfz,reddit,relationship_advice,38,1,1,"The author describes their own romantic situation (P=1) and uses the clear affective phrase 'don't know what to do,' which names an internal state of uncertainty/distress (E=1)."
rd_akjx4,reddit,relationship_advice,916,1,1,"The author is the subject describing their own relationships and emotional situation (P=1), and the post contains explicit emotion words and affective phrasing such as 'breaking my heart,' 'visibly upset,' 'feel incredibly guilty,' and 'I've been hurt enough times' that directly name internal emotional states (E=1)."
rd_alvh3,reddit,relationship_advice,324,1,1,"The author describes their own complex romantic/friendship situation (personal life domain, P=1) and uses explicit emotional language including 'a bit pissed,' 'I hate drama,' and 'don't really know how to handle it,' signaling clear affective states (E=1)."
rd_acq7q,reddit,relationship_advice,498,1,1,"The author is the subject describing their own romantic relationship and emotional state, and uses explicit emotion words ('devastated,' 'heartbroken,' 'hurt,' 'feel like an idiot') naming internal states — E=1."
rd_aitoc,reddit,relationship_advice,480,1,1,"The author is describing her own relationship and feelings, a clear life domain (relationships), and uses explicit affective language throughout: 'drives me up the fucking wall,' 'ties me into knots,' 'obsessive loathing,' 'I hate her,' and 'I can't really explain' — all naming intense internal emotional states."
rd_al8u6,reddit,relationship_advice,106,1,0,"The author describes their own ambiguous social/relational situation (P=1), but the language is measured and deliberative throughout — 'I don't know' and 'I should probably just let this go' are mild and analytical, not explicit emotion words or clear affective phrasing naming an internal state (E=0)."
rd_a93zl,reddit,relationship_advice,42,1,0,"The author describes their own relationship history and personal feelings about dating/family (P=1), but the tone is neutral and deliberative with no explicit emotion words or affective phrasing (E=0)."
rd_9peaf,reddit,relationship_advice,116,1,1,"The author describes their own romantic obsession in a life/relationships domain (P=1), and uses clear affective phrasing — 'all-consuming crush,' 'can't get over my thoughts,' 'heart is obsessed' — that explicitly names an internal emotional state (E=1)."
rd_9rh9z,reddit,relationship_advice,171,1,0,"The author is the subject describing a significant relationship and financial situation (P=1), but the language is deliberative and analytical throughout with no explicit emotion words or clear affective phrasing naming an internal state (E=0)."
rd_9yb5f,reddit,relationship_advice,232,1,1,"The author is the subject describing her own marriage, separation, and feelings; she uses explicit emotion words ('I love my husband dearly,' 'depressed,' 'become unhappy') and affective phrasing ('please don't judge me,' 'continue to be depressed') that name internal emotional states, satisfying both P=1 and E=1."
rd_9thwb,reddit,relationship_advice,108,1,0,"The author is the subject describing a new relationship/physical situation (P=1), but the language is neutral and descriptive throughout with no explicit emotion words or affective phrasing (E=0)."
rd_9iooj,reddit,relationship_advice,221,1,1,"The author is describing their own interpersonal situation (a life domain) and uses explicit emotion words ('upset,' 'feel like a swine') that name their internal emotional state, satisfying both P=1 and E=1."
rd_ae629,reddit,relationship_advice,115,1,0,"The author is describing their own social situation (a puzzling late-night text from a classmate), which falls in the relationships/social life domain (P=1), but the tone is curious and analytical rather than containing explicit emotion words or clear affective phrasing (E=0); 'WTF' is a rhetorical interjection, not a named internal emotional state."
rd_am3ua,reddit,relationship_advice,425,1,1,"The author describes their own relationship situation (P=1) and uses explicit emotion words and affective phrasing — 'frustrates me a lot,' 'feel pathetic,' 'feel bad' — that name internal emotional states (E=1)."
rd_abtsg,reddit,relationship_advice,172,1,1,"The author is the subject describing their own relationship situation (P=1), and uses explicit emotional language including 'I hate,' 'feel like shit,' and 'it just sucks,' as well as 'Help! :\' which signals a distressed internal state (E=1)."
rd_aq9fc,reddit,relationship_advice,728,1,1,"The author is describing their own breakup and relationship (P=1), and uses explicit affective language including 'embarrassed,' 'infuriating,' and 'I really want her back,' which name internal emotional states (E=1)."
rd_9zivs,reddit,relationship_advice,114,1,0,"The author is the subject describing a recent breakup (a life domain relationship topic), but the language is measured and deliberative with no explicit emotion words or clear affective phrasing naming an internal state."
rd_9in1u,reddit,relationship_advice,65,1,0,"The author is the subject describing a personal relationship/social situation (P=1), but the language is deliberative and logistical with no explicit emotion words or affective phrasing (E=0)."
rd_9i7q5,reddit,relationship_advice,135,1,0,"The author describes their own relationship and family conflict (life domain: relationships, identity), but the language is measured and deliberative throughout with no explicit emotion words or clear affective phrasing naming an internal state."
rd_aecun,reddit,relationship_advice,36,0,0,"The author is asking a general factual/social question about others (a girl's reaction to a guy's friend group), not describing their own life situation, so P=0; and the language is neutral and deliberative with no explicit emotion words, so E=0."
rd_a8rm5,reddit,relationship_advice,108,1,0,"The author is describing their own romantic situation (P=1), but the language throughout is narrative and deliberative with no explicit emotion words or clear affective phrasing naming an internal state (E=0)."
rd_a9z15,reddit,relationship_advice,206,1,1,"The author describes his own romantic relationship (P=1) and uses explicit affective language including 'I feel like I hit my own personal jackpot' and expresses frustration in the 'bonus round' question about 'hate,' naming internal emotional states (E=1)."
rd_18qu7b,reddit,socialskills,88,1,0,"The author describes their own social situation (handling rejection) which is a personal life domain, but the language is deliberative and analytical — no explicit emotion words or affective phrasing are present."
rd_15ef1y,reddit,socialskills,59,1,1,"The author describes their own social situation (P=1) and uses the clear affective phrasing 'I just don't know what to do,' which names an internal state of being at a loss (E=1)."
rd_xf2vj,reddit,socialskills,288,1,1,"The author describes their own friendship situation (P=1) and explicitly names emotional states — 'irritating,' 'guilty,' and 'guilted easily' — satisfying the E=1 threshold."
rd_tfexy,reddit,socialskills,477,0,0,"The author is giving social skills advice and tips to others (framing is instructional/informational), not describing their own personal life situation in a life domain — Rule 1 applies; P=0, and the tone is neutral and deliberative with no explicit emotion words or affective phrasing, so E=0."
rd_155990,reddit,socialskills,152,1,0,"The author is describing their own social behavior and its impact on friendships (a life domain), but the language is measured and analytical with no explicit emotion words or clear affective phrasing signaling an internal emotional state."
rd_u7tlv,reddit,socialskills,68,1,0,"The author is the subject describing a personal social behavior pattern (P=1), but the language is deliberative and observational with no explicit emotion words or clear affective phrasing (E=0)."
rd_18riog,reddit,socialskills,84,1,0,"The author is describing their own workplace situation (a life/work domain), but the language is neutral and descriptive — 'gag' and 'runny nose' describe physical/behavioral reactions, not named internal emotional states, so E=0 per Rule 3."
rd_y4hfz,reddit,socialskills,48,1,1,"The author describes their own social difficulty (a personal trait/identity domain) and explicitly states emotional language: 'I hate it' referring to their shyness, which names an internal negative state."
rd_toqh7,reddit,socialskills,235,0,0,"The author is giving advice to others about small-talk skills rather than describing their own personal situation or life domain problem, making this primarily instructional/task-oriented content (P=0), and the tone is neutral and deliberative with no explicit emotion words or affective phrasing beyond a casual closing (E=0)."
rd_167lsk,reddit,socialskills,216,1,0,"The author describes their own social development journey (a life domain), but the language throughout is analytical and motivational rather than expressing a named emotional state, so E=0 per Rule 3."
rd_tls2q,reddit,socialskills,119,1,0,"The author describes their own conversational habits and a personal social skills issue (P=1), but the language is measured and analytical with no explicit emotion words or affective phrasing (E=0)."
rd_16ymi0,reddit,socialskills,357,1,1,"The author describes their own social anxiety and overthinking ('I'm not sure if it's just me who overthinks,' 'I tend to overanalyze'), which qualifies as affective phrasing naming an internal state, combined with a personal social skills situation in a life domain."
rd_18ttj7,reddit,socialskills,18,0,0,"The message asks for general communication advice about a hypothetical situation and is framed as a how-to question rather than describing the author's own specific life situation, so P=0; the tone is neutral and task-oriented with no explicit emotion words, so E=0."
rd_zt1xo,reddit,socialskills,360,1,1,"The author is describing their own situation involving a close friend's medical crisis and explicitly names their emotional state ('very dark mood,' 'never been so angry or in such a dark place,' 'hurt and anger'), satisfying both P=1 and E=1 criteria."
rd_13x3xr,reddit,socialskills,106,1,0,"The author describes their own romantic situation (P=1), but despite mentioning being 'socially awkward,' this reads as a trait description rather than an explicit emotion word or clear affective phrasing naming an acute internal state (E=0, per Rule 3)."
rd_vypog,reddit,socialskills,109,1,0,"The author is the subject describing their own behavior and social concern (relationships/identity domain), but the tone is analytical and deliberative with no explicit emotion words or affective phrasing."
rd_193ger,reddit,socialskills,109,1,0,"The author describes their own social anxiety and interpersonal patterns (P=1), but the language is analytical and descriptive — 'overly excited' is the closest to affective phrasing but reads as a behavioral/trait description rather than a named acute emotional state, so E=0 per Rule 3."
rd_15uczm,reddit,socialskills,43,1,0,"The author is the subject describing a personal trait and seeking self-improvement advice, but the language is neutral and analytical with no explicit emotion words or clear affective phrasing (E=0 per Rule 3)."
rd_105shy,reddit,socialskills,381,1,1,"The author describes their own romantic situation (P=1) and explicitly names emotional states — 'get so nervous I start to shake,' 'my mind goes blank,' 'so nervous I can't breathe,' and 'damned anxiety' — which are clear affective phrasings signaling an internal state (E=1)."
rd_15z1hx,reddit,socialskills,19,0,0,The message asks a factual/clarifying question about social options and is not describing the author's own life situation in a personal domain.
rd_167m0q,reddit,socialskills,125,0,0,"This is a community welcome/announcement post — the author is describing the subreddit and inviting others to participate, not describing their own life situation, so P=0; the tone is friendly but purely informational with no explicit emotion words or affective phrasing, so E=0."
rd_smlw1,reddit,socialskills,197,1,0,"The author describes their own social experience (P=1) but the language is narrative and deliberative throughout, with no explicit emotion words or affective phrasing beyond the mild phrase 'never had the courage,' which is a trait description rather than an acute emotional state (E=0)."
rd_16ct5t,reddit,socialskills,65,1,1,The author describes their own work situation (P=1) and uses 'feel intimidated' — an explicit emotion word naming an internal state — making E=1.
rd_u7eoa,reddit,socialskills,297,1,1,"The author describes their own social life and struggles (P=1), and uses clear affective phrasing such as 'that comment killed me,' 'I don't know what is wrong with me,' and 'I do not want to ask friends to hangout' that name an internal distressed state (E=1)."
rd_148g3t,reddit,socialskills,295,1,1,"The author is the subject describing a personal struggle with fear and social barriers, and uses explicit emotion words ('deathly afraid,' 'incredibly afraid,' 'extremely scared') referring to their own internal state, satisfying both P=1 and E=1."
rd_16sw1h,reddit,socialskills,85,1,1,"The author describes their own social identity and feelings, and uses clear affective phrasing ('I don't know what to do') along with an emotional interjection ('It's weird') and a frustrated emoticon, signaling an internal state of confusion and distress."
rd_160n9l,reddit,socialskills,240,1,1,"The author describes their own post-breakup situation in a life domain (relationships, social life) and uses explicit emotion words ('depressed', 'mopey', 'petrified') to name their internal states, satisfying both P=1 and E=1."
rd_15s1o4,reddit,socialskills,57,0,0,"The author is soliciting general advice from others ('you guys') about a universal experience, not describing their own specific personal situation in a life domain, and the language is deliberative/rhetorical rather than expressing a named internal emotional state."
rd_15b300,reddit,socialskills,166,1,0,"The author is describing their own social situation (potential exclusion from a friend group event), which is a life domain topic (relationships), but the language throughout is deliberative and neutral with no explicit emotion words or clear affective phrasing."
rd_11nop2,reddit,socialskills,121,1,0,"The post describes the author's own relationships and social anxiety (P=1), but the language is deliberative and analytical throughout — no explicit emotion words or clear affective phrasing naming an internal state (E=0, Rule 3)."
rd_10e9h8,reddit,socialskills,77,1,0,"The author describes their own experience with public speaking (a personal skill/confidence domain) but the language is behavioral and observational throughout — 'staring to the side,' 'couldn't bring myself to look,' 'heard people laughing' — with no explicit emotion words or affective phrasing naming an internal state (Rule 3)."
rd_yzkpv,reddit,socialskills,150,1,0,"The author is the subject describing a personal pattern in their social/romantic interactions (a life domain), but the language remains largely analytical and narrative — 'struggled' is mild and framed historically, and the overall tone is observational rather than expressing acute emotional affect."
rd_16wzve,reddit,socialskills,574,1,0,"The author is the subject describing their own social development and goals (P=1), but the tone is deliberative and analytical throughout with no explicit emotion words or clear affective phrasing naming an internal state (E=0)."
rd_17dazz,reddit,socialskills,153,1,1,"The author describes her own social life and identity (P=1), and uses explicit emotional language ('very scared') naming an internal state (E=1)."
rd_11ldvl,reddit,socialskills,91,1,0,"The author is describing their own social habits and identity (P=1), but the language is neutral and deliberative with no explicit emotion words or clear affective phrasing (E=0)."
rd_zv4u1,reddit,socialskills,162,1,0,"The author describes her own social behavior and a past dating experience (P=1), but the language is analytical and descriptive throughout — 'quite annoying' is mild and the overall tone is deliberative, with no explicit emotion words or clear affective phrasing that name an internal emotional state (E=0)."
rd_10j5ka,reddit,socialskills,64,1,0,"The author describes their own social/communication struggles (a life domain — relationships), but the language is matter-of-fact and behavioral with no explicit emotion words or affective phrasing naming an internal state."
rd_13u4ms,reddit,socialskills,83,0,0,"The author is offering expertise and inviting questions rather than describing a personal problem or situation in a life domain; the framing is informational/task-oriented, not personal advice-seeking."
rd_wlks5,reddit,socialskills,94,1,0,"The author is the subject describing a personal social skill deficit (P=1), but the language is neutral and analytical with no explicit emotion words or affective phrasing (E=0)."
rd_170nbz,reddit,socialskills,91,1,0,"The author describes a personal self-improvement challenge involving their own social comfort zone (a life domain), but the language is task-oriented and deliberative with no explicit emotion words or affective phrasing beyond the neutral phrase 'comfort zone,' which describes a concept rather than naming an acute internal state."
rd_16o5br,reddit,socialskills,60,1,1,"The author is the subject describing a major life transition (relocation, career, social life), and 'I'm lost' is clear affective phrasing naming an internal state of disorientation."
rd_119aiw,reddit,socialskills,195,1,1,"The author describes their own interpersonal situation (P=1) and uses the affective phrasing 'I honestly don't know what I could have done' and 'I don't understand what is going on here,' which signal a clear internal state of confusion and distress (E=1)."
rd_14pkju,reddit,socialskills,341,1,1,The author describes their own workplace situation (P=1) and uses explicit affective phrasing — 'getting sick of' and 'I lashed out' — that names an internal emotional state (E=1).
rd_194evl,reddit,socialskills,102,1,1,The author describes their own social experience (P=1) and uses explicit affective language — 'feel pretty shitty right now' — naming a clear internal emotional state (E=1).
rd_17nwow,reddit,socialskills,140,1,0,"The author is the subject describing their own social life, self-consciousness, and identity (P=1), but the language is measured and deliberative throughout with no explicit emotion words or clear affective phrasing naming an internal emotional state (E=0)."
rd_tuy2o,reddit,socialskills,81,1,1,"The author is describing their own situation as a foreign student moving to the US (P=1), and explicitly uses the word 'awkward' to name their internal emotional state (E=1)."
rd_qp8yd,reddit,socialskills,100,1,1,"The author describes their own social difficulty (a personal interpersonal domain) and uses clear affective phrasing — 'Help!' signals a distressed internal state, and 'I have the feeling' combined with the overall tone of being stuck conveys an emotional appeal beyond neutral deliberation."
rd_14t9jt,reddit,socialskills,195,1,0,"The author describes their own communication challenges in life/social domains (P=1), but the language throughout is behavioral and descriptive rather than expressing named emotional states — 'nervous' describes a situational trigger for observable behavior, and the rest is analytical self-description, so E=0 per Rule 3."
rd_16fxsv,reddit,socialskills,300,1,1,"The author describes their own social situation (P=1) and uses explicit emotion words and affective phrasing such as 'sick of it,' 'dig away at me,' and 'I was fuming inside' (E=1)."
rd_15sgh9,reddit,socialskills,105,1,0,"The author is describing their own social behavior in a life/identity domain (P=1), but the language is analytical and descriptive — 'forced' describes the smile's quality rather than naming an internal emotional state, and there are no explicit emotion words or clear affective phrasing (E=0)."
rd_uz0kk,reddit,socialskills,170,1,0,"The author is the subject describing a personal communication habit (P=1), but the language is analytical and deliberative throughout with no explicit emotion words or affective phrasing (E=0)."
rd_twobq,reddit,socialskills,242,1,1,The author describes their own social situation (P=1) and uses explicit affective phrasing — 'I always feel like I am imposing' and 'it makes me feel like I am leeching' — which name internal emotional states (E=1).
rd_15id69,reddit,socialskills,41,1,0,"The author is the subject describing a personal social situation (relationships/identity), but the language is measured and descriptive with no explicit emotion words or affective phrasing — 'I don't know how to make them anymore' describes a practical difficulty, not a named internal state."
rd_z83fe,reddit,socialskills,94,1,1,"The author describes their own feelings using explicit emotion words ('feel lonely,' 'feel fucking lonely') and affective phrasing ('couldn't help but feel lonely,' 'feeling of complete isolation'), making this both personal (life domain: feelings/relationships) and emotional."
rd_156acg,reddit,socialskills,164,1,0,"The author describes their own social difficulties (a life domain — identity/relationships), but the language is analytical and measured throughout, with no explicit emotion words or affective phrasing that names an internal state."
rd_194ncf,reddit,socialskills,170,1,0,"The author describes their own social situation (P=1), but the language is mostly narrative and deliberative — 'gave WAAAY too many fucks' is a casual Reddit idiom rather than an explicit emotion word or clear affective phrasing naming an internal state (E=0 per Rule 3)."
rd_wkmii,reddit,socialskills,270,1,0,"The author is the subject describing their own relationship situation (a clear life domain), but the language is analytical and deliberative throughout, with no explicit emotion words or clear affective phrasing naming an internal state."
rd_12fp19,reddit,socialskills,418,1,1,"The author describes their own social situation (P=1) and explicitly names emotions — 'jealous, angry and depressed' — and uses affective phrasing like 'slap in the face' and 'rant out all my unhappiness' (E=1)."
rd_191t6v,reddit,socialskills,118,1,1,"The author describes their own situation (sick, going to a party, failed to kiss a girl) and explicitly names internal states — 'very very angry with myself' and lacking 'courage' — which are clear emotional expressions (E=1)."
rd_196p2q,reddit,socialskills,378,1,0,"The author is describing their own romantic/social life (P=1), but the tone throughout is deliberative and analytical with no explicit emotion words or clear affective phrasing naming an internal state (E=0); 'I would really love it' is a mild preference expression, not a named emotional state."
rd_18xf57,reddit,socialskills,218,1,1,"The author describes their own life situation (job loss, social isolation, potential relocation) and uses explicit emotional language including 'kinda depressing,' 'went down, rock bottom,' and 'I am so sick and tired of everything,' which are clear affective phrases naming internal states."
rd_100ngt,reddit,socialskills,199,1,1,"The author describes their own difficult work/living situation and uses explicit affective phrases like 'felt like a piece of shit all the time,' 'had a nervous breakdown,' and 'I cant make a call' signaling a named emotional/mental state, satisfying both P=1 and E=1."
rd_13439x,reddit,socialskills,377,1,1,"The author describes their own social struggles (P=1) and explicitly uses affective language such as 'miserable,' 'making myself miserable,' and 'lonely semesters,' which are clear emotion words naming an internal state (E=1)."
rd_10uj7s,reddit,socialskills,688,1,1,"The author describes their own life situation (social isolation, mental health struggles, loneliness) in a life domain, and uses multiple explicit emotion words and affective phrases such as 'eating away at me,' 'breakdowns,' 'considering suicide,' 'feel isolated,' 'afraid,' 'lonely,' 'feel sick,' and 'I don't know what to do anymore,' clearly meeting both P=1 and E=1 thresholds."
rd_xf287,reddit,socialskills,288,1,1,"The author is the subject describing a personal friendship problem (life domain: relationships), and uses explicit emotion words and affective phrasing — 'irritating,' 'irritating,' 'I'm guilted easily,' and 'stop feeling guilty' — naming their internal emotional state."
rd_14lhxo,reddit,socialskills,492,1,1,"The author is describing their own life, feelings, and identity struggles (P=1), and the message contains multiple explicit emotion words and affective phrases such as 'I feel jaded,' 'hate and rage,' 'guilt, shame, and depression,' 'makes me envious,' and 'my mind is a battlefield,' all naming internal emotional states (E=1)."
rd_18nqfi,reddit,socialskills,222,1,0,"The author is the subject describing their own romantic situation (a crush, social dynamics) which is a life domain topic, but the language is entirely deliberative and advice-seeking with no explicit emotion words or affective phrasing."
rd_15jykm,reddit,socialskills,77,1,1,The author describes their own workplace/social experience (P=1) and uses the explicit emotion word 'devastated' to name their internal state (E=1).
rd_178636,reddit,socialskills,171,1,0,"The author is the subject describing a personal social situation (relationships, identity, social life), but the tone is analytical and deliberative throughout with no explicit emotion words or clear affective phrasing naming an internal emotional state."
rd_11az0v,reddit,socialskills,40,1,0,"The author is the subject describing their own social behavior and values in the life domain of identity/relationships, but the tone is deliberative and neutral with no explicit emotion words or affective phrasing."
rd_16b12y,reddit,socialskills,234,1,1,"The author describes their own family relationship and explicitly uses affective language ('I have NO IDEA how to handle it,' 'a huge frustrating event for me') that names an internal emotional state, satisfying both P=1 and E=1."
rd_18ac8k,reddit,socialskills,39,0,0,"The author is seeking activity recommendations — a logistical/practical request — not describing a personal life domain situation, so P=0; tone is neutral with no explicit emotion words, so E=0."
rd_16u61e,reddit,socialskills,126,1,0,"The author is the subject describing their own social confidence and skills (a personal life domain), but the language is deliberative and trait-descriptive ('zero to no self-confidence' is a chronic trait, not acute affect), with no explicit emotion words or clear affective phrasing — consistent with Rule 3 and the worked example about self-confidence."
rd_15f3ck,reddit,socialskills,121,1,1,"The author describes their own communication habits as a personal problem and uses 'despise' — an explicit emotion word — to characterize their internal state toward phone communication, satisfying both P=1 and E=1."
rd_qjzw2,reddit,socialskills,64,1,1,"The author is the subject describing their own behavioral/identity pattern (P=1), and uses explicit affective phrasing 'I just feel the need' combined with self-critical emotional labeling ('cynical asshole') that names an internal state (E=1)."
rd_16xelz,reddit,socialskills,164,1,0,"The author describes their own social situation (P=1), but the language is analytical and observational throughout — 'could feel how socially awkward I am' describes a trait, not an acute emotional state, and there are no explicit emotion words or clear affective phrasing naming an internal state (Rule 3/E=0)."
rd_18fyiy,reddit,socialskills,372,1,1,"The author describes their own social life and identity (P=1), and uses clear affective phrasing like 'I feel like we just don't match' and 'I'm at a loss' that name internal emotional states (E=1)."
rd_15o67n,reddit,socialskills,137,1,0,"The author is the subject describing their own recurring social situation (relationships/dating) making it P=1, but the language is deliberative and task-oriented with no explicit emotion words or clear affective phrasing, so E=0."
rd_119bo2,reddit,socialskills,77,0,0,"The author is the subject but the topic is logistical party preparation (costume shopping, conversation tips) rather than a life-domain issue, so P=0 per Rule 1b, and the language is neutral with no explicit emotion words or affective phrasing, so E=0."
rd_16v6va,reddit,socialskills,36,1,1,"The author describes their own social/identity situation (P=1) and uses the explicit emotion phrase 'really hate myself for it,' which names an internal emotional state (E=1)."
rd_v5pzv,reddit,socialskills,72,1,0,"The author is the subject describing their own cognitive style and life philosophy during adolescence (a life domain involving identity and development), but the tone is neutral and deliberative with no explicit emotion words or affective phrasing."
rd_wmlgl,reddit,socialskills,129,1,0,"The author is the subject describing their own social difficulty (a life domain — identity/relationships), but the language is deliberative and analytical with no explicit emotion words or affective phrasing (Rule 3)."
rd_10fxdc,reddit,socialskills,34,1,1,"The author is the subject describing a personal relationship/communication difficulty (P=1), and uses explicit affective phrasing 'I feel trapped' which names an internal emotional state (E=1)."
rd_vmik4,reddit,socialskills,516,1,1,"The author describes their own situation in a life/work domain and uses explicit emotion words ('so incredibly anxious,' 'absolutely terrified,' 'I'm going to cry') along with clear affective phrasing ('I lose all sense of confidence,' 'start over terrified,' 'these thoughts just keep coming back to me'), meeting both P=1 and E=1 thresholds."
rd_ve1w1,reddit,socialskills,24,0,0,"The message expresses a hypothetical preference about a social rule (footwear policy), which is a logistical/opinion topic rather than a life-domain personal situation, and while 'I want to be free' has mild rhetorical flair, it doesn't constitute an explicit emotion word or clear affective phrasing naming an internal state."
rd_17n9rn,reddit,socialskills,168,1,1,"The author describes their own social interaction in a personal/identity domain and explicitly names an internal state ('feel weird,' 'made me feel good'), satisfying both P=1 and E=1."
rd_15odnx,reddit,socialskills,141,1,0,"The author is the subject describing their own social communication habits (a life/identity domain), but the tone is neutral and deliberative with no explicit emotion words or affective phrasing — just practical questions about texting etiquette."
rd_xc3cb,reddit,socialskills,113,1,0,"The author describes their own social situation and relationships (P=1), but the language is deliberative and neutral throughout with no explicit emotion words or affective phrasing (E=0)."
rd_10n29f,reddit,socialskills,178,1,0,"The author is describing their own social and relational difficulties (P=1), but despite the weight of the topic, the language is deliberative and task-oriented with no explicit emotion words or clear affective phrasing naming an internal state (E=0)."
rd_10ta11,reddit,socialskills,53,1,0,"The author is the subject navigating a social/relationship situation (P=1), but the tone is deliberative and logistical with no explicit emotion words or affective phrasing (E=0)."
rd_168isq,reddit,socialskills,55,0,0,"The author is proposing a community project/resource rather than describing their own life situation, so P=0; the language is neutral and task-oriented with no explicit emotion words, so E=0."
rd_z6a5t,reddit,socialskills,145,1,1,"The author is the subject describing a personal relationship/decision situation, and uses clear affective phrasing like 'couldn't bring myself,' 'instantly regret it,' and 'can't seem to build up the courage,' which name internal emotional states."
rd_17d4dp,reddit,socialskills,124,1,0,"The author is the subject describing a personal social/communication situation (P=1), but the language is analytical and deliberative with no explicit emotion words or affective phrasing (E=0)."
rd_129xof,reddit,socialskills,36,1,1,"The author describes their own situation (presentation anxiety affecting their health and behavior) in a life domain, and 'tricked my body to feel sick' combined with 'so bad' constitutes clear affective phrasing signaling an internal distress state."
rd_ywjko,reddit,socialskills,170,1,0,"The author describes their own social situation at school (P=1), but the language is analytical and deliberative throughout, with no explicit emotion words or clear affective phrasing naming an internal state (E=0)."
rd_1738d7,reddit,socialskills,153,1,0,"The author is describing their own romantic situation (P=1), but the tone is deliberative and practical with no explicit emotion words or clear affective phrasing naming an internal state (E=0)."
rd_16k29k,reddit,socialskills,145,1,1,"The author describes a recurring personal social frustration and uses explicit emotional language ('annoys me', 'fuck it') naming their internal state, satisfying both P=1 and E=1."
rd_195yky,reddit,socialskills,229,1,1,"The author describes their own social growth journey (P=1) and uses explicit affective phrasing such as 'been worrying whether or not I would change' and 'look forward to facing a new day,' naming internal emotional states (E=1)."
rd_10gais,reddit,socialskills,122,1,0,"The author is describing their own life situation (moving, social difficulty, career goals) in a deliberative and analytical tone without any explicit emotion words or clear affective phrasing that names an internal emotional state."
rd_156c36,reddit,socialskills,105,1,1,"The author is the subject describing a recurring social/relationship problem (P=1), and uses explicit affect words 'annoying' and expressive phrasing 'No joke'/'Help me out' that name an internal state of frustration (E=1)."
rd_152np2,reddit,socialskills,118,1,0,"The author describes their own social situation (a life domain — relationships), but the language is deliberative and task-oriented with no explicit emotion words or clear affective phrasing, so E=0 per Rule 3."
rd_106md3,reddit,socialskills,977,0,0,"The author is addressing a third party (socially awkward people) and giving advice/analysis about their behavior, so the author is not the subject in a personal life-domain sense (P=0); the tone is deliberative and analytical throughout, with no explicit emotion words naming the author's own internal state (E=0)."
rd_18oo2o,reddit,socialskills,153,1,0,"The author describes their own social situation at a convention (a personal life domain — social relationships/identity), but the language is analytical and problem-solving in tone, with no explicit emotion words or clear affective phrasing naming an internal state (Rule 3)."
rd_t96e6,reddit,socialskills,141,1,1,"The author describes their own social and romantic life (P=1) and explicitly uses 'feel awkward about it' and 'I am lost,' which are clear affective phrasings naming an internal emotional state (E=1)."
rd_upbts,reddit,socialskills,98,1,0,"The author is describing their own internship situation (a work/career life domain) in a measured, deliberative tone without any explicit emotion words or clear affective phrasing that names an internal state."
rd_16jlzf,reddit,socialskills,51,1,0,"The author is the subject describing their own life transition (leaving friends, moving abroad for college), which falls in the life domain of relationships/identity, but the tone is deliberative and neutral with no explicit emotion words or affective phrasing."
rd_14g4yv,reddit,socialskills,117,1,0,"The author is the subject describing a real social situation in their own life (relationships/social domain), but the language is deliberative and analytical — 'pretty sure it will be awkward' and 'struggle with' describe anticipated situations or traits rather than naming an explicit emotional state, so E=0 per Rule 3."
rd_18keoa,reddit,socialskills,62,1,1,"The author describes their own social anxiety/self-perception issues (P=1) and uses explicit affective language — 'not fun,' 'very exhausting,' and the affective phrasing of being 'caught up thinking' about insecurities — signaling a named internal state (E=1)."
rd_10pp3k,reddit,socialskills,51,1,1,"The author is the subject describing their own social behavior and attitudes (P=1), and the message contains multiple explicit emotional expressions ('don't give a shit,' 'Fuck') signaling a strong internal affective state (E=1)."
rd_t27bu,reddit,socialskills,45,1,1,"The author is the subject describing a personal social/identity concern, and 'I feel like' introduces an affective internal state about being unapproachable, qualifying as clear affective phrasing naming an internal concern."
rd_fkqy1,reddit,socialskills,252,1,0,"The author is the subject describing their own social/romantic experiences (a life domain), but the language is deliberative and analytical throughout — 'felt like crap' is mild and physical, and 'felt like leaving them disappointed' describes an inferred state rather than naming an acute emotion, so E=0 per Rule 3."
rd_11zgb8,reddit,socialskills,47,1,0,"The author is the subject describing a personal relationship/dating situation (P=1), but the language is neutral and task-oriented with no explicit emotion words or affective phrasing (E=0)."
rd_1811xv,reddit,socialskills,108,1,0,"The author is the subject describing their own interpersonal situation (a rude email involving them and their teacher), which falls in a personal/social life domain, but the language is deliberative and neutral with no explicit emotion words or affective phrasing."
rd_wltn0,reddit,socialskills,174,1,0,"The author is the subject describing their own social struggles (a life domain issue), but the language is descriptive and analytical throughout — behavioral descriptions like 'don't look them in the eye' and 'one word answers' are observable behaviors, not named internal states, so E=0 per Rule 3."
rd_16j2r1,reddit,socialskills,36,1,0,"The author describes their own social situation (texting/conversation skills with new people), which is a personal domain, but the language is neutral and deliberative with no explicit emotion words or affective phrasing."
rd_10dfc8,reddit,socialskills,35,1,0,"The author is the subject describing a personal social situation (relationships/identity), but the language is neutral and factual with no explicit emotion words or affective phrasing."
rd_xh57p,reddit,socialskills,260,1,1,"The author explicitly names emotional states ('feel upset and discouraged,' 'feel like a desperate teenage girl') describing their own internal experience about a personal friendship struggle, satisfying both P=1 and E=1."
rd_17nrcx,reddit,socialskills,187,1,1,"The author is the subject describing their own social interactions (a life/identity domain), and the post contains clear affective phrasing — 'I keep thinking,' 'I get caught up worrying,' 'I start worrying' — that explicitly names internal states of worry and rumination, meeting the E=1 threshold."
rd_14l3my,reddit,socialskills,58,1,0,"The author describes their own personality trait and seeks self-improvement advice (a life domain), but the language is measured and analytical with no explicit emotion words or affective phrasing, so E=0."
rd_15oty1,reddit,socialskills,181,1,0,"The author is describing their own social life, identity, and relationship struggles (P=1), but the language is analytical and behavioral throughout with no explicit emotion words or affective phrasing naming an internal state (E=0)."
rd_17biyp,reddit,socialskills,236,1,1,"The author describes their own social struggles (P=1) and uses explicit emotional language including 'scared as ever,' 'lowest point in my life,' and 'I NEED to change,' which clearly name internal emotional states (E=1)."
rd_14hyis,reddit,socialskills,140,1,1,"The author describes a recurring personal social problem and explicitly names emotional states — 'feel self conscious,' 'feel less confident,' 'insecure about myself' — satisfying both P=1 and E=1."
rd_15prpl,reddit,socialskills,208,1,0,"The author is the subject describing a personal challenge with social conversations (a life domain — social skills/identity), but the language is entirely task-oriented and deliberative with no explicit emotion words or affective phrasing."
rd_192hr4,reddit,socialskills,312,1,1,"The author describes their own social and professional struggles (P=1) and uses explicitly affective language: 'It was very upsetting' and 'makes people's skin crawl,' which name internal/emotional states (E=1)."
rd_vlmr9,reddit,socialskills,39,1,0,"The author is the subject describing a real household/parenting disagreement (a life domain — relationships/family decisions), but the language is neutral and deliberative with no explicit emotion words or affective phrasing."
rd_u01m1,reddit,socialskills,163,1,1,"The author is describing their own social difficulty in a life domain (relationships/identity), and uses explicit affective words 'dumbfounded' and 'awkward' to name their internal state."
rd_176e5e,reddit,socialskills,126,1,1,"The author describes their own social life and relationships (P=1), and uses explicit emotional language — 'I'm kinda worried' — naming an internal state (E=1)."
rd_x41u3,reddit,socialskills,152,1,1,"The author is describing their own job-search situation (a career/work domain, P=1) and explicitly states they are 'kind of really apprehensive,' which is a clear affective word naming an internal emotional state (E=1)."
rd_15mj86,reddit,socialskills,207,1,1,"The author is the subject describing a personal social situation (relationships/identity domain) and uses explicit affect words like 'aversion,' 'repulsed,' and 'feel like I didn't want to talk,' which name internal emotional states."
rd_sgh31,reddit,socialskills,89,1,0,"The author describes a personal trait and situation (facial expression control affecting relationships and career), but the language is analytical and deliberative throughout — no explicit emotion words or affective phrasing naming an internal state (the phrase 'this doesn't bother me hugely' actually minimizes affect rather than expressing it)."
rd_18ne15,reddit,socialskills,95,0,0,"The author is describing an episode of Mister Rogers' Neighborhood and observations about the musicians' conversation, not their own life situation or feelings (Rule 1)."
rd_190bvn,reddit,socialskills,311,1,1,"The author describes their own social anxiety and self-doubt in a life/identity domain, and uses clear affective phrasing such as 'I hate silence' and 'I think they hate me,' naming internal emotional states."
rd_15x8ow,reddit,socialskills,63,1,0,"The author is the subject describing a recurring interpersonal situation (P=1), but the language is curious and deliberative rather than explicitly emotional — 'clueless' and 'never know how to react' describe a state of uncertainty/puzzlement without naming a clear affective internal state, and ':/​' is a mild interjection that doesn't meet the strict E=1 threshold."
rd_15onah,reddit,socialskills,129,1,0,"The author is describing their own romantic situation (a life domain — relationships), but the language is deliberative and curious rather than affective, with no explicit emotion words or clear affective phrasing naming an internal state."
rd_x25dq,reddit,socialskills,78,1,1,"The author is the subject describing a personal social/relationship struggle, and the phrase 'fail so miserably' is explicit affective language naming a negative internal state about their own life."
rd_14k7wq,reddit,socialskills,122,1,1,"The author describes their own dating struggles (P=1) and uses explicit affective language: 'too afraid,' 'uncomfortable/self-conscious,' naming internal emotional states (E=1)."
rd_wfllt,reddit,socialskills,231,1,1,"The author describes their own life situation (trust issues, fear of living alone, social struggles) and uses clear affective language ('kills me,' 'biggest fears,' 'hard times') that names internal emotional states, satisfying both P=1 and E=1."
rd_sr5mn,reddit,socialskills,35,1,1,"The author describes their own social fear in a life domain (relationships/identity) and uses explicit emotion words 'afraid' and 'fear' referring to their own internal state, satisfying both P=1 and E=1."
rd_11en6v,reddit,socialskills,358,1,1,"The author describes their own emotional states explicitly — 'feel very empty,' 'incredibly lonely,' 'want to be loved,' and 'subconsciously afraid of failure' — which are named internal states qualifying as affective phrasing (E=1), while the topic squarely falls in the life domains of relationships, identity, and feelings (P=1)."
rd_1309v9,reddit,socialskills,171,0,0,"The author is giving general social advice to others rather than describing their own life situation, so P=0; the tone is neutral and instructional with no explicit emotion words or affective phrasing, so E=0."
rd_18479f,reddit,socialskills,321,0,0,"The author is sharing general advice directed at others rather than describing their own current situation or problem in a life domain, so P=0; the tone is motivational and instructional without explicit emotion words or clear affective phrasing about the author's internal state, so E=0."
rd_193uj2,reddit,socialskills,40,1,0,"The author describes a personal social situation (friendships) in a deliberative, neutral tone without using explicit emotion words or affective phrasing — 'awkward position' describes a situational attribute rather than naming an internal emotional state."
rd_12rlzf,reddit,socialskills,213,1,0,"The author is the subject describing their own social situation (few social skills, attending an unfamiliar party) — a life/identity domain — but the language is deliberative and advice-seeking with no explicit emotion words or affective phrasing, so E=0."
rd_z4bb6,reddit,socialskills,275,1,1,"The author describes their own social situation (P=1) and explicitly names feeling awkward ('I actually feel awkward,' 'I feel awkward giving a generic compliment back'), which are explicit internal-state expressions satisfying E=1."
rd_175llg,reddit,socialskills,146,1,1,The author describes their own social situation (P=1) and uses clear affective phrasing — 'I don't know' combined with 'this feels like it would be a giant leap out of my comfort zone' and 'I've been telling myself' signal an internal uncertain/anxious state (E=1).
rd_104241,reddit,socialskills,129,1,1,"The author describes their own social isolation and explicitly states 'I'm very lonely' and 'I don't know how to go about making new friends,' which are clear affective phrases naming an internal emotional state."
rd_16xpo7,reddit,socialskills,58,1,0,"The author describes their own social difficulty (a personal/identity domain), but the language is descriptive and deliberative with no explicit emotion words or affective phrasing — 'a hell of a lot of trouble' is an emphatic quantifier, not a named internal emotional state."
rd_v72jk,reddit,socialskills,85,0,0,"The author is not the subject — the post describes a friend's experience and asks a general question about others' experiences, making it P=0; the tone is neutral and observational with no explicit emotion words, making it E=0."
rd_12rbfm,reddit,socialskills,90,1,1,The author describes their own social difficulty (P=1) and explicitly names an internal state — 'my brain goes into panic mode' — which is clear affective phrasing signaling a mental/emotional state (E=1).
rd_17yrqa,reddit,socialskills,433,1,1,"The author is the subject describing their own experiences with relationships (P=1), and uses explicit emotional language such as 'it fucking sucks to yearn,' 'I've experienced how much it fucking sucks,' and references to being 'happier,' signaling a named internal emotional state (E=1)."
rd_15qj32,reddit,socialskills,351,1,1,"The author is describing their own social situation (personal life domain) and uses explicit emotional language including 'excited,' 'dreading,' 'terrified,' 'scares the shit out of me,' 'freaks me out,' and 'nervous,' all naming internal states."
rd_13zoua,reddit,socialskills,140,1,1,"The author describes their own workplace situation (professional relationship, personal behavior) and uses 'didn't know what to do,' which is clear affective phrasing naming an internal state of uncertainty/distress."
rd_16gcuh,reddit,socialskills,258,1,1,"The author is describing their own social isolation and difficulty making friends (life domain: relationships/identity), and uses explicit emotion words and affective phrasing throughout: 'I feel like everything is weird and awkward,' 'I feel weird,' 'scared to talk to people,' and 'I seriously don't know how to' signals a clear internal emotional state of distress."
rd_17o3pf,reddit,socialskills,44,1,1,"The author describes their own social situation (personal life domain) and uses ':(' plus 'Smooth as fuck' sarcastically to name an embarrassed/awkward internal state, meeting the E=1 threshold."
rd_xcbig,reddit,socialskills,326,1,1,"The author describes their own social situation (life domain: relationships/decisions) and uses explicit emotional language such as 'I felt like it was very sexist,' 'I hated what he was trying to do,' indicating a named internal emotional state."
rd_zw19i,reddit,socialskills,28,1,0,"The author is the subject navigating a social/relationship situation at their school (P=1), but the language is neutral and task-oriented with no explicit emotion words or affective phrasing (E=0)."
rd_xfuoc,reddit,socialskills,235,1,0,"The author is the subject describing their own post-breakup social situation (a life domain), but the language is deliberative and solution-oriented throughout with no explicit emotion words or clear affective phrasing naming an internal state."
rd_189g09,reddit,socialskills,237,1,0,"The author is the subject describing their own situation (stopping drinking for health reasons, navigating networking events), which falls in a life/career domain, but the language is deliberative and analytical throughout with no explicit emotion words or affective phrasing."
rd_18dtyf,reddit,socialskills,492,1,1,"The author explicitly states 'I feel like there is something wrong with me' and 'I am doomed to be alone,' which are clear affective phrasings naming internal states of despair and hopelessness, making this both personal (relationships/identity domain) and emotional."
rd_xvgha,reddit,socialskills,70,1,0,"The author is the subject describing a social/lifestyle situation (how to meet people, what to do at a venue), which falls in a life domain (social identity/relationships), but the tone is curious and deliberative with no explicit emotion words or affective phrasing."
rd_143y82,reddit,socialskills,178,1,1,"The author is the subject describing her own social situation (P=1), and she explicitly names an emotional state — 'incredibly intimidated' — which is a clear emotion word referring to her own internal experience (E=1)."
rd_ryjvt,reddit,socialskills,380,1,1,"The author describes their own life situation (P=1) and explicitly names internal states including 'social anxiety' and 'stressed,' which are clear emotion/affect words (E=1)."
rd_xxu2r,reddit,socialskills,10,0,0,"The message is a generic prompt or tagline about a platform's features, not authored by someone describing their own life or situation, so P=0 and E=0."
rd_17l52v,reddit,socialskills,177,1,1,"The author describes their own social behavior in a life/relationships domain (P=1), and uses explicit emotion/affect words — 'fear,' 'intimidating,' 'terrifying,' 'fear them' — to name internal states driving the question (E=1)."
rd_120vni,reddit,socialskills,644,1,1,"The author is clearly the subject describing their own life and social struggles (P=1), and the post contains explicit emotional language including 'makes me nervous,' 'taken a toll on my confidence,' and 'it's a lot to take,' which are clear affective phrasings naming internal states (E=1)."
rd_182kvz,reddit,socialskills,21,0,0,"The author is posing a general/hypothetical question about resources for emotional support (framed as 'if you need'), not describing their own situation or expressing their own emotional state."
rd_144h7z,reddit,socialskills,38,1,1,"The author describes their own social situation (P=1) and uses explicit affective phrasing 'feel kinda on the outside looking in,' which names an internal state of exclusion/alienation (E=1)."
rd_188hpn,reddit,socialskills,341,1,1,"The author describes their own life situation (no job, no friends, living with parents) and uses explicit emotional language: 'I hate it,' 'feel like I could have a break down,' 'sick of how my life is,' 'pretty upset,' and 'I have nowhere or really no one to turn to,' all of which name internal emotional states."
rd_194j2m,reddit,socialskills,206,1,1,"The author describes their own life situation (health, social confidence, relationships) and uses explicit affective language including 'haunts me,' 'nervous breakdown,' and 'freaking out,' which name internal emotional states."
rd_17gy5k,reddit,socialskills,57,1,0,"The author is the subject describing a personal relationship/social situation, but the language is neutral and deliberative with no explicit emotion words or affective phrasing."
rd_18mpas,reddit,socialskills,77,1,0,"The author is the subject describing a workplace situation (P=1), but the tone is deliberative and task-oriented with no explicit emotion words or affective phrasing (E=0)."
rd_104j92,reddit,socialskills,39,1,0,"The author is the subject describing their own romantic situation (a life/relationship domain), but the language is deliberative and task-oriented with no explicit emotion words or affective phrasing."
rd_10hsd0,reddit,socialskills,108,1,1,"The author describes their own social isolation (P=1) and explicitly names their emotional state with 'getting pretty lonely,' which is a clear emotion word referring to their own internal state (E=1)."
rd_xdyah,reddit,socialskills,33,1,0,"The author is the subject describing their own relationship situation (P=1), but the tone is casual and deliberative with no explicit emotion words or affective phrasing (E=0)."
rd_1817s9,reddit,socialskills,133,1,0,"The author describes their own social habits and identity on campus (a life-domain topic), but the language is reflective and curious rather than containing any explicit emotion words or clear affective phrasing (P=1, E=0)."
rd_178meh,reddit,socialskills,103,1,0,"The author is the subject describing a personal romantic situation (P=1), but the language is deliberative and narrative with no explicit emotion words or affective phrasing naming an internal state (E=0)."
rd_vd79w,reddit,socialskills,105,1,0,"The author describes their own health/mental-health situation (combat-related social anxiety) in a personal life domain (P=1), but the language is measured and descriptive—sweating and losing train of thought are observable behavioral descriptions, not named internal emotional states—so E=0 per Rule 3 and the behavioral-description guidance."
rd_13kfj6,reddit,socialskills,174,1,1,The author describes her own relationship situation (P=1) and explicitly names internal states — 'intimidated' and 'scared' — qualifying as E=1.
rd_sn3ac,reddit,socialskills,56,1,0,"The author describes their own social situation (a life domain — relationships) but the language is neutral and observational, with no explicit emotion words or affective phrasing."
rd_14rd9v,reddit,socialskills,20,0,0,"The author is asking for opinions on a document (logistical/task-oriented framing), not describing a life-domain situation, so P=0; no emotion words or affective phrasing, so E=0."
rd_zfp4j,reddit,socialskills,183,1,0,"The author describes a recurring personal social problem (making conversational assumptions) that falls in a life domain, but the language is analytical and problem-solving in tone with no explicit emotion words or clear affective phrasing naming an internal state."
rd_ys1ji,reddit,socialskills,330,1,1,"The author describes their own progress and uses clear affective phrasing like 'wallowing in self pity' and addresses personal struggles with confidence, and the post contains explicit emotional language ('Change is scary,' 'hate your job,' 'hate your life') naming internal states."
rd_18ge94,reddit,socialskills,118,1,1,"The author is the subject describing their own social situation (new school, shyness, fitting in — a personal life domain), and explicitly names an emotional state with 'feeling a bit nervous.'"
rd_14t06f,reddit,socialskills,125,1,1,The author describes their own social behavior (P=1) and explicitly names their internal state ('getting a little nervous') which qualifies as an emotion word triggering E=1.
rd_12ja38,reddit,socialskills,196,1,0,"The author is the subject describing a personal social/identity challenge (memory, social confidence), but the language is analytical and self-reflective throughout with no explicit emotion words or clear affective phrasing naming an internal state — 'It's the worst' is a casual hyperbole, not an emotion word under Rule 3."
rd_11cyob,reddit,socialskills,158,1,1,"The author describes their own social situation (P=1) and uses clear affective phrasing such as 'which scares me' and 'I dunno,' signaling an internal emotional state (E=1)."
rd_18jnfx,reddit,socialskills,81,1,0,"The author is the subject describing their own social situation (a life domain), but the language is deliberative and advice-seeking with no explicit emotion words or clear affective phrasing naming an internal emotional state."
rd_1848ts,reddit,socialskills,55,1,1,"The author is the subject describing a personal social/identity struggle, and 'don't even want to talk to people' combined with 'I'll feel like I'm just wasting their time' constitutes clear affective phrasing naming an internal emotional state."
rd_znf8i,reddit,socialskills,269,1,1,"The author is the subject describing a personal relationship situation, and uses explicit emotional language ('I still regret,' 'regret not talking to her') naming an internal affective state."
rd_ziq73,reddit,socialskills,80,1,1,"The author is the subject describing a personal relationship/lifestyle situation, and uses explicit affective language ('bored,' 'Am I depressed?') naming internal states."
rd_rzcfj,reddit,socialskills,189,1,0,"The author is describing their own social behavior and interpersonal situation (a life domain), but the tone is analytical and deliberative throughout with no explicit emotion words or clear affective phrasing naming an internal state."
rd_16wfr9,reddit,socialskills,27,0,0,"The author is soliciting others' stories for motivation, not describing their own life situation as the primary subject, so P=0; the tone is casual and task-oriented with no explicit emotion words or clear affective phrasing, so E=0."
rd_yggtf,reddit,socialskills,85,1,0,"The author is describing their own health concerns (ADD, anxiety, finances for therapy) in a life domain, but the language is deliberative and practical with no explicit emotion words or affective phrasing — Rule 3 applies."
rd_13vc9u,reddit,socialskills,191,1,1,"The author describes his own social anxiety, explicitly names 'fear' and feeling 'lost,' and uses clear affective phrasing ('I feel lost,' 'I don't know what to do') about a personal life domain (relationships/identity), meeting both P=1 and E=1 thresholds."
rd_11upkb,reddit,socialskills,308,1,1,"The author is the subject describing their own social situation (personal domain: relationships/friendships), and the message contains explicit affective phrasing such as 'I'm honestly such a SAP,' 'What's wrong with me?!' and 'I don't understand how normal people do this,' which name internal states of confusion and self-doubt."
rd_10qwuc,reddit,socialskills,196,1,1,"The author describes their own relational pattern and explicitly names emotional states — 'fear' and 'afraid' — referring to their internal experience, satisfying both P=1 and E=1 criteria."
rd_togwe,reddit,socialskills,23,1,0,"The author is the subject describing a recurring personal social situation (being caught mid-chew and not knowing how to respond), but the language is humorous and descriptive rather than containing explicit emotion words or affective phrasing naming an internal state."
rd_180jvu,reddit,socialskills,126,0,0,"The author is sharing general advice and tips for others rather than describing their own personal situation or problem in a life domain, making this P=0; the tone is measured and explanatory with no explicit emotion words or affective phrasing, making this E=0."
rd_10qqed,reddit,socialskills,116,1,0,"The author describes their own social situation in college (P=1), but the tone is deliberative and advice-seeking with no explicit emotion words or affective phrasing (E=0)."
rd_12jsdd,reddit,socialskills,164,1,1,"The author is the subject describing their own social difficulty (life domain: identity/social functioning), and 'I feel like I am doing it wrong' plus 'I don't know how to make it seem like I'm relaxed' contain affective phrasing naming an internal state of discomfort and uncertainty."
rd_16pod7,reddit,socialskills,39,1,0,"The author is the subject describing a personal relationship situation (P=1), but the language is neutral and deliberative with no explicit emotion words or affective phrasing (E=0)."
rd_1591n2,reddit,socialskills,163,1,0,"The author is describing their own romantic situation (a life domain — relationships), but the language throughout is deliberative and measured with no explicit emotion words or affective phrasing that names an internal state."
rd_13v1gu,reddit,socialskills,100,1,0,"The author is describing their own relationship situation (a friendship becoming distant), which is a life-domain topic, but the language remains narrative and deliberative with no explicit emotion words or clear affective phrasing naming an internal state."
rd_171rya,reddit,socialskills,20,1,1,"The author describes their own social experience (P=1) and uses ':(""' plus the phrase 'clammed up' and 'over thought' which signal an internal emotional/anxious state (E=1)."
rd_15iy76,reddit,socialskills,177,1,0,"The author is the subject describing a real workplace situation (a life/career domain) with deliberative framing seeking advice, but uses no explicit emotion words or clear affective phrasing that names an internal emotional state."
rd_11xbrg,reddit,socialskills,143,1,1,The author describes her own social situation (P=1) and uses explicit affective phrasing — 'I feel out of place everywhere' and 'I find it so hard' — that names an internal emotional state (E=1).
rd_s4cip,reddit,socialskills,42,1,0,"The author is the subject describing their own walking behavior and body, a health/body domain (P=1), but the language is neutral and task-oriented with no explicit emotion words or affective phrasing (E=0)."
rd_18z0kc,reddit,socialskills,77,0,0,"The author is asking for advice on a task (how to open a speech), not describing a personal life domain situation — this is logistical/task-oriented framing (Rule 1), and the tone is casual and polite with no explicit emotion words or affective phrasing (Rule 3)."
rd_194fma,reddit,socialskills,61,1,1,"The author is the subject describing a personal/relationship event and uses an explicit emotion word ('rage') naming an internal state, satisfying both P=1 and E=1."
rd_xyovm,reddit,socialskills,253,1,0,"The author is the subject describing a personal social situation (relationship/identity domain) involving romantic interest, but the language is deliberative and analytical rather than containing explicit emotion words or clear affective phrasing naming an internal state."
rd_15xrt2,reddit,socialskills,52,1,0,"The author describes their own social difficulty (a personal life domain) but uses no explicit emotion words or clear affective phrasing — the description of pauses, awkwardness, and phone-checking are behavioral observations, not named internal states (Rule 3)."
rd_193okf,reddit,socialskills,103,1,0,"The author describes a recurring social difficulty they personally face (responding to pessimistic or grieving people), which is a life/social-skills domain, but the language is neutral and deliberative with no explicit emotion words or affective phrasing."
rd_sn8ja,reddit,socialskills,139,1,1,"The author describes their own social anxiety in a life domain (relationships/identity) and uses explicit emotion words — 'scared,' 'nervous' — naming internal emotional states, making both P=1 and E=1."
rd_vd3bx,reddit,socialskills,114,1,0,"The author describes a recurring personal challenge (social/conversational difficulty) in their own life (P=1), but the language is analytical and deliberative with no explicit emotion words or affective phrasing (E=0)."
rd_167cb2,reddit,socialskills,108,1,0,"The author describes a personal social/identity pattern (P=1), but the language is analytical and observational rather than containing explicit emotion words or clear affective phrasing (E=0)."
rd_14mah2,reddit,socialskills,79,1,0,"The author is the subject describing their own career/education situation (P=1), but the tone is deliberative and task-oriented with no explicit emotion words or affective phrasing (E=0)."
rd_12bg6g,reddit,socialskills,134,1,0,"The author describes their own social life and dating situation (P=1), but the language is advisory and experiential rather than affectively charged — 'tired of not being able to talk to people' describes a behavioral frustration without naming an acute emotional state, so E=0."
rd_17ek08,reddit,socialskills,56,1,0,"The author describes their own day (P=1, life/social domain), but the tone is entirely neutral and matter-of-fact with no explicit emotion words or affective phrasing (E=0)."
rd_181ai8,reddit,socialskills,201,1,1,"The author describes their own social anxiety, self-esteem, and identity struggles (P=1), and uses explicit emotional language including 'It pisses me off,' 'I feel inferior,' and 'I'm stuck' (E=1)."
rd_11lltx,reddit,socialskills,68,1,1,"The author describes their own emotional life (a health/identity domain, P=1) and uses explicit affective language — 'emotionally dull,' 'I've been fighting this' — that names an internal state (E=1)."
rd_14lwp7,reddit,socialskills,17,0,0,"The message is a detached, factual question about how to distinguish something in a third-party scenario, with no indication the author is the subject and no emotional language."
rd_1686dj,reddit,socialskills,182,1,1,"The author describes their own mental/social struggles (P=1) and uses clear affective phrasing 'I just don't know what to do' and describes 'walking around in a fog,' naming an internal disoriented state (E=1)."
rd_1587bf,reddit,socialskills,565,1,1,"The author describes their own workplace situation (life domain: work/relationships) and uses explicit emotional language such as 'felt so bad,' 'I hate suck ups,' and describes the situation as 'really awkward,' signaling clear affective states."
rd_18co6p,reddit,socialskills,71,1,0,"The author is the subject navigating a real social/interpersonal situation (a friend's pyramid scheme pitch), which is a life-domain topic, but the tone is deliberative and analytical with no explicit emotion words or affective phrasing."
rd_13jobu,reddit,socialskills,352,1,1,"The author describes her own life situation (body/health, dating, identity) and uses explicit emotional language such as 'feel so awkward,' 'don't have the guts,' and 'want to be comfortable in my own skin,' which are clear affective phrases naming internal states."
rd_15wej6,reddit,socialskills,66,1,1,"The author describes their own social situation (P=1) and uses 'feel like such an outcast,' which is a clear affective phrase naming an internal emotional state (E=1)."
rd_ybxxx,reddit,socialskills,124,1,0,"The author is the subject describing a dating situation (relationships domain), but the language is deliberative and neutral with no explicit emotion words or affective phrasing — 'socially inept' is a self-deprecating label, not an acute emotional state."
rd_10axrc,reddit,socialskills,74,1,0,"The author is the subject seeking advice on a personal social/lifestyle challenge (making friends with musicians), but the language is deliberative and matter-of-fact with no explicit emotion words or affective phrasing."
rd_196z0y,reddit,socialskills,23,1,0,"The author is asking about their own dating situation (a relationship/life domain topic), but the language is neutral and deliberative with no explicit emotion words or affective phrasing."
rd_17b05s,reddit,socialskills,156,1,0,"The author describes their own social personality and a desire for self-improvement (a life domain), but the language is analytical and deliberative with no explicit emotion words or clear affective phrasing, so E=0 per Rule 3."
rd_18a34a,reddit,socialskills,233,1,0,"The author is describing their own experience with introversion and social exhaustion (a personal health/identity domain), but the language remains descriptive and analytical throughout — 'physically drained' and 'exhaustion' describe observable bodily states rather than named emotional states, so E=0 per Rule 3."
rd_dj5n3,reddit,socialskills,131,1,0,"The author describes their own social situation at work events (a life domain: career/social skills), but the language is neutral and task-oriented throughout, with no explicit emotion words or clear affective phrasing — the closing 'Thanks :)' is a polite filler per Rule 2."
rd_15cb3n,reddit,socialskills,46,1,0,"The author is the subject describing a personal communication trait (P=1), but the language is self-critical and analytical rather than containing explicit emotion words or clear affective phrasing naming an internal state (E=0)."
rd_15icm8,reddit,socialskills,87,1,0,"The author describes their own social situation and identity (male in college reinventing social life), making it personal (P=1), but the language is deliberative and task-oriented with no explicit emotion words or affective phrasing (E=0)."
rd_173pn6,reddit,socialskills,120,1,0,"The author describes their own social behavior and a personal problem with nosey people (life domain: relationships/identity), but the language is analytical and deliberative with no explicit emotion words or clear affective phrasing — 'hate it' is the closest candidate but functions more as a preference statement in an otherwise measured, tactical framing."
rd_17cveo,reddit,socialskills,560,1,1,"The author describes their own social life and identity (P=1), and uses explicit emotion words and affective phrasing such as 'truly hurts,' 'bugging me,' and 'get it off my chest' that name internal emotional states (E=1)."
rd_17npe8,reddit,socialskills,102,1,1,"The author describes their own social situation (no friends, ignored by family/school) and uses clear affective phrasing — 'fear that the person in front of me will be upset' — naming an internal emotional state, making E=1."
rd_17l05j,reddit,socialskills,170,1,1,"The author describes their own social situation (P=1) and uses explicit emotional language — 'feel shitty and lonely,' 'getting me down,' 'feel unwanted' — naming clear internal states (E=1)."
rd_16wjt3,reddit,socialskills,28,1,0,"The author is the subject describing a personal relationship situation (P=1), but the language is neutral and deliberative with no explicit emotion words or affective phrasing (E=0)."
rd_ynk3o,reddit,socialskills,66,0,0,"The author is promoting an app, not describing their own personal situation or life domain, so P=0; the tone is neutral and task/promotional-oriented with no explicit emotion words, so E=0."
rd_130o3e,reddit,socialskills,164,1,1,"The author is describing their own social life and time constraints (P=1), and explicitly uses 'I feel like a dick' which names an internal emotional state (E=1)."
rd_14j3y2,reddit,socialskills,92,1,1,"The author is the subject describing their own social anxiety and self-identity, and the phrase 'How do I get out of this pit?' is clear affective phrasing naming a negative internal state (feeling trapped/stuck)."
rd_to2vn,reddit,socialskills,48,0,0,"The author is asking for alternatives to a common greeting question — this is a task/discussion request, not a personal life-domain topic, so P=0; the mild opinion ('very dull') does not constitute an explicit emotion word or affective phrasing naming an internal state, so E=0."
rd_16uxlt,reddit,socialskills,447,1,1,"The author explicitly states 'I am insulted by this,' 'feels shitty,' and describes lowered self-esteem, all of which are explicit emotion words naming internal states, making this both personal (own social/self-esteem situation) and emotional."
rd_11vhpz,reddit,socialskills,159,1,0,"The author describes their own romantic and social situation (a life domain), but the language is deliberative and measured throughout — no explicit emotion words or affective phrasing that name an internal state, so E=0."
rd_16fhts,reddit,socialskills,148,1,1,"The author describes their own social situation (P=1) and uses explicit affective phrasing such as 'felt like I didn't belong,' 'Kicked myself,' and 'felt like I was intruding,' which name internal emotional states (E=1)."
rd_18epgb,reddit,socialskills,250,1,1,"The author describes their own social situation (personal life domain: relationships/identity) and uses explicit affective phrasing such as 'extremely disconcerting' and 'I feel asking… will lead to… everything becoming really awkward,' naming internal emotional states."
rd_18y1ik,reddit,socialskills,128,1,0,"The author describes their own speech difficulty (a personal health/social domain issue) in measured, analytical language — 'I feel like I sorta have to be forceful' describes a practical observation rather than naming an emotional state, and 'if I get too nervous' is a conditional behavioral descriptor rather than an explicit emotion word about their current internal state."
rd_w938p,reddit,socialskills,95,1,0,"The author describes their own recurring social pattern in relationships (P=1), but the tone is analytical and self-deprecating humor with no explicit emotion words or affective phrasing naming an internal state (E=0)."
rd_17ctig,reddit,socialskills,39,1,1,"The author is the subject describing a personal relationship/identity domain, and uses explicit affective language ('lost all that I had') signaling an internal emotional state following a breakup."
rd_118mad,reddit,socialskills,49,1,0,"The author is the subject describing a recurring social situation in their own life (a relationship/identity-adjacent interaction), but the tone is neutral and observational with no explicit emotion words or affective phrasing."
rd_155jfc,reddit,socialskills,246,1,1,"The author explicitly names internal states — 'feel anxious,' 'feeling awkward,' 'self conscious' — which are clear emotion words referring to their own experience in social situations, a personal life-domain topic."
rd_11e58e,reddit,socialskills,215,1,0,"The author describes their own social situation and self-confidence struggles (a life domain topic), but the language is analytical and deliberative throughout — 'self-doubt' is used as a descriptive label rather than an explicit emotional expression, and there are no clear affective phrases naming an acute internal state per Rule 3."
rd_18pjkz,reddit,socialskills,149,1,1,"The author describes their own social life and feelings of exclusion, and uses clear affective phrasing ('i guess maybe some tips' follows 'I cud go on and on' and 'said fuck em') plus explicitly frames the post as venting, signaling an internal emotional state."
rd_142emc,reddit,socialskills,29,1,0,"The author is the subject discussing a personal relationship/dating situation, but the language is deliberative and matter-of-fact with no explicit emotion words or clear affective phrasing (""clueless"" is self-deprecating but describes a trait, not an acute internal emotional state)."
rd_11sf8w,reddit,socialskills,23,1,0,"The author is describing their own social situation (a life domain — relationships/identity) in measured, deliberative language with no explicit emotion words or affective phrasing."
rd_13ydh9,reddit,socialskills,109,0,0,"The author is recommending a book to others on the subreddit rather than describing their own personal life situation, making this P=0; and while 'I love this book' expresses mild enthusiasm, this is a polite closing sentiment rather than an explicit emotion word referring to an internal affective state, so E=0."
rd_179il3,reddit,socialskills,65,0,0,"The author is searching for a specific post/resource — this is a task/information-retrieval request, not a description of the author's own life situation in a personal domain, so P=0; the tone is neutral and curious with no explicit emotion words, so E=0."
rd_114ogf,reddit,socialskills,91,1,1,"The author describes their own social anxiety (a health/feelings domain) and uses explicit emotion words ('anxieties,' 'anxious,' 'afraid') along with clear affective phrasing ('don't know what to do,' 'thoughts start racing'), satisfying both P=1 and E=1."
rd_18xost,reddit,socialskills,443,1,1,"The author is the subject describing their own social life situation (P=1), and uses explicit affective language ('I was really happy to see that') naming an internal emotional state (E=1)."
rd_wdqbi,reddit,socialskills,76,1,0,"The author describes their own social behavior and identity (P=1), but the language is measured and analytical with no explicit emotion words or affective phrasing naming an internal state (E=0)."
rd_yd1gi,reddit,socialskills,70,1,1,The author describes their own health experience (P=1) and uses explicit affective language — 'get stressed out and shut down' — naming an internal emotional state (E=1).
rd_14bmit,reddit,socialskills,59,0,0,"The message describes a generic social situation in second-person ('you'), not the author's own specific life situation, making it more of a general how-to question (P=0), and the tone is neutral with no explicit emotion words or affective phrasing (E=0)."
rd_16usg2,reddit,socialskills,117,1,0,"The author describes their own social situation in college (a life-domain topic — relationships/identity), but the language is analytical and descriptive with no explicit emotion words or clear affective phrasing naming an internal state."
rd_13isr2,reddit,socialskills,75,1,1,"The author explicitly uses 'plagued me' to describe their own ongoing internal state, meeting the E=1 threshold, and the topic is a personal social/relational difficulty the author is the subject of, making it P=1."
rd_1729e8,reddit,socialskills,300,1,1,"The author describes their own social struggles (P=1) and uses clear affective phrasing like 'I don't even have a single friend' and expressions of frustration ('fuck that,' 'jackasses') that name an internal state of distress and exasperation (E=1)."
rd_17ocat,reddit,socialskills,102,1,0,"The author is the subject describing their own social situation as a college senior (life domain: relationships/identity), but the language is deliberative and action-oriented with no explicit emotion words or affective phrasing."
rd_xude9,reddit,socialskills,231,1,0,"The author describes their own appearance, social situation, and prospects (P=1), but the language remains analytical and deliberative throughout with no explicit emotion words or affective phrasing (E=0)."
rd_16e8av,reddit,socialskills,69,1,0,"The author describes their own real-life social difficulty at work (P=1), but the language remains neutral and deliberative — 'having a very difficult time' describes a practical obstacle rather than naming an internal emotional state, so E=0 per Rule 3."
rd_15unh5,reddit,socialskills,195,1,1,"The author describes their own mental/health experience (P=1) and uses explicit emotion words and affective phrasing — 'anxious thoughts,' 'perfectly content,' 'I don't even know why I'm typing this' — that name internal states (E=1)."
rd_11846j,reddit,socialskills,77,1,1,"The author is the subject describing a personal romantic situation (life domain: relationships), and the phrase 'I don't know what to do' is clear affective phrasing naming an internal state of uncertainty/distress."
rd_13wkos,reddit,socialskills,52,1,0,"The author is describing their own relationship situation (P=1), but the language is observational and deliberative with no explicit emotion words or clear affective phrasing about the author's internal state (E=0)."
rd_15lx4l,reddit,socialskills,108,1,0,"The author reflects on their own social habits and self-motivation in a life domain (relationships/identity), but the language is analytical and deliberative — 'not sure why,' 'I feel if' — with no explicit emotion words or clear affective phrasing naming an internal state (E=0)."
rd_ajga1,reddit,socialskills,142,1,0,"The author is describing their own plan and self-identified difficulty with a social/personal-growth goal (P=1), but the language is deliberative and motivational rather than containing explicit emotion words or clear affective phrasing naming an internal state (E=0)."
rd_11dttz,reddit,socialskills,21,1,0,"The author is the subject describing a relationship/romantic situation (P=1), but the language is purely deliberative and task-oriented with no explicit emotion words or affective phrasing (E=0)."
rd_110p05,reddit,socialskills,917,1,1,"The author is the subject describing a personal relationship situation (P=1), and uses explicit emotional language including 'I feel stupid,' 'gives me butterflies,' 'makes me depressed,' 'can't get her out of my head,' and 'feel blah' — all of which name internal emotional states (E=1)."
rd_18or6x,reddit,socialskills,62,1,1,The author describes their own social and relationship situation (P=1) and uses clear affective phrasing — 'cringing constantly' and 'can't help it' — that names an internal state (E=1).
rd_18o0or,reddit,socialskills,238,1,1,"The author describes their own situation involving social anxiety around romantic interest (P=1), and uses clear affective phrasing such as 'I'm trying to forget her, but I'm just thinking about her' and 'I felt my heart pounding' combined with explicit protective self-talk about humiliation, signaling a named internal emotional state (E=1)."
rd_15yxmz,reddit,socialskills,97,1,0,"The author is the subject describing a personal social/career situation (internship + past rivalry), but the language is entirely deliberative and neutral with no explicit emotion words or affective phrasing."
rd_1682ry,reddit,socialskills,41,1,0,"The author describes a personal social situation (relationships/identity domain, P=1), but the language is neutral and descriptive with no explicit emotion words or clear affective phrasing (E=0)."
rd_16u5aa,reddit,socialskills,172,1,1,"The author describes their own social situation (P=1) and explicitly states they 'feel excluded and guilty' and that the situation has been 'incredibly difficult,' which are clear emotion words naming internal states (E=1)."
rd_11qmmz,reddit,socialskills,137,1,0,"The author is the subject describing a personal romantic situation (relationship domain), but the language is deliberative and request-oriented with no explicit emotion words or clear affective phrasing — 'I really like her a lot' is a mild preference statement, not a named emotional state, so E=0 per Rule 3."
rd_14rmjt,reddit,socialskills,220,1,1,"The author is the subject describing a personal relationship situation, and uses explicit affective phrasing ('I feel awkward,' 'I can't stop thinking about her') that names internal emotional states, satisfying both P=1 and E=1."
rd_18ue5y,reddit,socialskills,154,1,0,"The author describes their own social situation (a college acquaintance, a party invitation dilemma), which is a personal life domain, but the language is deliberative and logistical with no explicit emotion words or affective phrasing — 'don't want the people to get annoyed' describes a desired outcome, not a named internal state."
rd_14l1ex,reddit,socialskills,292,1,1,"The author is the subject describing a personal identity/behavior pattern (P=1), and uses explicit affective language ('I really hate being like this,' 'I even hate some of my friends') naming internal emotional states (E=1)."
rd_16ymd0,reddit,socialskills,330,1,1,"The author is describing their own life situation (loneliness, lack of friendships, relationship difficulties) and explicitly uses emotional language such as 'feeling so lonely,' 'I feel like,' and 'I don't know how,' which name internal emotional states."
rd_z7pnc,reddit,socialskills,74,1,0,"The author describes their own social situation (height, interactions with strangers) in a life domain (identity/social relationships), but the language is neutral and deliberative with no explicit emotion words or affective phrasing — 'I have no idea what I should say' describes a practical gap, not a named emotional state."
rd_1589gq,reddit,socialskills,469,1,1,"The author describes their own life situation (fear affecting relationships, social life, mental state) in a life domain, and uses explicit emotion words and affective phrasing: 'scared of people,' 'terribly tired,' 'I just want to feel safe,' and 'I don't know what to do about all of this fear.'"
rd_14tzaa,reddit,socialskills,156,1,1,"The author describes their own social situation (a life domain — identity/relationships) and uses the explicit emotion word 'anxious' to name an internal state, satisfying both P=1 and E=1."
rd_17lb6e,reddit,socialskills,14,1,0,"The author is the subject describing a social interaction (a life/relationships domain), but the language is neutral and descriptive with no explicit emotion words or affective phrasing — the milestone framing is deliberative, not affective."
rd_xno2k,reddit,socialskills,59,1,1,"The author describes their own situation and uses 'I know how it feels' as affective phrasing that names an internal emotional state (empathy/longing for connection), and 'not having someone to talk to' signals a personal social/emotional need."
rd_16skcf,reddit,socialskills,79,1,0,"The author is describing their own situation (upcoming graduate school interview trip), which falls in the life domain of education/career decisions, but the tone is entirely deliberative and task-oriented with no explicit emotion words or affective phrasing (E=0)."
rd_ubm3l,reddit,socialskills,197,1,1,The author describes their own social difficulties (P=1) and explicitly uses the words 'dreadfully awkward and painful' to name an internal emotional state (E=1).
rd_10wkzw,reddit,socialskills,201,1,1,"The author describes their own work/social life (P=1) and uses explicit affective phrasing: 'afraid of doing or saying something stupid,' 'feels pretty daunting,' signaling named internal states (E=1)."
rd_15ahk9,reddit,socialskills,120,1,1,"The author describes their own identity and relationships (P=1), and 'Grr' is a clear affective expression of frustration signaling an internal emotional state (E=1)."
rd_16v04k,reddit,socialskills,130,1,0,"The author is the subject describing a relationship situation (personal life domain), but the tone is analytical and deliberative with no explicit emotion words or clear affective phrasing naming an internal state."
rd_16k61x,reddit,socialskills,86,1,0,"The author is describing their own social life and loneliness (a life domain — relationships/feelings), but the language is measured and analytical with no explicit emotion words or clear affective phrasing, so E=0 per Rule 3."
rd_194176,reddit,socialskills,62,1,1,"The author is the subject sharing their own experience ('it really helped me'), the topic is social confidence (a feelings/identity domain), and 'nervous' is an explicit emotion word referring to the author's state."
rd_122z2a,reddit,socialskills,51,1,1,"The author is the subject describing their own relationship/identity situation (P=1), and uses explicit emotion words 'nervous' and 'freaks me out' to name their internal state (E=1)."
rd_us9vf,reddit,socialskills,331,1,0,"The author is the subject describing their own life situation (social life, personal development, limited options in their town), which falls in a life domain, but the language throughout is deliberative and neutral with no explicit emotion words or affective phrasing."
rd_17nyg5,reddit,socialskills,209,1,1,"The author describes their own social struggles (P=1) and explicitly states 'I get really self conscious and don't know what to say,' which is clear affective phrasing naming an internal state (E=1)."
rd_197el1,reddit,socialskills,129,1,1,"The author describes their own living situation and self-esteem struggles (P=1), and uses explicit affective phrasing — 'feel like my self esteem is taking a huge hit' and 'I'm not sure how I should deal with this' — naming an internal emotional state (E=1)."
rd_16zrcm,reddit,socialskills,98,1,1,"The author describes their own social struggles in a life domain (relationships/identity) and explicitly states 'I'm a little depressed,' which is a direct emotion word referring to their internal state."
rd_11h6k7,reddit,socialskills,170,1,0,"The author describes their own social life and shyness (a personal trait/identity domain), but the language remains task-oriented and deliberative throughout — 'feel very shy' is a mild trait description rather than explicit acute affect, and the overall framing is a request for practical advice, keeping E=0 per Rule 3."
rd_zjmqh,reddit,socialskills,183,1,1,"The author describes their own social life and relationships (P=1), and uses the explicit emotion word 'despise' and phrases like 'I know I am creating my own loneliness' that name internal emotional states (E=1)."
rd_yofq9,reddit,socialskills,80,1,1,"The author describes their own situation (entering high school, social identity, relationships) and explicitly names 'anxiety' as an internal emotional state they want to get past, satisfying both P=1 and E=1."
rd_x37bw,reddit,socialskills,302,1,1,"The author is the subject describing their own social life and identity struggles (P=1), and uses explicit affective phrasing — 'haunting me,' 'couldn't handle,' and the TL;DR framing of embarrassment and pity — that names internal emotional states (E=1)."
rd_18n0s5,reddit,socialskills,305,1,1,"The author describes their own reactions and internal states explicitly ('I get upset,' 'afraid of talking to people'), satisfying both the personal life-domain condition and the emotional language threshold."
rd_t36pp,reddit,socialskills,19,0,0,"The message defines a concept and issues a general invitation; the author is not describing their own life situation, and no explicit emotion words referring to the author's internal state are present."
rd_100i8g,reddit,socialskills,221,1,1,"The author is the subject describing their own social situation at college (life domain: identity/relationships), and explicitly names internal states — 'I am anxious' (twice) and 'without getting embarrassed' — satisfying both P=1 and E=1."
rd_14tl9w,reddit,socialskills,19,0,0,"The author is asking for advice on how to talk to others in emotional situations — the subject is a third party, not the author's own life domain, so P=0; the language is neutral and task-oriented with no explicit emotion words referring to the author's own state, so E=0."
rd_16b1by,reddit,socialskills,59,1,1,"The author describes their own social discomfort ('get uncomfortable') in a personal life domain (social relationships/feelings), and 'uncomfortable' is an explicit emotion word referring to their own internal state, making E=1."
rd_tu87z,reddit,socialskills,102,1,0,"The author is describing their own social situation at school (a life domain — relationships/identity), but the language is deliberative and observational with no explicit emotion words or affective phrasing naming an internal state."
rd_14q04m,reddit,socialskills,120,1,0,"The author is the subject describing their own social life and friendships (a life domain), but the tone is deliberative and analytical with no explicit emotion words or affective phrasing."
rd_1480bf,reddit,socialskills,87,1,1,"The author is the subject describing a personal social struggle, and 'Don't know what to do' is clear affective phrasing signaling an internal state of distress, qualifying as E=1."
rd_16gw98,reddit,socialskills,310,1,1,"The author explicitly uses 'frustrated' and 'so frustrating' to name their internal emotional state, and the topic is a significant personal social/relational pattern in their own life, satisfying both P=1 and E=1."
rd_15wwa3,reddit,socialskills,76,1,0,"The author describes their own social situation (P=1) but uses trait/behavioral descriptions ('quiet and shy,' 'can't speak,' 'zero social skills') without any explicit emotion words or clear affective phrasing naming an internal emotional state (E=0)."
rd_ylmt0,reddit,socialskills,200,1,0,"The author describes their own social behavior and decision-making around relationships (P=1), but the tone is deliberative and analytical throughout with no explicit emotion words or affective phrasing (E=0)."
rd_17cxzb,reddit,socialskills,300,1,1,"The author is the subject describing their own social isolation and life situation (P=1), and uses explicit emotional language including 'scared of everyone,' 'covering my fear,' 'cripplingly scared,' and 'feeling stupid' — all of which name internal emotional states (E=1)."
rd_179kca,reddit,socialskills,98,1,1,The author describes their own social situation (P=1) and explicitly uses the word 'frustrating' to name an internal emotional state (E=1).
rd_13k514,reddit,socialskills,221,1,1,"The author describes their own social struggles in a life domain (relationships/identity) and uses explicit emotional language including 'I'm worried,' 'social anxiety disorder,' and affective phrasing like 'I don't feel like I know' and 'I find it difficult to connect or open up,' which name internal states rather than merely describing behavior."
rd_154y19,reddit,socialskills,29,1,1,"The author describes their own social situation (P=1) and uses the explicit affective phrase 'I feel boring' naming an internal state, satisfying E=1."
rd_18hyjr,reddit,socialskills,126,1,1,"The author describes their own social and academic situation (P=1), and the phrase 'I don't know how to balance this' is clear affective phrasing naming an internal state of uncertainty/being lost (E=1)."
rd_100wep,reddit,socialskills,46,1,1,"The author is the subject describing their own life situation (studying abroad, language learning) in a life domain, and explicitly uses the emotion word 'scared' to name their internal state."
rd_x342t,reddit,socialskills,78,1,1,"The author describes their own social anxiety using explicit emotion words ('nervous') and affective phrasing ('I worry'), making this both personal (a life domain issue) and emotional."
rd_16tjh6,reddit,socialskills,89,1,0,"The author is the subject describing a work-related situation (P=1), but the language is task-oriented and deliberative with no explicit emotion words or affective phrasing (E=0)."
rd_177xcz,reddit,socialskills,84,1,0,"The author describes a personal social trait in a life/identity domain (P=1), but the language is neutral and analytical throughout — 'get bored' is a mild behavioral observation and 'mind numbing' describes the content, not an acute named emotional state (E=0)."
rd_mns3d,reddit,socialskills,56,0,0,"The author is posing a philosophical/social question about a cultural taboo rather than describing their own personal situation or life domain, so P=0; the tone is analytical and deliberative with no explicit emotion words or affective phrasing, so E=0."
rd_17nz1f,reddit,socialskills,58,1,1,The author describes their own social experience (personal life domain) and uses explicit affective language — 'too anxious' — naming their internal emotional state.
rd_vawdx,reddit,socialskills,162,1,0,"The author is describing their own personal development and identity (P=1), but the language is analytical and deliberative throughout — 'I question if I developed into an annoying duchebag' is self-reflective but does not contain explicit emotion words or clear affective phrasing naming an internal emotional state (E=0)."
rd_14fhbz,reddit,socialskills,121,1,0,"The author is the subject describing their own upcoming work networking situation (career/professional domain), but the tone is practical and deliberative with no explicit emotion words or affective phrasing — 'I really want' expresses desire but not a named emotional state."
rd_zdq5t,reddit,socialskills,34,1,0,"The author is the subject describing their own social behavior in a personal/identity domain, but the language is neutral and deliberative with no explicit emotion words or affective phrasing."
rd_xwos5,reddit,socialskills,224,1,1,"The author describes their own long-standing social anxiety and uses explicit emotional language ('makes me SOOO nervous') and affective phrasing ('I'll be forever alone'), satisfying both P=1 and E=1."
rd_179n6t,reddit,socialskills,22,0,0,"The author is asking for general conversation tips rather than describing their own life situation in a personal domain, making this a task/advice question (P=0), and the language is neutral with no explicit emotion words (E=0)."
rd_159m60,reddit,socialskills,309,1,1,"The author describes their own interpersonal behavior in a life domain (relationships/identity) and uses explicit affective language: 'feeling awkward,' 'I want to bury my head in the sand,' and 'I'm going to end up sad and alone,' all of which name internal emotional states."
rd_14rxz7,reddit,socialskills,94,1,0,"The author is describing their own social difficulty (a personal life domain — relationships/identity), but the language is analytical and descriptive with no explicit emotion words or affective phrasing, so E=0 per Rule 3."
rd_t8n6m,reddit,socialskills,241,1,1,"The author describes their own social situation and explicitly names emotional states — 'super stoked,' 'incredibly nervous,' 'scared,' 'anxiety,' and 'fucking nervous' — making both P=1 and E=1."
rd_15ngvf,reddit,socialskills,42,1,1,"The author is the subject describing a personal social/identity problem (P=1), and 'arrogant ass hole' and the implicit frustration in 'it hardly works' — combined with 'my problem' framing — amount to clear affective phrasing naming an internal social-emotional struggle (E=1)."
rd_1042oo,reddit,socialskills,90,1,1,"The author describes their own social situation and self-identifies with explicit emotional/psychological state words ('anxious,' 'depressed') that name internal states, satisfying both P=1 and E=1."
rd_w3hyv,reddit,socialskills,163,0,0,"The author is discussing a third-party service (Rentafriend.com) and soliciting general discussion, not describing their own life situation or personal problem, so P=0; the language is neutral and deliberative with no explicit emotion words or affective phrasing, so E=0."
rd_14pmqx,reddit,socialskills,21,1,0,The author is describing their own romantic situation (P=1) but the language is neutral and task-oriented with no explicit emotion words or affective phrasing (E=0).
rd_wmxmr,reddit,socialskills,94,1,0,"The author describes their own voice/behavior in a social context (life domain: identity/social communication), but the language is observational and deliberative — 'excited' describes a situational trigger rather than a named current emotional state, and 'cringe' is a mild behavioral reaction rather than explicit affective phrasing meeting the E=1 threshold."
rd_1926n3,reddit,socialskills,280,1,1,"The author describes their own life situation (P=1) and uses clear affective phrasing such as 'giant mental barrier,' 'can't get rid of that invisible wall,' and 'doubting my ability,' which name internal states beyond mere behavioral description (E=1)."
rd_18xkgn,reddit,socialskills,112,1,0,"The author is clearly the subject describing her own relationship and sexual history (P=1), but the language is analytical and descriptive throughout with no explicit emotion words or clear affective phrasing naming an internal state (E=0)."
rd_19624x,reddit,socialskills,297,1,1,"The author describes their own mental health (depression) and social struggles in a life domain, and uses explicit emotional language ('feel like a dick,' 'feel like a chore') naming internal states, satisfying both P=1 and E=1."
rd_15qvji,reddit,socialskills,283,1,0,"The author describes their own social situation and difficulty ending conversations (a life domain — social/identity), but the language is narrative and deliberative rather than emotionally expressive, with no explicit emotion words or clear affective phrasing naming an internal state."
rd_167erm,reddit,socialskills,180,1,1,"The author describes their own life situation (relationships, personal growth, social isolation) and uses explicit affective language such as 'it really sucks' and 'I want and need,' signaling a named internal emotional state."
rd_11ml02,reddit,socialskills,173,1,0,"The author is describing their own social situation and romantic dilemma (P=1), but the language is deliberative and narrative throughout with no explicit emotion words or clear affective phrasing — 'I'm afraid of' is the closest but it's embedded in a logical concern rather than expressing a named internal emotional state, and the overall tone remains analytical (E=0)."
rd_14l16r,reddit,socialskills,49,1,1,The author describes their own romantic situation (P=1) and explicitly names an internal emotional state — 'pretty nervous' — which qualifies as an explicit emotion word (E=1).
rd_16aeo9,reddit,socialskills,222,1,0,"The author describes their own relationship situation (P=1), but the language is analytical and deliberative throughout — 'mopey and whiney' describes past behavior rather than naming a current emotional state, and the overall tone is reflective and question-oriented (E=0)."
rd_188wjl,reddit,socialskills,146,1,1,The author describes their own social situation (P=1) and uses explicit affective language — 'I feel really stupid for everything' and 'I lose hope' — which name internal emotional states (E=1).
rd_156u0h,reddit,socialskills,34,1,0,"The author is the subject describing their own social situation (a life domain: relationships/identity), but the language is neutral and informational with no explicit emotion words or affective phrasing."
rd_14i0ej,reddit,socialskills,64,1,1,The author is the subject describing a post-breakup relationship situation (life domain) and uses 'annoying' — an explicit emotion word — to describe their internal state about the awkward interactions.
rd_18r3ck,reddit,socialskills,103,1,1,"The author describes their own relationship feelings using explicit emotional language ('feel ashamed,' 'feel vulnerable,' 'can't handle it') about a personal life domain (dating/relationships), satisfying both P=1 and E=1."
rd_14ovy2,reddit,socialskills,121,1,0,"The author describes their own social situation (a life domain — relationships/identity), but the language is deliberative and explanatory rather than emotionally expressive, with no explicit emotion words or clear affective phrasing naming an internal state."
rd_xefd0,reddit,socialskills,90,1,0,"The author is the subject describing their own social situation (a life-domain topic — relationships/identity), but the language is deliberative and neutral with no explicit emotion words or affective phrasing, so E=0."
rd_14tm58,reddit,socialskills,325,0,0,"The author is a moderator writing about subreddit policy and community management — a task/administrative framing — not describing their own life situation in a personal domain, so P=0; the tone is measured and deliberative with no explicit emotion words or affective phrasing, so E=0."
rd_14n9mg,reddit,socialskills,153,1,0,"The author is describing their own romantic situation (a life domain), but the language is narrative and deliberative throughout with no explicit emotion words or clear affective phrasing naming an internal state — 'paranoid' is the closest but it's hedged ('I'm not sure if... I'm just being paranoid') making it tentative rather than a clear expression of emotional distress."
rd_10c5gc,reddit,socialskills,50,1,0,"The author is the subject describing a personal trait (low social aptitude) in the life domain of identity/self-improvement, but the language is neutral and deliberative with no explicit emotion words or affective phrasing."
rd_104m6d,reddit,socialskills,163,1,1,"The author describes their own social anxiety using explicit emotion words ('awkward,' 'scared') and affective phrasing ('don't feel comfortable'), qualifying as both personal (life domain: identity/social relationships) and emotional."
rd_16na28,reddit,socialskills,66,1,0,"The author is the subject describing a roommate relationship (a life domain), but the language is measured and deliberative with no explicit emotion words or affective phrasing — 'less awkward' describes the situation, not a named internal emotional state."
rd_10phlx,reddit,socialskills,131,1,0,"The author describes their own long-standing social difficulty (P=1), but the language is analytical and deliberative throughout, with no explicit emotion words or clear affective phrasing beyond 'afraid of coming across as rude,' which describes a social concern rather than naming an acute internal emotional state (E=0)."
rd_15bh1v,reddit,socialskills,328,1,1,"The author describes their own social struggles (P=1) and explicitly uses emotional language including 'I'm so sad,' 'feel my social life falling apart,' 'don't know what to do,' and 'feel good to get this off my chest,' satisfying E=1."
rd_14zjhr,reddit,socialskills,264,1,0,"The author reflects on their own social experiences and identity (P=1), but the tone is analytical and deliberative throughout with no explicit emotion words or clear affective phrasing (E=0); 'feeling awkward' is borderline but describes a mild, passing reaction rather than a named acute emotional state, and the overall register remains measured and curious."
rd_16i1kg,reddit,socialskills,301,1,1,"The author is the subject describing their own social life and relationships (P=1), and uses explicit affective language such as 'piss me off,' 'annoying,' and 'it sucks' to name internal emotional states (E=1)."
rd_zuo2r,reddit,socialskills,193,1,1,"The author describes their own social discomfort using explicit affective phrasing ('I feel so weird') and describes an ongoing anxious internal state about social interactions, satisfying both P=1 (personal life domain: social identity/relationships) and E=1 (clear affective language naming an internal state)."
rd_10nmfn,reddit,socialskills,222,1,1,"The author describes their own college social situation (P=1) and uses explicit emotional language including 'feel really alone,' 'grate on me,' 'feel like I'm being incredibly annoying,' 'don't know what to do,' and 'feel so horribly alone,' satisfying the E=1 threshold."
rd_14l9dd,reddit,socialskills,213,1,1,"The author is the subject describing a personal body/confidence issue (P=1), and the message contains explicit emotion words and affective phrasing including 'zero confidence,' 'wallow in my misery,' and 'dauntingly tough task for me' that name internal emotional states (E=1)."
rd_u54l5,reddit,socialskills,28,0,0,"The author is asking a factual/deliberative question about a third party's mental process, not describing their own situation or life domain, and the tone is neutral and curious with no affective language."
rd_17ds05,reddit,socialskills,258,1,1,"The author is describing their own social behavior and self-perception (P=1), and uses explicit emotion words and affective phrases such as 'I'm really pissed at myself' and 'horribly, horribly introverted,' which name internal emotional states (E=1)."
rd_10wxz6,reddit,socialskills,57,1,0,"The author is describing a personal identity/social issue (losing their sense of humor) in a deliberative, measured tone without explicit emotion words or affective phrasing that names an internal state."
rd_zt3i9,reddit,socialskills,58,1,1,The author describes their own social situation (P=1) and explicitly names an internal state—'desperate to make friends'—plus the emoticon ':/' reinforces the self-admitted feeling of desperation (E=1).
rd_10n40d,reddit,socialskills,69,1,1,"The author describes their own social and emotional situation (P=1) and uses explicit affective phrasing 'it really sucks' plus 'can't bring myself,' which names an internal inhibition/emotional state (E=1)."
rd_122m7r,reddit,socialskills,186,1,1,"The author describes their own social/romantic life (P=1) and uses explicit affective language — 'took all my courage,' 'I wish I could say,' and 'I can feel myself getting more and more stupid' — that names an internal emotional state (E=1)."
rd_11nyrv,reddit,socialskills,121,1,0,"The post is about the author's own relationships and feelings (P=1), but the language is analytical and deliberative throughout — 'suffer from social anxiety' and 'I told myself I wouldn't fall for her' are trait/behavioral descriptions rather than explicit emotion words or clear affective phrasing naming an acute internal state (Rule 3), so E=0."
rd_kfvht,reddit,personalfinance,71,1,0,"The author is the subject discussing a personal financial decision (getting a credit card), which is a life-domain topic, but the tone is neutral and deliberative with no explicit emotion words or affective phrasing (the smiley and 'really cool' are casual, not emotional per Rule 2)."
rd_ipx5f,reddit,personalfinance,60,1,0,"The author describes their own financial situation (Roth IRA, 401k, debt) placing it in the personal finance life domain (P=1), but the tone is entirely deliberative and informational with no explicit emotion words or affective phrasing (E=0)."
rd_fqira,reddit,personalfinance,350,1,1,"The author is the subject describing her own financial situation (P=1), and she explicitly uses the affective phrase 'I feel like I am drowning' and 'getting worried,' which are clear expressions of an internal emotional state (E=1)."
rd_ge7v2,reddit,personalfinance,53,0,0,"The author is asking a general factual/strategic question about gift card liquidation methods, not describing their own personal life situation in a life domain, so P=0; the tone is neutral and task-oriented with no explicit emotion words, so E=0."
rd_gi5gn,reddit,personalfinance,85,1,0,"The author is the subject describing their own financial situation (P=1), but the tone is entirely deliberative and neutral with no explicit emotion words or affective phrasing (E=0)."
rd_h7cgx,reddit,personalfinance,117,1,1,The author describes their own financial situation (P=1) and uses clear affective phrasing — 'BORING' and 'take a break from life' — that signals an internal emotional state of dissatisfaction and restlessness (E=1).
rd_hzfl7,reddit,personalfinance,37,0,0,"The message is a factual question about how credit scores are calculated, not about the author's own financial situation, so P=0; the tone is neutral and curious with no emotional language, so E=0."
rd_jcmkp,reddit,personalfinance,21,0,0,"The author is asking for book recommendations on a general topic, which is a task/informational request rather than a personal life-domain situation, so P=0; the tone is neutral and deliberative with no emotional language, so E=0."
rd_gi2e0,reddit,personalfinance,158,1,0,"The author describes their own financial situation, job prospects, and life goals (investing, saving, buying a house with girlfriend) — a clear personal finance/life domain topic — but the tone is deliberative and practical with no explicit emotion words or affective phrasing."
rd_jejiw,reddit,personalfinance,275,1,0,"The author is describing their own financial situation as a college student (P=1), but the tone is entirely deliberative and analytical with no explicit emotion words or affective phrasing (E=0)."
rd_h3f5p,reddit,personalfinance,117,1,0,"The author describes their own financial situation and real estate decisions (P=1), but the tone is deliberative and analytical throughout with no explicit emotion words or affective phrasing (E=0)."
rd_fkklz,reddit,personalfinance,106,1,0,"The author is describing their own credit scores and planning a major financial decision (home purchase), making it P=1, but the tone is analytical and deliberative with no explicit emotion words or affective phrasing, so E=0."
rd_i3z4j,reddit,personalfinance,102,1,0,"The author is describing their own financial situation (a life domain) in a deliberative, analytical tone with no explicit emotion words or affective phrasing."
rd_i3gvy,reddit,personalfinance,44,1,0,"The author is the subject describing their own financial situation (P=1), but the tone is purely deliberative and logistical with no explicit emotion words or affective phrasing (E=0)."
rd_hq2m7,reddit,personalfinance,185,1,0,"The author is describing their own financial situation and decision-making (P=1), but the tone is deliberative and analytical throughout with no explicit emotion words or clear affective phrasing (E=0); 'not scared' is a negated mild descriptor, not a named emotional state."
rd_ipphe,reddit,personalfinance,124,1,1,The author is describing their own financial situation (P=1) and explicitly uses the emotion words 'hate' and 'DESPISE' to name their internal states about the decision (E=1).
rd_iatav,reddit,personalfinance,158,1,0,"The author is the subject describing a real financial and career decision (post-graduation, loans, career path), making it P=1, but the tone is deliberative and analytical with no explicit emotion words or affective phrasing, so E=0."
rd_i3wo8,reddit,personalfinance,391,1,1,"The author is describing their own lease situation (P=1), and uses 'I'm worried about having problems with the landlord' — an explicit affective phrase naming an internal state (E=1)."
rd_fk9f6,reddit,personalfinance,658,1,0,"The author is the subject describing their own financial situation (income, investments, savings — a life domain), but the tone is entirely analytical and deliberative with no explicit emotion words or affective phrasing (Rule 3)."
rd_h1218,reddit,personalfinance,185,1,1,"The author describes their own financial situation in a life domain (finances/debt), and uses clear affective phrasing ('I feel like I'll be in debt forever') that names an internal emotional state of hopelessness/despair."
rd_jzqpz,reddit,personalfinance,226,1,0,"The author is the subject describing their own financial and health situation (P=1), but the tone is entirely factual and deliberative with no explicit emotion words or affective phrasing (E=0)."
rd_i588z,reddit,personalfinance,27,0,0,"The author is not the subject — this is a general/third-party question about what 'people with savings in euros' should do, not about the author's own financial situation."
rd_i0dfz,reddit,personalfinance,111,1,0,The author is describing their own financial situation and asking for investment advice — a personal finance topic — but the language is purely deliberative and neutral with no explicit emotion words or affective phrasing.
rd_jntnt,reddit,personalfinance,77,1,0,"The author is describing their own financial situation (student loans, consolidation plans) which falls in the finances life domain, but the tone is purely deliberative and analytical with no explicit emotion words or affective phrasing."
rd_iv8hu,reddit,personalfinance,231,1,0,"The author is the subject describing their own financial situation (income, debt, savings strategy) — a clear life-domain topic — but the tone is entirely deliberative and analytical with no explicit emotion words or affective phrasing."
rd_jdukt,reddit,personalfinance,111,1,0,"The author describes her own financial situation and relationship dynamic (personal life domains), but the language is deliberative and analytical with no explicit emotion words or affective phrasing, so E=0 per Rule 3."
rd_ezzhi,reddit,personalfinance,19,0,0,"The message is a factual/informational question about tax forms and credits, not describing the author's own life situation in a life domain — it reads as a task or knowledge request (P=0), and the language is neutral with no explicit emotion words (E=0)."
rd_k82tf,reddit,personalfinance,166,1,1,"The author describes their own banking situation (personal finance, life domain → P=1) and uses explicit emotional language ('fed up,' 'pissed me off') naming internal states → E=1."
rd_kdg2k,reddit,personalfinance,257,1,0,"The author is the subject describing their own financial situation and credit card management strategy (P=1), but the tone is entirely deliberative and analytical with no explicit emotion words or affective phrasing (E=0)."
rd_jm7bc,reddit,personalfinance,37,1,0,"The author is the subject describing their own financial situation (starting a 403(b)), which is a life domain topic, but the tone is neutral and task-oriented with no explicit emotion words or affective phrasing."
rd_iu7p0,reddit,personalfinance,163,1,0,"The author is the subject describing their own financial situation (personal finance life domain), but the tone is deliberative and informational with no explicit emotion words or affective phrasing."
rd_hzsh2,reddit,personalfinance,124,1,1,"The author describes their own financial situation (P=1) and uses explicit affective phrasing — 'I kick myself in the ass' — naming an internal state of self-reproach, and 'struggling' signals distress (E=1)."
rd_iebv5,reddit,personalfinance,132,1,0,"The author is the subject describing their own financial situation (credit-building, student loans, graduate school), making it P=1, but the tone is entirely deliberative and informational with no explicit emotion words or affective phrasing, so E=0."
rd_e5jsw,reddit,personalfinance,120,1,0,"The author is the subject asking about managing their own ISA account (personal finance domain), but the tone is purely deliberative and factual with no explicit emotion words or affective phrasing."
rd_hugzg,reddit,personalfinance,342,1,0,"The author describes their own financial/credit history (a life domain), but the language is narrative and deliberative throughout with no explicit emotion words or affective phrasing — just factual recounting and a practical question."
rd_hkmu3,reddit,personalfinance,212,1,0,"The author is describing their own financial situation and investment decisions (a life domain topic), but the language throughout is deliberative and analytical rather than emotionally expressive — no explicit emotion words or clear affective phrasing appear."
rd_jlk2q,reddit,personalfinance,72,1,0,"The author is the subject describing their own financial/logistics situation (P=1), but the tone is purely deliberative and practical with no explicit emotion words or affective phrasing (E=0)."
rd_i06a2,reddit,personalfinance,143,1,0,"The author is the subject describing their own financial situation (200K savings, age 23, no debts), which falls in the finance life domain, but the tone is deliberative and informational with no explicit emotion words or affective phrasing."
rd_k6ian,reddit,personalfinance,176,1,0,"The author is the subject asking about their own 401(k)/Roth IRA rollover situation (a personal finance life domain), but the tone is entirely analytical and deliberative with no explicit emotion words or affective phrasing."
rd_kfvuv,reddit,personalfinance,28,0,0,"The author is asking a factual/verification question about a third-party website, not describing their own life situation, so P=0; the tone is neutral with no emotional language, so E=0."
rd_k1apr,reddit,personalfinance,478,1,0,"The author is describing their own financial situation and marriage (P=1), but the tone throughout is deliberative and analytical with no explicit emotion words or affective phrasing (E=0)."
rd_i5g6n,reddit,personalfinance,100,0,0,"The author is asking a factual/informational question about how to safely buy precious metals, prompted by a social encounter; while the author is mentioned, the core topic is a general financial information query rather than a personal life-domain situation, and the tone is neutral and deliberative with no explicit emotion words."
rd_io0ez,reddit,personalfinance,35,1,0,"The author is the subject describing their own financial situation (credit card application, credit status), making it P=1, but the tone is neutral and deliberative with no explicit emotion words or affective phrasing, so E=0."
rd_jk14q,reddit,personalfinance,153,1,0,"The author is the subject describing their own financial situation (seeking a loan for school), making it P=1, but the tone is deliberative and analytical with no explicit emotion words or affective phrasing, so E=0."
rd_jhcs8,reddit,personalfinance,91,1,0,"The author describes their own financial situation (a life-domain topic), but the tone is purely deliberative and informational with no explicit emotion words or affective phrasing."
rd_ipg1o,reddit,personalfinance,79,1,0,"The author is the subject describing their own financial situation (co-op purchase, repayment, and investment goals), making it P=1, but the tone is purely deliberative and task-oriented with no explicit emotion words or affective phrasing, so E=0."
rd_jsh40,reddit,personalfinance,228,1,0,"The author is the subject describing their own finances and relationship disagreement (P=1), but the language is entirely deliberative and factual with no explicit emotion words or affective phrasing (E=0)."
rd_ixvfx,reddit,personalfinance,157,1,0,"The author is the subject describing their own financial situation (mortgage, savings, income) which falls in the finances life domain, but the language is entirely deliberative and analytical with no explicit emotion words or affective phrasing."
rd_h3q58,reddit,personalfinance,143,1,0,"The author is the subject describing their own student loan situation (a financial life domain), but the tone is entirely deliberative and analytical with no explicit emotion words or affective phrasing."
rd_igjp5,reddit,personalfinance,102,1,0,"The author is the subject describing their own financial situation (credit card usage and credit score impact), making it P=1, but the tone is purely deliberative and informational with no explicit emotion words or affective phrasing, so E=0."
rd_h3xma,reddit,personalfinance,164,1,0,"The author describes their own financial situation (P=1), but the tone is factual and narrative throughout with no explicit emotion words or affective phrasing (E=0)."
rd_hj7aw,reddit,personalfinance,245,1,0,"The author is describing their own financial decision and planning for their nieces and nephew (a life domain), but the tone throughout is deliberative and practical with no explicit emotion words or affective phrasing."
rd_i78u5,reddit,personalfinance,145,1,1,"The author describes their own financial situation and uses explicit affective language ('abysmal', 'feel like') naming an internal state, satisfying both P=1 and E=1 conditions."
rd_ifyzn,reddit,personalfinance,123,0,0,"The author is describing their professional background and offering to answer questions, not sharing a personal life situation or expressing emotional content — this is an informational/task-oriented framing (P=0, E=0)."
rd_f59vt,reddit,personalfinance,68,0,0,"The message is a tip/how-to about Reddit navigation — a logistical task — so P=0, and the tone is entirely neutral with no explicit emotion words, so E=0."
rd_i0dif,reddit,personalfinance,81,1,0,"The author is the subject discussing their own financial planning (emergency fund), a life domain topic, but the language is deliberative and analytical with no explicit emotion words or affective phrasing."
rd_hqo84,reddit,personalfinance,16,0,0,"The author is asking for resource recommendations on terminology — a logistical/informational request, not a life-domain personal topic, and the language is purely task-oriented with no affective phrasing."
rd_j9a99,reddit,personalfinance,206,1,1,"The author is describing their own investing dilemma (personal finance/identity domain, P=1) and uses explicit emotion words and affective phrasing: 'disturbs me,' 'nagging feeling,' 'huge hypocrite,' 'disgust and frustrate me,' all naming internal emotional states (E=1)."
rd_j9odv,reddit,personalfinance,72,1,0,"The author describes their own relationship and financial situation (P=1), but the language is entirely deliberative and neutral with no explicit emotion words or affective phrasing (E=0)."
rd_jszgd,reddit,personalfinance,85,1,0,"The author is describing their own work/financial situation and asking about tax implications (a life domain), but the language is entirely deliberative and neutral with no explicit emotion words or affective phrasing."
rd_i3us7,reddit,personalfinance,382,1,0,"The author is the subject describing their own financial situation and debt-payoff plan (P=1), but the language is entirely deliberative and analytical with no explicit emotion words or affective phrasing (E=0)."
rd_jgrpd,reddit,personalfinance,166,1,0,"The author is describing their own financial situation and asking about a personal investment decision (P=1), but the tone is entirely analytical and deliberative with no explicit emotion words or affective phrasing (E=0)."
rd_gnfa8,reddit,personalfinance,91,1,0,"The author is describing their own financial situation (mortgage, credit card debt, refinancing) which is a personal life domain, but the tone is deliberative and analytical with no explicit emotion words or affective phrasing — 'foolish' describes past behavior rather than naming a current internal state."
rd_k2boi,reddit,personalfinance,165,1,0,"The author is the subject discussing their own financial planning decision (life insurance/investment strategy), which is a personal finance domain, but the tone is analytical and deliberative with no explicit emotion words or affective phrasing."
rd_icnxw,reddit,personalfinance,222,1,0,"The author is the subject describing their own financial situation (health issues, grad school, loans, credit card debt), which falls in the finances life domain, but the tone is deliberative and analytical with no explicit emotion words or affective phrasing beyond 'I know; it's sad,' which is a mild, self-deprecating aside rather than a named internal emotional state."
rd_g7qju,reddit,personalfinance,148,1,0,"The author is describing their own financial situation and credit-building goals (a life domain), but the tone is entirely deliberative and informational with no explicit emotion words or affective phrasing."
rd_iypzt,reddit,personalfinance,93,1,0,"The author is describing their own financial situation (identity theft/credit issue), which is a life domain topic, but the language is neutral and deliberative with no explicit emotion words or affective phrasing."
rd_iohbu,reddit,personalfinance,53,1,0,"The author is the subject seeking financial advice (life domain: finances) but the tone is deliberative and neutral with no explicit emotion words or affective phrasing — 'having a hard time finding solid information' describes a search difficulty, not an internal emotional state."
rd_f44ct,reddit,personalfinance,75,1,0,"The author is the subject discussing their own retirement savings decision (a personal finance life domain), but the language is entirely deliberative and neutral with no explicit emotion words or affective phrasing."
rd_i1i3o,reddit,personalfinance,299,1,1,"The author is the subject describing their own financial situation (P=1), and they explicitly use emotional language ('sick of it,' 'nothing has fucking changed!!!') that names an internal state of frustration (E=1)."
rd_iuirx,reddit,personalfinance,103,1,0,"The author describes their own financial situation (checking/savings balances, tuition, rent, investment options) — a life-domain topic — but the language is entirely deliberative and neutral with no explicit emotion words or affective phrasing."
rd_is819,reddit,personalfinance,137,1,0,"The author is the subject making a personal financial decision (switching credit cards for travel rewards), which qualifies as P=1, but the tone is entirely deliberative and analytical with no explicit emotion words or affective phrasing, so E=0."
rd_j85aj,reddit,personalfinance,57,1,0,"The author is the subject describing their own financial situation (credit card, credit limit, APR), which is a life domain (finances), but the tone is purely deliberative and analytical with no explicit emotion words or affective phrasing."
rd_kdatp,reddit,personalfinance,60,0,0,"The author is the subject but the topic is a logistics/technical how-to question about a financial app (Mint), not a life-domain personal issue, so P=0; tone is neutral with no explicit emotion words, so E=0."
rd_fqngj,reddit,personalfinance,54,1,0,"The author is the subject describing their own financial situation (P=1), but the language is deliberative and task-oriented with no explicit emotion words or affective phrasing (E=0)."
rd_j34bt,reddit,personalfinance,13,1,0,"The author is the subject discussing a personal financial decision (life domain: finances), but the language is purely deliberative with no explicit emotion words or affective phrasing."
rd_i6cbr,reddit,personalfinance,176,1,0,"The author is the subject discussing their own financial situation (P=1), but the tone is deliberative and practical with no explicit emotion words or affective phrasing beyond a mild parenthetical aside (E=0)."
rd_gbqdi,reddit,personalfinance,118,1,0,"The author is describing their own financial situation and plans (P=1), but the language is deliberative and task-oriented with no explicit emotion words or affective phrasing (E=0); 'bored at work' is a casual aside, not a named emotional state central to the post."
rd_k8xlt,reddit,personalfinance,103,1,0,"The author is the subject describing their own financial situation (credit card, credit rating, inheritance) — a life domain topic — but the tone is purely deliberative and informational with no explicit emotion words or affective phrasing."
rd_ibds3,reddit,personalfinance,56,1,1,The author is describing their own financial situation (P=1) and uses 'tired of' as an explicit emotion word expressing their own internal state of frustration (E=1).
rd_grxn3,reddit,personalfinance,298,1,1,"The author describes their own financial crisis after being scammed and explicitly uses affective phrasing ('my head is about to explode,' 'I don't know what to do') naming internal distress states, satisfying both P=1 and E=1."
rd_fgila,reddit,personalfinance,84,1,0,"The author is describing their own tax situation (a financial/logistical problem), which qualifies as a life domain (finances), but the tone is entirely neutral and task-oriented with no explicit emotion words or affective phrasing."
rd_hf7ka,reddit,personalfinance,34,1,0,"The author is discussing their own financial situation (P=1), but the tone is purely neutral and deliberative with no explicit emotion words or affective phrasing (E=0)."
rd_hy8e7,reddit,personalfinance,148,1,0,"The author is describing their own financial situation and evaluating investment options for their own money (life domain: finances), but the tone is deliberative and analytical with no explicit emotion words or affective phrasing."
rd_honr5,reddit,personalfinance,123,1,0,"The author is describing their own financial situation (P=1), but the tone is deliberative and task-oriented with no explicit emotion words or affective phrasing (E=0)."
rd_h2abt,reddit,personalfinance,118,1,0,"The author is the subject describing their own upcoming marriage and financial planning (a life domain), but the tone is entirely practical and deliberative with no explicit emotion words or affective phrasing."
rd_ia0b7,reddit,personalfinance,191,1,0,"The author is describing their own financial and lease situation (a life domain topic), but the tone is entirely deliberative and analytical with no explicit emotion words or affective phrasing."
rd_hor5c,reddit,personalfinance,144,1,0,"The author is the subject describing their own financial situation (debt, credit score, income) — a clear life-domain topic — but the language is deliberative and analytical throughout, with no explicit emotion words or affective phrasing that names an internal state (phrases like 'getting my life back in order' describe actions, not named feelings)."
rd_hrlnh,reddit,personalfinance,147,1,0,"The author describes their own financial and educational decisions (P=1), but the language is deliberative and analytical — 'I feel like this is a little high' is an evaluative judgment about an interest rate, not an explicit emotion word or clear affective phrasing about an internal state (E=0)."
rd_jmixs,reddit,personalfinance,94,1,0,"The author is the subject discussing their own finances and future plans (P=1), but the tone is deliberative and practical with no explicit emotion words or affective phrasing (E=0)."
rd_kaq7x,reddit,personalfinance,242,1,0,"The author is the subject describing their own financial situation (debt, credit report, collections), which is a life domain topic, but the language is deliberative and analytical with no explicit emotion words or affective phrasing."
rd_hj35a,reddit,personalfinance,49,1,1,"The author describes their own financial situation (P=1) and opens with 'I am tired of thinking about it,' which is an explicit emotional state expression (E=1)."
rd_jlmt4,reddit,personalfinance,135,1,0,"The author is describing their own financial situation and a significant personal decision about savings and debt, but the language is deliberative and analytical throughout with no explicit emotion words or affective phrasing."
rd_k08p0,reddit,personalfinance,89,1,0,"The author is the subject describing their own financial situation and debt management strategy (P=1), but the tone is entirely deliberative and analytical with no explicit emotion words or affective phrasing (E=0)."
rd_i4ygs,reddit,personalfinance,144,1,0,"The author describes their own financial situation in detail (a life domain), but the tone is entirely deliberative and informational with no explicit emotion words or affective phrasing beyond a casual 'Thanks scholarships =)'."
rd_hdhc7,reddit,personalfinance,193,1,0,"The author is describing their own financial situation (credit history, insurance, mortgage planning), which is a life domain topic, but the tone is entirely deliberative and neutral with no explicit emotion words or affective phrasing."
rd_k1fuj,reddit,personalfinance,24,0,0,"The author is asking a general question directed at a community ('for everyone') about career strategies, not describing their own personal career situation as the subject."
rd_fr86d,reddit,personalfinance,36,1,0,"The author is the subject facing a personal financial decision (P=1), but the tone is neutral and deliberative with no explicit emotion words or affective phrasing (E=0)."
rd_ibzif,reddit,personalfinance,119,1,1,"The author describes a family financial and housing decision they are personally involved in, and 'my dad's worried' explicitly names an emotional state of a close family member the author is advocating for, combined with 'I'd appreciate any advice' framing that centers the author's own concern."
rd_f0833,reddit,personalfinance,120,1,0,"The author is the subject describing their own banking dissatisfaction (a financial life domain), satisfying P=1, but the language is deliberative and informational with no explicit emotion words or affective phrasing beyond mild dissatisfaction framed neutrally, so E=0."
rd_jlx3r,reddit,personalfinance,436,1,0,"The author describes their own financial life history (P=1), but despite mentioning stress ('premature grey hair') and some mild interjections, the tone is predominantly deliberative and reflective with no explicit emotion words naming an internal state (E=0)."
rd_inyzo,reddit,personalfinance,212,1,0,"The author describes their own financial situation (car loan, savings, Roth IRA) which is a personal life-domain topic, but the tone throughout is deliberative and analytical with no explicit emotion words or affective phrasing (the frustration in the edit is implied but not named)."
rd_fgygj,reddit,personalfinance,109,1,0,"The author is describing their own financial situation and considering a specific investment product (P=1), but the language is deliberative and factual with no explicit emotion words or affective phrasing (E=0)."
rd_hus2e,reddit,personalfinance,64,1,0,"The author is the subject describing their own financial/tax situation (a life domain), but the tone is neutral and deliberative with no explicit emotion words or affective phrasing."
rd_h5ct2,reddit,personalfinance,93,1,0,"The author is describing their own financial situation (P=1 — personal finance domain), but the language is deliberative and task-oriented with no explicit emotion words or affective phrasing; 'tired of' refers to dissatisfaction with a service in a casual, logistical context rather than naming a clear internal emotional state."
rd_j65oz,reddit,personalfinance,173,1,0,"The author is the subject describing their own financial situation (credit cards, retirement account) — a life domain topic — but the language is deliberative and informational with no explicit emotion words or affective phrasing."
rd_fl7c9,reddit,personalfinance,178,1,0,"The author is the subject describing their own career situation (life domain: work/career), but the tone is deliberative and informational with no explicit emotion words or affective phrasing."
rd_jr3p5,reddit,personalfinance,200,1,1,"The author explicitly states 'it seems insurmountable' and 'It feels like,' which are affective phrasings naming an internal state of feeling overwhelmed, alongside a clearly personal financial and life-situation topic."
rd_j630b,reddit,personalfinance,47,0,0,"Although the author uses 'I' to illustrate the example, the question is framed as a factual/informational inquiry about how credit utilization works, not as a description of the author's own financial situation or problem."
rd_fa8bl,reddit,personalfinance,169,1,0,"The author is the subject describing a personal family/financial situation (life domain: relationships and finances), but the tone is analytical and deliberative with no explicit emotion words or affective phrasing — 'I worry' is the closest candidate but reads as a measured concern rather than a named emotional state that clearly signals distress."
rd_jljh9,reddit,personalfinance,103,1,0,"The author is the subject describing their own financial situation (debt, banking access) following a serious life disruption, making it P=1, but the language is deliberative and practical with no explicit emotion words or affective phrasing, so E=0."
rd_f6lfo,reddit,personalfinance,37,1,0,The author describes their own financial habits (P=1) but the tone is neutral and deliberative with no explicit emotion words or affective phrasing (E=0).
rd_hclcl,reddit,personalfinance,202,1,0,"The author is describing their own financial accounts and deliberating on a personal finance decision (P=1), but the tone is entirely analytical and deliberative with no explicit emotion words or affective phrasing (E=0)."
rd_gxvie,reddit,personalfinance,78,1,1,"The author is the subject describing their own financial situation (P=1), and the phrase 'bad period with money' combined with 'would prefer not to repeat the experience anytime soon' signals an affective orientation toward their past hardship, though borderline; however 'went through a bad period' names an internal/experienced negative state about their own finances, qualifying as E=1."
rd_k2kh5,reddit,personalfinance,798,1,1,"The author describes their own financial situation in a life domain (finances/career) and uses explicit affective phrasing such as 'this worries me,' 'feel as though I'm drowning,' and 'I NEED to start saving,' which name internal emotional states."
rd_ezwk0,reddit,personalfinance,271,1,0,"The author is describing their own financial and living situation in a life domain (finances, housing, decisions), but the language is deliberative and analytical with no explicit emotion words or affective phrasing."
rd_iz64o,reddit,personalfinance,238,1,0,"The author is the subject describing their own financial decision (savings, investment, student loan, job stability), making it P=1, but the tone is deliberative and analytical with no explicit emotion words or clear affective phrasing beyond 'feel confident,' which is not strong enough to qualify as E=1."
rd_kfzsc,reddit,personalfinance,97,0,0,"The author is seeking a software recommendation for a technical/logistical task (importing CSV files into accounting software), which falls under everyday task-oriented logistics rather than a life domain, so P=0; the tone is neutral and informational with no explicit emotion words or affective phrasing, so E=0."
rd_h9vvk,reddit,personalfinance,131,1,0,"The author describes their own financial situation (home equity, mortgage rate, and repayment strategy) in a deliberative, analytical tone with no explicit emotion words or affective phrasing."
rd_g6rau,reddit,personalfinance,45,1,0,"The author is describing their own financial situation (debt, savings, income) which is a personal life domain, but the language is purely deliberative and neutral with no explicit emotion words or affective phrasing."
rd_ide7i,reddit,personalfinance,276,1,0,"The author is the subject describing their own financial and legal situation (personal loan, deed, fiancée's family property), which falls in a life domain, but the language is entirely analytical and deliberative with no explicit emotion words or affective phrasing."
rd_j94z7,reddit,personalfinance,141,1,0,"The author is the subject describing their own financial situation and investment decisions (a life-domain topic), but the tone is purely deliberative and informational with no explicit emotion words or affective phrasing."
rd_fyxkw,reddit,personalfinance,17,0,0,"The message is a generic financial question without any indication that the author is describing their own financial situation, and the tone is purely task-oriented with no affective language."
rd_kewtn,reddit,personalfinance,179,1,0,"The author is the subject describing their own financial situation (loans, credit card debt, salary, 401K) — a clear life-domain topic — but the tone is entirely deliberative and neutral with no explicit emotion words or affective phrasing."
rd_h4dac,reddit,personalfinance,81,1,0,"The author is describing their own financial situation (marriage, taxes, refund shortfall) which is a life/finance domain (P=1), but the tone is deliberative and curious with no explicit emotion words or affective phrasing (E=0)."
rd_iawwz,reddit,personalfinance,359,1,1,"The author is the subject facing a major financial and career decision (P=1), and uses the explicit affective phrase 'I don't know what to do!' which names an internal state of confusion/distress (E=1)."
rd_jd7m5,reddit,personalfinance,134,1,0,"The author is describing their own financial situation (debt at 25), which is a personal life-domain topic, but the tone is deliberative and action-oriented with no explicit emotion words or clear affective phrasing — 'encouraged' and 'inspired' refer to the community's effect rather than naming the author's internal emotional state with sufficient explicitness to trigger E=1."
rd_heisf,reddit,personalfinance,56,1,0,The author is describing their own situation (unwanted collection calls) which involves a financial/consumer dispute — a life-domain problem — but the language is neutral and deliberative with no explicit emotion words or affective phrasing.
rd_jo9al,reddit,personalfinance,151,1,0,"The author is the subject discussing their own financial situation (credit-building, loans, parental co-signing), making it P=1; the 'wtf' and 'I feel like' are mild/deliberative expressions, not explicit emotion words naming an internal state, so E=0."
rd_hx9hb,reddit,personalfinance,76,1,0,"The author is describing their own financial situation (credit card APR, balance, payment history), making it P=1, but the tone is entirely deliberative and analytical with no explicit emotion words or affective phrasing, so E=0."
rd_gojfi,reddit,personalfinance,243,1,0,"The author describes their own financial situation (mortgage, foreclosure, credit score) which is a life domain topic (finances), but the tone is deliberative and analytical throughout — 'starting to be afraid' is borderline but functions more as a mild expression of concern about logistics than a named emotional state, and the overall framing remains task-oriented."
rd_ixf7g,reddit,personalfinance,49,1,0,"The author is the subject describing their own financial situation (loan refinancing decision), which is a life-domain topic, but the tone is purely deliberative with no explicit emotion words or affective phrasing."
rd_ixaul,reddit,personalfinance,265,1,0,"The author is the subject describing their own financial inheritance situation (a life domain), but the language is entirely deliberative and factual with no explicit emotion words or affective phrasing — 'I do not know what to invest this money in' is task-oriented, not emotionally expressive."
rd_jjzfj,reddit,personalfinance,139,1,1,The author describes their own financial situation (P=1) and uses the explicit emotion word 'worried' to name an internal state about their future (E=1).
rd_jfazl,reddit,personalfinance,91,1,0,"The author is describing their own financial situation (student loans, 401k, spouse's debt) which is a personal life domain, but the tone is purely deliberative and analytical with no explicit emotion words or affective phrasing."
rd_k62re,reddit,personalfinance,37,1,0,"The author is the subject describing their own financial situation (Roth accounts, income limits), a life domain topic, but the tone is purely deliberative with no explicit emotion words or affective phrasing."
rd_jpvs4,reddit,personalfinance,30,0,0,"The author is asking for a recommendation/resource list (task/factual framing), not describing their own financial situation or life domain problem, making it P=0; the tone is neutral and curious with no affective language, making it E=0."
rd_jvph3,reddit,personalfinance,121,1,0,"The author is the subject discussing their own banking situation (finances, a life domain), but the tone is deliberative and task-oriented with no explicit emotion words or clear affective phrasing."
rd_gm8v2,reddit,personalfinance,105,1,0,"The author is describing their own financial situation and investment decision (P=1), but the language is entirely deliberative and analytical with no explicit emotion words or affective phrasing (E=0)."
rd_hnatq,reddit,personalfinance,99,1,0,"The author is the subject describing their own financial situation (Roth IRA, medical school, future income), making it P=1, but the tone is purely deliberative and analytical with no explicit emotion words or affective phrasing, so E=0."
rd_fw7j8,reddit,personalfinance,184,1,0,"The author is the subject describing their own financial situation (grad school, Roth IRA, savings) — a life domain topic — but the tone is entirely deliberative and analytical with no explicit emotion words or affective phrasing."
rd_itys5,reddit,personalfinance,264,1,0,"The author uses a personal example from their own work and income history (P=1), but the tone throughout is deliberative and analytical with no explicit emotion words or affective phrasing (E=0)."
rd_f3vx5,reddit,personalfinance,82,1,0,"The author is the subject describing their own financial situation (student loans, savings, tax refund) — a life-domain topic — but the tone is deliberative and analytical with no explicit emotion words or affective phrasing."
rd_hna43,reddit,personalfinance,178,1,0,"The author is describing their own financial situation and seeking advice on personal finance (a life domain), but the tone is deliberative and analytical — 'I feel like I have a lot of ground to cover' is mild and not an explicit emotion word or clear affective phrasing naming an internal state."
rd_kezb2,reddit,personalfinance,36,0,0,"The author is asking a factual/educational question about ETFs and tax efficiency, not describing their own financial situation or life domain, so P=0; the tone is neutral and curious with no affective language, so E=0."
rd_j9zt1,reddit,personalfinance,170,1,1,The author describes their own financial situation (P=1) and uses explicit emotion words — 'disgusted' and 'feel really strongly' — to name their internal state about the stock market (E=1).
rd_hyp4r,reddit,personalfinance,479,1,0,"The author is the subject discussing their own financial situation (a life domain), but the tone is deliberative and analytical throughout — no explicit emotion words or clear affective phrasing qualify for E=1 under Rule 3."
rd_i2d2d,reddit,personalfinance,198,1,0,"The author describes their own financial behavior and decision-making (a life domain), but the tone is entirely deliberative and informational with no explicit emotion words or affective phrasing."
rd_jfrbq,reddit,personalfinance,128,1,1,"The author is describing their own financial situation (P=1), and the edit contains explicit emotional language ('how the fuck is this legal??') expressing frustration, which qualifies as affective phrasing naming an internal state of outrage (E=1)."
rd_gxy2c,reddit,personalfinance,249,1,0,"The author is describing their own financial situation and goals (P=1), but the tone is deliberative and analytical throughout; 'burned really bad' describes a past financial outcome rather than naming a current emotional state, so E=0 per Rule 3."
rd_fnziv,reddit,personalfinance,126,1,0,"The author is the subject describing their own financial situation (credit card, debt management), which is a life domain (finances), and the tone is entirely deliberative and neutral with no explicit emotion words or affective phrasing."
rd_kdfss,reddit,personalfinance,97,1,0,"The author is the subject describing their own financial situation (retirement accounts, job transition), making it P=1, but the tone is entirely deliberative and factual with no explicit emotion words or affective phrasing, so E=0."
rd_jcxvp,reddit,personalfinance,347,1,1,"The author is the subject describing their own financial/career situation (P=1), and uses explicit emotional language including 'horrified' and expressive phrasing like 'am I literally screwed' and 'wait and pray' that name internal states (E=1)."
rd_k0b4j,reddit,personalfinance,143,1,0,"The author is the subject describing their own financial situation (delinquent accounts, credit card denial), making it P=1, but the tone is deliberative and task-oriented with no explicit emotion words or affective phrasing, so E=0."
rd_izxf9,reddit,personalfinance,285,1,0,"The author is the subject describing their own post-graduation financial situation (life domain: finances), but the language is entirely deliberative and analytical with no explicit emotion words or affective phrasing — 'worries me' is borderline but describes a practical concern about fund accessibility rather than naming an internal emotional state, and the overall tone remains task-oriented."
rd_hbg7w,reddit,personalfinance,164,1,0,"The author is the subject describing a personal financial/credit problem (life domain: finances), but the language throughout is deliberative and informational with no explicit emotion words or affective phrasing."
rd_fut7f,reddit,personalfinance,41,1,0,"The author is the subject describing their own financial situation (life domain: finances), but the tone is purely deliberative with no explicit emotion words or affective phrasing."
rd_jdnli,reddit,personalfinance,342,1,0,"The author is the subject describing their own financial and lifestyle situation (car ownership, loans, savings), which is a personal life domain, but the tone throughout is deliberative and analytical with no explicit emotion words or clear affective phrasing."
rd_jp5m5,reddit,personalfinance,270,1,0,"The author describes their own financial situation and investment goals (a personal life domain), but the language is deliberative and informational with no explicit emotion words or affective phrasing."
rd_hlpx7,reddit,personalfinance,271,1,0,"The author describes their own financial situation (savings, debt, income, living situation) — a clear life-domain topic — but the language throughout is deliberative and informational with no explicit emotion words or affective phrasing, so E=0."
rd_jbo5x,reddit,personalfinance,162,1,0,"The author is the subject describing their own financial situation (credit history, accounts), which is a life domain topic, but the tone is entirely deliberative and informational with no explicit emotion words or affective phrasing."
rd_iwgtt,reddit,personalfinance,220,1,0,"The author is the subject describing their own financial and living situation (a life domain), but the language is deliberative and informational throughout with no explicit emotion words or affective phrasing, only neutral description of circumstances."
rd_ju1dw,reddit,personalfinance,108,1,0,"The author is the subject describing their own financial and legal situation (a life domain), but the tone is deliberative and factual throughout, with no explicit emotion words or clear affective phrasing — the '=/' emoticon and 'struggled' are mild and do not meet the strict threshold for E=1."
rd_g347h,reddit,personalfinance,49,1,0,"The author is the subject describing a personal finance management need (P=1), but the tone is purely task-oriented and deliberative with no explicit emotion words or affective phrasing (E=0)."
rd_jt7qt,reddit,personalfinance,133,1,0,"The author describes their own debt/credit situation (a personal finance domain), but the language throughout is deliberative and task-oriented with no explicit emotion words or clear affective phrasing, so E=0 despite the stressful topic."
rd_is42x,reddit,personalfinance,101,1,0,"The author is describing their own financial situation (P=1), but the language is neutral and analytical throughout — 'strange' is mild and deliberative rather than an explicit emotion word or clear affective phrasing (E=0)."
rd_jr1h6,reddit,personalfinance,91,1,0,"The author is the subject discussing their own financial/tax situation (a life domain), but the language is deliberative and practical with no explicit emotion words or affective phrasing."
rd_f9w0x,reddit,personalfinance,90,1,0,"The author is describing their own financial situation (cash balance, auto loan, investment decision) — a life-domain topic — but the language is entirely deliberative and neutral with no explicit emotion words or affective phrasing."
rd_htv9r,reddit,personalfinance,62,1,0,"The author describes their own financial habits and asks about credit score impact (a personal life domain), but the tone is deliberative and neutral with no explicit emotion words or affective phrasing."
rd_ioirh,reddit,personalfinance,122,1,0,"The author is describing their own financial situation and decision-making about a Roth IRA (a life-domain topic), but the tone is deliberative and neutral with no explicit emotion words or affective phrasing."
rd_kbq75,reddit,personalfinance,59,0,0,"The author mentions a mild preference ('not a fan') but the message is primarily a task/community-sharing request about spreadsheet formulas and layouts, not a personal life-domain situation, so P=0; and 'not a fan' is not an explicit emotion word indicating an internal state, so E=0."
rd_j692e,reddit,personalfinance,19,1,0,"The author is describing their own financial/tax situation (401K contributions, joint filing), which is a personal life domain, but the language is neutral and task-oriented with no explicit emotion words or affective phrasing."
rd_hwx97,reddit,personalfinance,156,1,0,"The author is the subject describing their own financial situation (student loans, income, car purchase decision), which is a life domain topic, but the tone is entirely deliberative and analytical with no explicit emotion words or affective phrasing."
rd_fkw0s,reddit,personalfinance,117,1,0,"The author is the subject describing their own 401k investment decisions (a personal finance life domain), but the language is purely deliberative and analytical with no explicit emotion words or affective phrasing."
rd_iitrm,reddit,personalfinance,155,1,0,"The author is the subject describing a personal financial decision (what to do with found money as a learning experiment), making it P=1, but the tone is deliberative and task-oriented with no explicit emotion words or affective phrasing, so E=0."
rd_j4z0b,reddit,personalfinance,378,1,0,"The author is describing their own student loan situation (a personal finance domain) but the tone is deliberative and analytical throughout, with no explicit emotion words or clear affective phrasing naming an internal emotional state."
rd_hs0n5,reddit,personalfinance,14,0,0,The message reports something heard from a third party about a credit card company — it's neither the author's own life situation nor affectively charged.
rd_erd91,reddit,personalfinance,21,0,0,"The message asks for general advice and information about rental properties in a task/informational framing, without the author describing their own life situation or expressing any emotional state."
rd_kgrag,reddit,personalfinance,105,1,0,"The author is describing their own financial situation (debts, income, car, budget) — a life domain — but the language is deliberative and analytical throughout, with no explicit emotion words or affective phrasing."
rd_jyc3k,reddit,personalfinance,97,1,0,"The author describes their own financial/insurance situation (P=1), but the language is purely deliberative and factual with no explicit emotion words or affective phrasing (E=0)."
rd_ig1um,reddit,personalfinance,98,1,1,The author describes their own financial situation (P=1) and uses 'stuck' — an explicit affective word signaling a constrained internal state — making E=1.
rd_fvj9y,reddit,personalfinance,22,0,0,"The author is commenting on a website discovery and sharing a tool they use, which is logistical/informational rather than a life-domain topic, so P=0; the tone is neutral with no emotional language, so E=0."
rd_i7ih4,reddit,personalfinance,133,1,0,"The author is the subject describing their own financial situation (unexpected pay and what to do with it), which is a life-domain topic, but the tone is deliberative and informational with no explicit emotion words or affective phrasing (E=0)."
rd_hwg5b,reddit,personalfinance,62,1,0,"The author is the subject discussing their own financial situation (savings/interest rates), which is a life domain (finances), but the tone is deliberative and curious with no explicit emotion words or affective phrasing."
rd_j1w1m,reddit,personalfinance,150,1,0,"The author is the subject describing their own financial situation and a significant personal decision about money and assets, but the language is deliberative and analytical with no explicit emotion words or affective phrasing (the 'gut feeling' refers to a practical prediction, not a named emotional state)."
rd_ibj1x,reddit,personalfinance,321,1,0,"The author describes their own serious life situation (finances, housing, identity) in measured, analytical language without explicit emotion words or affective phrasing, making it P=1 but E=0 per Rule 3."
rd_je3nu,reddit,personalfinance,14,1,0,"The author is the subject describing their own financial situation (a life domain), but the language is purely deliberative with no explicit emotion words or affective phrasing."
rd_gi1gb,reddit,personalfinance,169,1,0,"The authors are the subjects describing their own financial situation (savings, loans, moving abroad), which is a life domain (finances), but the tone is entirely deliberative and informational with no explicit emotion words or affective phrasing."
rd_i79fh,reddit,personalfinance,188,1,0,"The author is describing their own household financial situation (mortgage refinancing decision), which is a personal life domain, but the language throughout is deliberative and analytical with no explicit emotion words or affective phrasing."
rd_gr25v,reddit,personalfinance,146,1,0,"The author is describing their own financial situation and career plans (a life domain), but the tone is entirely deliberative and analytical with no explicit emotion words or affective phrasing."
rd_jhf0p,reddit,personalfinance,166,1,0,"The author is describing their own financial situation (student loans, income, debt management) — a clear life-domain topic — but the tone is practical and deliberative with no explicit emotion words or affective phrasing, so E=0."
rd_im4ev,reddit,personalfinance,60,1,0,"The author is the subject seeking advice about their own finances (credit report/score), making it P=1, but the tone is purely deliberative and task-oriented with no explicit emotion words or affective phrasing, so E=0."
rd_j65lw,reddit,personalfinance,313,1,1,"The author describes their own dire financial situation (P=1) and uses clear affective phrasing such as 'I just don't know what to do' and 'I can't continue like this,' plus an implicit suicidal ideation framing, all of which signal a named internal state of desperation (E=1)."
rd_hja5l,reddit,personalfinance,141,1,0,"The author is the subject describing their own financial situation (savings, school costs, future income), which is a life-domain topic, but the language is entirely deliberative and neutral with no explicit emotion words or affective phrasing."
rd_izgs4,reddit,personalfinance,40,1,0,"The author is describing their own financial situation (personal finance domain, P=1), but the tone is purely deliberative with no explicit emotion words or affective phrasing (E=0)."
rd_jtm95,reddit,personalfinance,21,0,0,"The author is asking a factual question about how corporate credit cards affect credit history in general, not describing their own financial situation, so P=0; the tone is neutral and deliberative with no affective language, so E=0."
rd_kfklt,reddit,personalfinance,359,1,0,"The author is describing their own financial situation (credit card history, credit score) which is a life-domain topic, but the language throughout is narrative and analytical with no explicit emotion words or clear affective phrasing — 'happy to say the least' is a mild, passing qualifier that does not rise to E=1 threshold."
rd_jp13f,reddit,personalfinance,251,1,0,"The author is the subject describing their own financial situation (401k, debt, savings, income) — a clear life-domain topic — but the language is deliberative and analytical throughout, with no explicit emotion words or affective phrasing (the phrase 'feels pretty stretched' describes a financial condition, not a named internal emotional state)."
rd_if661,reddit,personalfinance,208,1,0,"The author is describing their own financial situation (student loans, car loan, savings from co-op) — a life domain — but the tone is entirely deliberative and practical with no explicit emotion words or affective phrasing."
rd_k6fhd,reddit,personalfinance,67,1,0,"The author is the subject describing their own financial/housing situation (P=1), but the language is deliberative and task-oriented with no explicit emotion words or affective phrasing (E=0)."
rd_ke8yt,reddit,personalfinance,332,1,0,"The author is the subject describing their own financial situation (debt, savings, retirement) — a life domain — but the language throughout is deliberative and analytical with no explicit emotion words or affective phrasing."
rd_jhqny,reddit,personalfinance,79,1,0,"The author is the subject describing their own financial situation and a personal financial scheme (P=1), but the tone is purely deliberative and analytical with no explicit emotion words or affective phrasing (E=0)."
rd_iuh8k,reddit,personalfinance,377,1,0,"The author describes their own financial situation and life circumstances (P=1), but the language is deliberative and analytical throughout — no explicit emotion words or clear affective phrasing naming an internal state, so E=0 per Rule 3."
rd_hibx0,reddit,personalfinance,108,0,0,"Although the author is the subject seeking a credit card recommendation, this is a logistical/consumer decision (product comparison) rather than a life-domain topic, making it P=0 per Rule 1b, and the language is entirely neutral with no emotional words or affective phrasing."
rd_hpcp8,reddit,personalfinance,25,0,0,"The author is asking a factual/logistical question about business steps, not describing a personal life situation in a life domain, so P=0; the tone is neutral and task-oriented with no emotional language, so E=0."
rd_hbn9m,reddit,personalfinance,68,1,0,"The author describes their own financial situation (a life-domain topic) in a deliberative, neutral tone with no explicit emotion words or affective phrasing."
rd_frn2w,reddit,personalfinance,142,1,0,"The author is the subject describing their own financial situation (401k, Roth IRA, job transition), making it P=1, but the tone is entirely deliberative and factual with no explicit emotion words or affective phrasing, so E=0."
rd_hj2s2,reddit,personalfinance,182,1,0,"The author is the subject describing their own financial situation (loans, income, expenses) which is a life-domain topic, but the tone is deliberative and analytical throughout with no explicit emotion words or clear affective phrasing — 'dizzying' describes the payments metaphorically rather than naming an internal emotional state."
rd_iamfj,reddit,personalfinance,61,0,0,"The author is asking a factual/educational question about retirement accounts in general, not describing their own financial situation or decisions, so P=0; the tone is curious and deliberative with no explicit emotion words or affective phrasing, so E=0."
rd_hbajn,reddit,personalfinance,224,1,0,"The author is describing their own life situation involving divorce, finances, and housing — a personal life domain — but the language is measured and deliberative throughout, with no explicit emotion words or clear affective phrasing that names an internal state (""it completely sucks"" is a mild colloquial expression about the situation, not an explicit emotion word like 'devastated' or 'frustrated')."
rd_jlvf0,reddit,personalfinance,59,1,0,"The author describes their own financial situation (student loan payments) which is a life domain topic, but the language is neutral and deliberative with no explicit emotion words or affective phrasing."
rd_iax4r,reddit,personalfinance,123,1,0,"The author is the subject describing their own financial situation (new job, income tax planning), which is a life domain topic, but the tone is deliberative and analytical with no explicit emotion words or affective phrasing."
rd_it836,reddit,personalfinance,130,1,0,"The author is describing their own financial situation and home purchase plan (P=1), but the language is entirely deliberative and analytical with no explicit emotion words or affective phrasing (E=0)."
rd_iyipw,reddit,personalfinance,147,1,0,"The author is the subject describing their own financial decision (car ownership vs. alternatives), which is a personal finance/life domain topic, but the tone is entirely analytical and deliberative with no explicit emotion words or affective phrasing."
rd_j9bh2,reddit,personalfinance,30,1,0,"The author is the subject describing their own financial situation (P=1), but the language is purely deliberative and fact-seeking with no explicit emotion words or affective phrasing (E=0)."
rd_kaad5,reddit,personalfinance,101,0,0,"The author is sharing a new credit card product and asking for others' opinions — primarily a factual/consumer discussion topic, not a life-domain personal situation, and the language is casual and deliberative with no explicit emotion words or affective phrasing."
rd_keljv,reddit,personalfinance,140,1,0,"The author describes their own financial situation (loans, monthly payments, tax considerations), making it P=1, but the tone is entirely deliberative and analytical with no explicit emotion words or affective phrasing, so E=0."
rd_f5ant,reddit,personalfinance,233,1,0,"The author is describing their own financial situation and seeking advice on a personal finance decision (P=1), but the tone is deliberative and neutral throughout with no explicit emotion words or affective phrasing (E=0)."
rd_iijqv,reddit,personalfinance,322,1,0,"The author is the subject describing a personal financial situation (stock transfer, inheritance), which is a life domain topic (finances), making it P=1; while 'uncomfortable' briefly appears, the overall tone is deliberative and task-oriented, and the discomfort is mentioned only in passing without constituting explicit affective phrasing, so E=0."
rd_hp80w,reddit,personalfinance,186,1,0,"The author is the subject describing their own financial situation (savings, tuition, loans) which falls squarely in the finances life domain, but the tone is entirely deliberative and analytical with no explicit emotion words or affective phrasing."
rd_kcg3o,reddit,personalfinance,94,1,0,"The author is the subject describing their own financial situation (P=1), but the tone is entirely deliberative and task-oriented with no explicit emotion words or affective phrasing (E=0)."
rd_igkz1,reddit,personalfinance,196,1,0,"The author is the subject describing their own household finances and credit-building decision (a life domain), but the language throughout is deliberative and factual with no explicit emotion words or affective phrasing."
rd_h27vf,reddit,personalfinance,235,1,0,"The author is describing their own family financial situation (helping their mother's retirement) in a life/financial domain, but the language throughout is deliberative and informational with no explicit emotion words or affective phrasing."
rd_hvnsc,reddit,personalfinance,39,1,0,"The author is describing their own financial situation (settlement money from an accident) in a deliberative, task-oriented way with no explicit emotion words or affective phrasing."
rd_jt4bi,reddit,personalfinance,75,0,0,"The author is seeking general financial tips and real-world stories from others, not describing their own financial situation or life domain problem, so P=0; the tone is neutral and task-oriented with no explicit emotion words or affective phrasing, so E=0."
rd_hdzmz,reddit,personalfinance,42,1,0,"The author is describing their own financial situation (personal savings, APY), making it P=1, but the tone is purely deliberative with no explicit emotion words or affective phrasing, so E=0."
rd_hs43x,reddit,personalfinance,133,1,0,"The author is the subject asking about a financial decision (savings/retirement investment) that affects their own life, making it P=1, but the tone is deliberative and curious with no explicit emotion words or clear affective phrasing, so E=0."
rd_hj2mc,reddit,personalfinance,231,1,0,"The author discusses their own credit situation (a life domain — finances), but the tone is deliberative and curious; 'flabbergasted' appears once but the post is primarily analytical, and even that word here reads more as rhetorical exclamation than a named internal emotional state sustained through the message, though it borders on E=1 — ultimately the framing is factual/question-seeking, so E=0 per Rule 3."
rd_ix7pk,reddit,personalfinance,55,0,0,"The author is asking a technical/task question about programming an investment tool and seeking resources, which is logistical/task-oriented rather than describing a personal life situation in a life domain, so P=0; the tone is neutral and task-focused with no explicit emotion words or affective phrasing, so E=0."
rd_jezix,reddit,personalfinance,128,1,1,"The author describes their own financial situation (new Roth IRA) and uses the explicit affective phrase 'all anxious to start investing,' which names an internal emotional state."
rd_hj47p,reddit,personalfinance,70,1,0,"The author is the subject describing their own financial/work situation (P=1), but the tone is neutral and task-oriented with no explicit emotion words or affective phrasing beyond mild confusion stated matter-of-factly (E=0)."
rd_irldp,reddit,personalfinance,103,1,1,"The author is the subject describing their own financial situation (P=1), and 'FUCK YEAH!' is an explicit expression of the author's internal emotional state — excitement/elation — satisfying E=1."
rd_ek6nf,reddit,personalfinance,90,1,0,"The author is the subject describing their own financial situation (P=1), but the tone is purely deliberative and informational with no explicit emotion words or affective phrasing (E=0)."
rd_ilshi,reddit,personalfinance,47,1,0,"The author is the subject describing their own tax/financial situation (P=1), but the tone is entirely practical and deliberative with no explicit emotion words or affective phrasing (E=0)."
rd_gvyye,reddit,personalfinance,130,1,0,"The author is the subject describing their own financial situation and investment decisions (P=1), but the tone is deliberative and curious with no explicit emotion words or affective phrasing (E=0)."
rd_frteq,reddit,personalfinance,115,1,0,"The author is the subject describing their own financial situation (student loans, savings, retirement, home purchase goals) — a life domain — but the tone is deliberative and analytical with no explicit emotion words or affective phrasing (""pretty happy"" is a mild evaluative phrase, not a named emotional state)."
rd_handy,reddit,personalfinance,170,1,0,"The author is the subject describing their own financial situation (credit score, banking history, loan plans) — a clear life-domain topic — but the tone is deliberative and informational with no explicit emotion words or affective phrasing."
rd_jh95h,reddit,personalfinance,93,1,0,"The author is the subject describing their own financial situation (joint finances with a partner), which is a life-domain topic, but the tone is purely deliberative and task-oriented with no explicit emotion words or affective phrasing."
rd_i3l6x,reddit,personalfinance,237,1,0,"The author is describing their own financial situation and debt repayment strategy (a life domain), but the tone is entirely deliberative and analytical with no explicit emotion words or affective phrasing."
rd_iggvw,reddit,personalfinance,88,1,0,"The author describes their own financial situation (401k, IRA) which is a life-domain topic, but the tone is entirely deliberative and informational with no explicit emotion words or affective phrasing."
rd_ipyuq,reddit,personalfinance,111,1,0,"The author is the subject describing their own financial situation (retirement accounts, job change), a clear life-domain topic, but the tone is deliberative and neutral with no explicit emotion words or affective phrasing — 'really don't know' describes a knowledge gap, not an internal emotional state."
rd_jmvpa,reddit,personalfinance,147,1,0,"The author is describing their own financial transaction and calculating their own tax liability (P=1), but the tone is analytical and deliberative with no explicit emotion words or affective phrasing — 'lame' is a mild colloquial adjective, not a named internal emotional state (E=0)."
rd_havej,reddit,personalfinance,130,1,0,"The author is the subject describing their own financial situation (inherited money, debt, investment plans) — a clear life-domain topic — but the tone is deliberative and analytical throughout, with no explicit emotion words or affective phrasing despite the heavy context of a parent's death (Rule 3)."
rd_k2b4p,reddit,personalfinance,784,1,1,"The author is describing their own financial situation (P=1) and uses explicit emotional language such as 'I hate being in debt,' 'may be a bit scary,' and 'eagerly, eagerly awaiting,' which name internal states (E=1)."
rd_iec96,reddit,personalfinance,75,1,0,"The author is describing their own financial situation (home loan, rental property, income change) — a life domain topic — but the language is entirely deliberative and informational with no explicit emotion words or affective phrasing."
rd_j551e,reddit,personalfinance,94,0,0,"The author is sharing a referral offer and promotional information about a credit card — this is a task/logistical/transactional post, not a personal life-domain disclosure, so P=0; the tone is neutral and informational with no explicit emotion words, so E=0."
rd_jg2yc,reddit,personalfinance,124,1,0,"The author is the subject describing their own financial situation and plans (P=1), but the tone is purely deliberative and task-oriented with no explicit emotion words or affective phrasing (E=0)."
rd_ihm58,reddit,personalfinance,336,1,0,"The author is the subject describing their own financial situation and life decisions (P=1), but the tone is entirely deliberative and analytical with no explicit emotion words or affective phrasing (E=0)."
rd_i9bf1,reddit,personalfinance,76,1,0,"The author is the subject describing their own financial situation (college costs, savings, graduation money), which is a personal finance life domain, but the tone is entirely deliberative and neutral with no emotional language."
rd_js5zn,reddit,personalfinance,137,1,0,"The author is the subject describing their own financial situation (credit cards, fees, credit report), which is a life domain (finances), but the tone is entirely deliberative and neutral with no explicit emotion words or affective phrasing."
rd_ex2x8,reddit,personalfinance,71,1,0,"The author describes their own financial situation (savings, self-employment, IRA contributions), making it P=1, but the tone is deliberative and factual with no explicit emotion words or affective phrasing, so E=0."
rd_ftrwg,reddit,personalfinance,217,1,0,"The author is the subject describing their own financial situation (emergency fund, income, investments, student loans) — a life-domain topic — but the language throughout is deliberative and analytical with no explicit emotion words or affective phrasing."
rd_hl0zm,reddit,personalfinance,325,1,0,"The author is describing their own financial situation and asking for advice on personal finance decisions (savings, investments, house down payment), which qualifies as P=1, but the tone is entirely deliberative and analytical with no explicit emotion words or affective phrasing beyond a brief acknowledgment of fortune, so E=0."
rd_h54q1,reddit,personalfinance,189,1,0,"The author is describing their own financial situation (new job, income, dependents, tax strategy) which is a personal life-domain topic, but the language is entirely deliberative and task-oriented with no explicit emotion words or affective phrasing."
rd_keqa0,reddit,personalfinance,151,1,0,"The author is describing their own financial situation and retirement savings decisions (P=1), but the tone is deliberative and analytical with no explicit emotion words or affective phrasing despite mild hedging language (E=0)."
rd_jcvs9,reddit,personalfinance,173,1,0,"The author is the subject describing their own upcoming move and financial situation (a life domain), but the tone is entirely deliberative and logistical with no explicit emotion words or affective phrasing."
rd_hbamt,reddit,personalfinance,164,1,0,"The author is the subject describing their own financial situation (credit score, credit card usage), which is a personal life domain, but the tone is deliberative and analytical with no explicit emotion words or affective phrasing."
rd_hmi9y,reddit,personalfinance,130,1,0,"The author describes their own financial setup (P=1) but the tone is deliberative and analytical throughout, with no explicit emotion words or affective phrasing (E=0)."
rd_j84e9,reddit,personalfinance,179,1,0,"The author describes their own financial situation and asks for investment advice (a life domain topic), but the language is entirely deliberative and neutral with no explicit emotion words or affective phrasing."
rd_itlvh,reddit,personalfinance,117,1,0,"The author is the subject describing their own financial situation (credit card debt, loan rejections), which is a life domain topic, but the tone is deliberative and analytical with no explicit emotion words or affective phrasing."
rd_k6ow8,reddit,personalfinance,239,1,0,"The author is the subject describing their own financial situation (student loans, personal finance domain), but the tone is deliberative and analytical with no explicit emotion words or affective phrasing — 'reluctant' here describes a rational caution, not a named emotional state."
rd_kevbr,reddit,personalfinance,56,1,1,"The author is describing their own financial situation (credit limit increase affecting their credit score), and explicitly states 'IM SO EXCITED OMG,' which is an explicit emotion word/phrase referring to their own internal state."
rd_iq41f,reddit,personalfinance,468,1,1,"The author describes their own financial situation (P=1) and uses explicit emotion words — 'worried,' 'nervous,' and 'unsure' — referring to their own internal state (E=1)."
rd_iomrv,reddit,personalfinance,100,1,0,"The author is the subject describing their own investment portfolio allocation (a financial life domain), but the tone is entirely deliberative and analytical with no explicit emotion words or affective phrasing."
rd_hsohd,reddit,personalfinance,84,1,0,"The author is the subject describing their own financial situation and goals (P=1), but the tone is deliberative and neutral with no explicit emotion words or affective phrasing (E=0)."
rd_i6iab,reddit,personalfinance,91,1,0,"The author describes their own financial situation in detail (P=1), but the tone is deliberative and analytical with no explicit emotion words or clear affective phrasing — the '(haha, right?)' is a wry aside, not a named internal state (E=0)."
rd_jkav0,reddit,personalfinance,55,0,0,"The author is asking a factual/deliberative question about gold as an investment concept, not describing their own financial situation or decisions, so P=0; the tone is neutral and curious with no emotional language, so E=0."
rd_ioxu8,reddit,personalfinance,24,1,1,The author describes their own financial behavior (P=1) and 'can't get myself to actually do it' is clear affective phrasing naming an internal state of inability/frustration (E=1).
rd_kgcau,reddit,personalfinance,195,1,0,"The author is the subject describing their own financial situation (significant personal wealth/investment decision), which is a life domain topic, but the tone is entirely deliberative and neutral with no explicit emotion words or affective phrasing."
rd_kfe4h,reddit,personalfinance,160,1,0,"The author is describing their own financial situation (P=1), but the language is deliberative and analytical throughout — 'feel though as I'm getting dicked around' is a mild complaint rather than a named emotional state, so E=0 per Rule 3."
rd_jerug,reddit,personalfinance,72,1,0,"The author is describing their own financial situation (credit card debt, post-graduation), making it P=1, but the tone is deliberative and informational with no explicit emotion words or affective phrasing, so E=0."
rd_ia1y7,reddit,personalfinance,53,1,0,"The author is describing their own financial situation (credit score, debt repayment) which is a life domain topic, but the tone is deliberative and curious with no explicit emotion words or affective phrasing."
rd_hj9u4,reddit,personalfinance,116,1,0,"The author is describing their own financial and academic situation (P=1), but the language is measured and deliberative with no explicit emotion words or affective phrasing beyond 'very thankful,' which is a polite closing sentiment rather than a signal of acute internal distress (E=0)."
rd_jqm9a,reddit,personalfinance,103,1,0,"The author is the subject describing their own financial situation (mortgage, car loan, savings, retirement) which is a life domain, but the tone is entirely deliberative and analytical with no emotion words or affective phrasing."
rd_hdrfr,reddit,personalfinance,25,1,0,"The author is the subject describing their own financial situation (saving for retirement), a life-domain topic, but the language is neutral and deliberative with no explicit emotion words or affective phrasing."
rd_h7ejf,reddit,personalfinance,46,1,0,"The author is the subject describing their own financial situation and tool preferences (P=1), but the language is purely deliberative and task-oriented with no explicit emotion words or affective phrasing (E=0)."
rd_kfg07,reddit,personalfinance,146,1,0,"The author is the subject describing their own financial and career situation (P=1), but the language is entirely deliberative and analytical with no explicit emotion words or affective phrasing (E=0)."
rd_jh2lo,reddit,personalfinance,143,1,0,"The author is the subject discussing their own credit card situation (a financial life domain), but the language is deliberative and analytical throughout with no explicit emotion words or affective phrasing beyond a brief past remark ('it felt awesome') that is not the focus of the question."
rd_gx71k,reddit,personalfinance,156,1,0,"The author is the subject describing their own financial situation (401k rollover decision), which is a life-domain topic, but the language is deliberative and informational with no explicit emotion words or affective phrasing."
rd_hohc9,reddit,personalfinance,186,1,0,"The author describes their own life situation (relocating abroad, partner, debt decisions) which falls in the financial and relationship life domains, but the tone is deliberative and analytical with no explicit emotion words or affective phrasing."
rd_g1z23,reddit,personalfinance,95,1,1,"The author is the subject describing their own financial situation (P=1), and the phrase 'I just feel like I'm not really taking advantage' names an internal evaluative/affective state about their own circumstances (E=1)."
rd_jj33x,reddit,personalfinance,89,1,0,"The author describes their own financial situation (CC debt, income constraints, payment habits) — a life-domain topic — but the tone is deliberative and analytical with no explicit emotion words or affective phrasing."
rd_ioeub,reddit,personalfinance,238,1,0,"The author describes their own financial situation (savings, income, investment plans) — a life-domain topic — but the language is deliberative and informational with no explicit emotion words or affective phrasing beyond mild enthusiasm ('fallen in love'), which is a casual idiom rather than a named internal emotional state."
rd_jmhl2,reddit,personalfinance,27,1,0,"The author describes their own Roth IRA investment situation (personal finance domain, P=1), but the tone is purely deliberative and factual with no emotional language (E=0)."
rd_jb7r4,reddit,personalfinance,16,1,0,"The author is the subject seeking advice about insuring their own property (a financial/personal decision), but the language is neutral and deliberative with no explicit emotion words or affective phrasing."
rd_gt9iz,reddit,personalfinance,137,1,1,"The author is describing their own financial situation (P=1), and 'Woe is me' is a clear affective expression naming an internal state of regret or distress (E=1)."
rd_gw5tx,reddit,personalfinance,51,1,0,"The author is the subject describing their own financial situation and investment goals (a life domain), but the tone is purely deliberative and informational with no explicit emotion words or affective phrasing."
rd_h2v68,reddit,personalfinance,62,0,0,"The author is asking a factual/logistical question about whether an opt-out website is legitimate, not describing a personal life-domain situation, and the language is neutral and task-oriented."
rd_ji4rw,reddit,personalfinance,37,0,0,"The author is not the subject — they are asking a factual/opinion question about investment platforms, not describing their own financial situation or life domain topic."
rd_if653,reddit,personalfinance,114,1,1,"The author is describing their own financial situation (P=1), and 'I don't know what to do with it' combined with '.... help. /clueless' constitutes clear affective phrasing naming a state of uncertainty/lostness (E=1)."
rd_hj3z8,reddit,personalfinance,211,1,0,"The author is the subject describing their own retirement savings situation (a life/finance domain), but the language is deliberative and informational throughout — 'I feel it is quite weird' is mild and contextual, not a named emotional state meeting the E=1 threshold."
rd_kck64,reddit,personalfinance,118,1,0,"The author is the subject describing their own financial situation (debt, budget, savings) — a life domain — but the tone is deliberative and analytical with no explicit emotion words or affective phrasing."
rd_iusld,reddit,personalfinance,38,1,0,"The author is describing their own financial decision (taking a loan), which is a personal life domain, but the tone is neutral and deliberative with no explicit emotion words or affective phrasing."
rd_jmrnx,reddit,personalfinance,89,1,0,"The author is describing their own financial situation and investment decisions (P=1), but the language is analytical and deliberative with no explicit emotion words or affective phrasing (E=0)."
rd_inlkd,reddit,personalfinance,125,1,1,"The author is asking about their own financial situation (credit cards, building credit as a student), which is a personal finance topic, and uses 'I'm kind of lost' — a clear affective phrase naming an internal state of confusion."
rd_ix47n,reddit,personalfinance,124,1,0,"The author is the subject describing their own financial situation and investment decisions (a life domain), but the language is entirely deliberative and analytical with no explicit emotion words or affective phrasing."
rd_hizud,reddit,personalfinance,205,1,0,"The author is the subject describing their own financial situation (land sale, student loans, managing proceeds), which is a personal finance life domain, but the tone is entirely deliberative and analytical with no explicit emotion words or affective phrasing."
rd_fv9xt,reddit,personalfinance,186,1,0,"The author is describing their own financial situation and considering a personal banking switch (a life-domain financial decision), but the tone is entirely deliberative and analytical with no explicit emotion words or affective phrasing."
rd_gx2ut,reddit,personalfinance,47,1,0,"The author is describing their own financial situation (retirement accounts, P=1) but the tone is deliberative and task-oriented; 'd-bag' describes the advisor's behavior rather than naming the author's internal emotional state (E=0)."
rd_hkup6,reddit,personalfinance,126,1,0,"The author describes their own financial habits and asks for advice on managing their checking account, making it P=1 (personal finance domain), but the tone is entirely deliberative and analytical with no explicit emotion words or affective phrasing, so E=0."
rd_h6544,reddit,personalfinance,55,0,0,"The author is posing a factual/curiosity question about how credit card rewards work in general, not describing their own financial situation or life domain problem, so P=0; the tone is neutral and deliberative with no explicit emotion words, so E=0."
rd_hwhv1,reddit,personalfinance,14,0,0,"The author uses 'we' suggesting a general/third-party framing rather than describing their own personal situation, and the tone is deliberative and neutral with no explicit emotion words."
rd_grj5c,reddit,personalfinance,19,0,0,"The message is a vague, task-oriented question asking how someone would prepare for something, with no clear self-involvement in a life domain and no emotional language."
rd_hla3b,reddit,personalfinance,172,0,0,"The author is asking a factual/educational question about how expense ratios work; while they reference their own example, the framing is informational rather than describing a personal life situation in a meaningful life domain."
rd_eu6v7,reddit,personalfinance,159,1,0,"The author is the subject describing their own financial situation and investment plans (a life domain), but the tone is entirely deliberative and task-oriented with no explicit emotion words or affective phrasing."
rd_je33q,reddit,personalfinance,69,0,0,"The author is discussing general investing philosophy and asking others about their experiences, not describing their own financial situation or life domain in a personal way — the framing is deliberative and topic-oriented rather than self-referential about their own finances."
rd_kd9mj,reddit,personalfinance,231,1,1,"The author is the subject describing their own financial situation (P=1), and uses explicit emotion/affect words and phrases — 'frustrated,' 'shit,' 'WTF,' 'this sucks' — that directly name or signal a negative internal state (E=1)."
rd_g6mys,reddit,personalfinance,179,1,0,"The author is the subject describing their own financial situation (personal finance, life domain = P=1), but the tone is entirely deliberative and analytical with no explicit emotion words or affective phrasing (E=0)."
rd_hj6qa,reddit,personalfinance,126,1,1,The author describes their own financial situation (P=1) and uses clear affective phrasing — 'I just don't know' and 'I can't seem to ditch it' — that signals an internal state of uncertainty and helplessness (E=1).
rd_fbqjw,reddit,personalfinance,27,0,0,"The author is asking for recommendations/opinions about external resources, not describing their own life situation in a personal domain, making this a task/factual question (P=0), and the tone is neutral and deliberative with no explicit emotion words (E=0)."
rd_fhmp7,reddit,personalfinance,111,1,1,"The author describes their own financial practices (P=1) and uses explicit emotional/affective language—'Liberating, I say!'—naming an internal state of feeling freed (E=1)."
rd_jquce,reddit,personalfinance,285,1,1,"The author is the subject describing their own financial situation (mortgage, savings, retirement, family plans), and the phrase 'I'm stuck wondering' is clear affective phrasing naming an internal state of indecision/uncertainty, meeting the E=1 threshold."
rd_hjgi2,reddit,personalfinance,46,1,0,"The author is the subject describing their own financial/career situation (starting a business with limited capital), which is a life domain topic, but the tone is purely deliberative and task-oriented with no explicit emotion words or affective phrasing."
rd_jdiy5,reddit,personalfinance,129,1,0,"The author is the subject describing their own financial situation (credit history, card decisions), which is a life domain, but the tone is entirely deliberative and neutral with no explicit emotion words or affective phrasing."
rd_k81m0,reddit,personalfinance,42,1,0,"The author is the subject dealing with a personal financial matter (loan/debt), but the tone is task-oriented and deliberative with no explicit emotion words or affective phrasing."
rd_j3jdx,reddit,personalfinance,148,1,0,"The author is describing their own financial situation (credit cards, score, job, spending habits), which falls in the finances life domain (P=1), but the tone is entirely deliberative and informational with no explicit emotion words or affective phrasing (E=0)."
rd_jllgr,reddit,personalfinance,82,1,0,"The author is the subject describing their own financial situation and retirement planning (a life domain), but the tone is purely deliberative and informational with no explicit emotion words or affective phrasing."
rd_jr9tx,reddit,personalfinance,257,1,1,"The author is the subject describing a personal financial/identity crisis (P=1), and explicitly uses the affective phrase 'feeling helpless' to name their internal emotional state (E=1)."
rd_fuppo,reddit,personalfinance,126,1,0,"The author is the subject describing their own financial situation and investment decisions (P=1), but the tone is deliberative and analytical with no explicit emotion words or affective phrasing (E=0)."
rd_jyogp,reddit,personalfinance,246,1,0,"The author is the subject describing a personal financial situation (no credit history, difficulty getting approved), but the language is deliberative and informational throughout with no explicit emotion words or affective phrasing — mild frustration ('It's stupid') is expressed about the system, not a named internal emotional state of the author."
rd_ise4n,reddit,personalfinance,187,1,0,"The author is describing their own student loan situation and financial strategy (a personal finance life domain), but the tone is entirely deliberative and analytical with no explicit emotion words or affective phrasing."
rd_hk6fm,reddit,personalfinance,120,1,0,"The author is the subject describing their own financial situation (P=1), but the tone is purely deliberative and informational with no explicit emotion words or affective phrasing (E=0)."
rd_icgdy,reddit,personalfinance,173,0,0,"The author explicitly disclaims personal involvement ('I am not planning this') and frames the post as a factual/analytical question about bankruptcy strategy, not a personal financial situation — P=0; the tone is deliberative and curious with no explicit emotion words or affective phrasing — E=0."
rd_idw47,reddit,personalfinance,97,1,0,"The author is the subject describing their own financial situation (credit card denial after graduation), which is a life domain topic, but the language is deliberative and factual with no explicit emotion words or affective phrasing."
rd_i6pjv,reddit,personalfinance,185,1,0,"The author is describing their own financial situation (401k investments with their girlfriend) which falls in the finances life domain (P=1), but the tone is purely deliberative and analytical with no explicit emotion words or affective phrasing (E=0)."
rd_ju1qo,reddit,personalfinance,86,1,0,"The author is describing their own financial/legal situation (debt, lawsuit, taxes) — a clear life-domain topic — but the language is factual and deliberative with no explicit emotion words or affective phrasing, so E=0."
rd_gtrlg,reddit,personalfinance,22,1,0,"The author identifies as a beginning investor asking about their own investment decision (personal finance domain), but the tone is deliberative and neutral with no explicit emotion words or affective phrasing."
rd_fh0hn,reddit,personalfinance,142,1,1,"The author describes their own financial and health situation (P=1) and uses explicit affective language including 'my life is a wreck' and 'struggle so hard,' which name internal states of distress (E=1)."
rd_hdh3l,reddit,personalfinance,208,1,0,"The author is the subject describing their own financial situation (IRA contributions, tax implications), a clear life-domain topic, but the tone is entirely deliberative and analytical with no explicit emotion words or affective phrasing."
rd_ie631,reddit,personalfinance,117,1,0,"The author is the subject describing a real financial/insurance decision for their household (life domain: finances/work), but the tone is entirely deliberative and informational with no explicit emotion words or affective phrasing."
rd_fy7im,reddit,personalfinance,171,1,0,"The author is the subject describing their own inherited property and financial situation (a life domain), but the language is entirely deliberative and analytical with no explicit emotion words or affective phrasing."
rd_flgy3,reddit,personalfinance,129,1,0,"The author is the subject describing their own financial/property situation (P=1), but the tone is deliberative and practical throughout; 'woohoo!' is a mild interjection and 'happily' is incidental — neither constitutes an explicit emotion word or clear affective phrasing signaling an internal state (E=0)."
rd_i31th,reddit,personalfinance,96,1,0,"The author is describing their own financial situation and decision-making about credit card setup (a personal finance life domain), but the tone is purely deliberative and practical with no explicit emotion words or affective phrasing."
rd_ihbfv,reddit,personalfinance,277,1,0,"The author is describing their own financial situation and planning (P=1), but the tone is entirely deliberative and analytical with no explicit emotion words or affective phrasing (E=0)."
rd_fncts,reddit,personalfinance,58,1,0,"The author is the subject describing their own financial situation and tax strategy (life domain: finances), but the tone is deliberative and neutral with no explicit emotion words or affective phrasing."
rd_iu3zf,reddit,personalfinance,32,1,0,"The author is the subject discussing their own financial decision (P=1), but the tone is neutral and deliberative with no explicit emotion words or affective phrasing (E=0)."
rd_j1bw0,reddit,personalfinance,66,1,0,"The author is the subject discussing their own Roth IRA (personal finance, a life domain), but the tone is purely deliberative and informational with no explicit emotion words or affective phrasing."
rd_jbm53,reddit,personalfinance,112,0,0,"The author is discussing their mother's financial situation, not their own, so P=0 (author is not the subject); the tone is analytical and deliberative with no explicit emotion words or affective phrasing, so E=0."
rd_fho17,reddit,personalfinance,125,1,0,"The author is the subject describing their own financial situation (a life domain), but the tone is deliberative and analytical with no explicit emotion words or affective phrasing."
rd_gi3w8,reddit,personalfinance,84,0,0,"The author is asking for help with an assignment question about stock options — this is a task/homework request, not a personal life-domain situation, so P=0; the phrase 'forever in debt to you' is a polite hyperbolic closing, not a named emotional state, so E=0."
rd_gi6ck,reddit,personalfinance,78,1,0,"The author is the subject describing their own financial situation (personal finance = life domain), but the language is neutral and deliberative with no explicit emotion words or affective phrasing."
rd_isa7d,reddit,personalfinance,133,1,1,"The author is the subject describing their own financial/legal situation (P=1), and 'pretty scary' is an explicit emotional word naming their internal state (E=1)."
rd_hl85v,reddit,personalfinance,94,1,0,"The author is describing their own financial situation (P=1), but the language is deliberative and analytical despite mild self-deprecating phrases; there are no explicit emotion words or clear affective phrasing naming an internal emotional state (E=0)."
rd_frvaa,reddit,personalfinance,162,1,0,"The author is describing their own financial situation and investment strategy (P=1), but the tone is entirely deliberative and analytical with no explicit emotion words or affective phrasing (E=0)."
rd_hcjsc,reddit,personalfinance,118,0,0,"The author is asking a general factual/deliberative question about when people should start retirement planning — they are not describing their own situation or life domain, so P=0, and the language is neutral with no affective phrasing, so E=0."
rd_g10nw,reddit,personalfinance,260,1,0,"The author is the subject describing their own financial history and credit rebuilding situation (a life domain), but the tone throughout is deliberative and factual with no explicit emotion words or affective phrasing — polite closings like 'thank you' do not qualify as E=1."
rd_irefr,reddit,personalfinance,237,1,1,"The author describes their own financial situation (P=1) and explicitly uses emotion words 'tired,' 'frustrated,' and 'afraid' to name their internal state (E=1)."
rd_i5p7n,reddit,personalfinance,100,1,0,"The author is the subject describing their own financial situation (credit card management), which is a life domain (finances), but the tone is entirely neutral and deliberative with no explicit emotion words or affective phrasing."
rd_ixdy1,reddit,personalfinance,468,1,1,"The author is the subject describing their own financial situation (P=1), and the message contains explicit emotion words — 'I love the fact' and 'it's a great feeling' — naming an internal emotional state (E=1)."
rd_juayw,reddit,personalfinance,96,1,0,"The author is the subject managing their own financial/tax situation (a life domain), but the tone is purely deliberative and informational with no explicit emotion words or affective phrasing — Rule 3 applies."
rd_izd7f,reddit,personalfinance,346,1,1,"The author is the subject describing their own significant life responsibility (executor of estate), and includes explicit affective phrasing — 'feeling a little overwhelmed by the whole prospect' — which names an internal emotional state (E=1)."
rd_h690d,reddit,personalfinance,47,0,0,"The author is asking for factual information about available banks (a logistical/informational request), and while they mention distrust of high street banks, this is a stated reason rather than an explicit emotion word or clear affective phrasing about an internal state."
rd_int1w,reddit,personalfinance,78,1,0,"The author is the subject describing their own financial situation (P=1), but the language is purely task-oriented and deliberative with no explicit emotion words or affective phrasing (E=0)."
rd_kf2vd,reddit,personalfinance,130,1,1,"The author describes their own tax situation (personal finance domain, P=1) and the edit contains explicit affective phrasing 'I am one happy clam today' naming a positive internal state (E=1)."
rd_iamp8,reddit,personalfinance,96,1,0,"The author is describing their own life situation (career change, parental conflict, financing education) which falls in the life/career/finances domain, but the tone is deliberative and task-oriented with no explicit emotion words or affective phrasing."
rd_i80qx,reddit,personalfinance,109,1,0,"The author is the subject describing their own financial situation (401k, investments, job switch) — a clear life-domain topic — but the tone is entirely deliberative and analytical with no explicit emotion words or affective phrasing."
rd_hkr7l,reddit,personalfinance,118,1,0,"The author is the subject describing their own financial situation and investment plans (a life domain), but the language is entirely deliberative and informational with no explicit emotion words or affective phrasing."
rd_iuwc4,reddit,personalfinance,275,1,0,"The author is the subject discussing their own credit cards and financial decisions (P=1), but the language is entirely deliberative and neutral with no explicit emotion words or affective phrasing (E=0)."
rd_i66tv,reddit,personalfinance,147,0,0,"The author is asking factual/informational questions about Swiss banking, tax shelters, and foreign stock exchanges — not describing their own financial situation as the subject, making this P=0 with neutral, curious framing and no emotional language (E=0)."
rd_hl3ii,reddit,personalfinance,89,1,0,"The author is the subject discussing their own finances (credit card, age 19), which is a life domain, so P=1; the tone is deliberative and curious with no explicit emotion words or affective phrasing, so E=0."
rd_irp56,reddit,personalfinance,67,1,0,"The author is the subject describing their own financial saving situation (P=1), but the tone is purely practical and task-oriented with no explicit emotion words or affective phrasing (E=0)."
rd_iz6ew,reddit,personalfinance,138,1,0,"The author is the subject describing their own college finances (a life domain), but the language is entirely deliberative and analytical with no explicit emotion words or affective phrasing."
rd_fjd1t,reddit,personalfinance,354,1,0,"The author is the subject describing their own financial situation and investment decisions (P=1), but the tone is deliberative and informational with no explicit emotion words or affective phrasing beyond a casual smiley face (E=0)."
rd_iyje0,reddit,personalfinance,273,1,0,"The author is the subject discussing their own financial situation (debt, savings, retirement) — a clear life domain — but the language is deliberative and analytical with no explicit emotion words or affective phrasing."
rd_fvcj8,reddit,personalfinance,56,1,0,"The author is the subject describing their own financial and life situation (insurance, taxes, housing, spouse's employment), which falls squarely in a life domain, but the tone is deliberative and neutral with no explicit emotion words or affective phrasing."
rd_h0iup,reddit,personalfinance,16,0,0,"The author is asking a factual/definitional question about how 401k matching works, not describing their own financial situation, so P=0; the tone is purely neutral and informational, so E=0."
rd_j09wc,reddit,personalfinance,74,1,0,"The author is describing their own financial situation (IRA, car debt, credit card debt, paycheck-to-paycheck) — a clear life-domain topic — but the language is deliberative and neutral with no explicit emotion words or affective phrasing."
rd_h2bgo,reddit,personalfinance,72,1,0,"The author is describing their own financial situation and investment plans (a life domain), making it P=1, but the tone is purely deliberative and informational with no explicit emotion words or affective phrasing, so E=0."
rd_hhket,reddit,personalfinance,387,1,0,"The author describes their own employment and financial decision about enrolling in a stock plan (P=1), but the tone is neutral and deliberative with no explicit emotion words or affective phrasing (E=0)."
rd_j6crx,reddit,personalfinance,139,1,0,"The author describes their own financial situation (mortgage, debt, IRA) — a clear life-domain topic — but the tone is analytical and deliberative with no explicit emotion words or affective phrasing."
rd_fr89j,reddit,personalfinance,83,1,0,"The author is describing their own financial situation and investment decisions (a life domain), but the language is entirely deliberative and factual with no explicit emotion words or affective phrasing."
rd_giq1l,reddit,personalfinance,519,1,0,"The author is the subject describing their own financial situation (debt, credit, family finances) — a clear life domain — but the tone throughout is analytical and deliberative with no explicit emotion words or affective phrasing (the 'Yay!' is a mild interjection per Rule 2, and 'damper on our celebration' describes a situation rather than naming an internal emotional state)."
rd_h9dkc,reddit,personalfinance,63,1,0,"The author is the subject describing their own financial situation (mortgage refinancing), which is a life-domain topic, but the tone is neutral and deliberative with no explicit emotion words or affective phrasing."
rd_goo8s,reddit,personalfinance,283,1,0,"The author is describing their own financial situation (income, mortgage, student debt, savings) — a clear life-domain topic — but the tone is entirely deliberative and analytical with no explicit emotion words or affective phrasing."
rd_iqgr6,reddit,personalfinance,254,1,1,"The author explicitly describes 'bearing the burden of worrying about everyone' and names worry as their own emotional state, satisfying the E=1 threshold, while the message is clearly about their own life situation and relationships with family."
rd_k6k7j,reddit,LifeProTips,87,0,0,"The message is about logistical pet care (cleaning dog accidents), not a life-domain topic, making it P=0; the tone is matter-of-fact with no explicit emotion words or affective phrasing, so E=0."
rd_lebjf,reddit,LifeProTips,68,0,0,"The author is sharing general advice/factual information about recycling practices, not describing their own life situation or expressing any emotional state."
rd_frktm,reddit,LifeProTips,26,0,0,"The message is a factual/instructional statement about how to tighten or loosen fittings — the author is not the subject and the content is a practical how-to, not a life domain topic."
rd_n2maq,reddit,LifeProTips,192,0,0,"The message is primarily a practical tip/how-to for removing sand, which is logistical in nature (Rule 1b), even though the author briefly mentions personal experience; the dominant framing is instructional and task-oriented, not a personal life-domain disclosure, and the language is neutral throughout (Rule 3)."
rd_nee2m,reddit,LifeProTips,24,0,0,The message is a practical how-to tip (removing burrs) with no personal life domain involvement and no emotional language.
rd_oe7pt,reddit,LifeProTips,70,0,0,"The message is a general tip addressed to an anonymous audience (""you""), not describing the author's own personal situation or life domain, so P=0; the tone is informational and neutral with no explicit emotion words, so E=0."
rd_o1mv6,reddit,LifeProTips,60,0,0,"The author is sharing a general tip/fact about smiling and endorphins with a brief self-reference, but the framing is informational/advisory rather than describing a personal life situation in a life domain, and there are no explicit emotion words or affective phrasing."
rd_nejqw,reddit,LifeProTips,75,0,0,"Although the author mentions their financial constraints and work wardrobe, the core request is a logistical how-to about cleaning clothes cheaply, which falls under everyday logistics rather than a life-domain personal situation (Rule 1b)."
rd_maabp,reddit,LifeProTips,121,0,0,"The author provides general how-to tips and describes their own flat only incidentally; the topic is a logistical/craft activity rather than a life-domain personal situation, and the language is entirely neutral and instructional."
rd_i2erv,reddit,LifeProTips,49,0,0,"The author is not the subject — this is a factual/informational statement about swimming as exercise, not about the author's own life or situation."
rd_lumo9,reddit,LifeProTips,31,0,0,"The message describes a logistical/travel observation (TSA cutting twine on luggage) rather than a life-domain personal situation, and the language is neutral with no explicit emotion words or affective phrasing."
rd_mapwp,reddit,LifeProTips,54,1,0,"The author describes their own health situation (acne/skin condition) which is a life domain topic, but the language is neutral and factual with no explicit emotion words or affective phrasing."
rd_oet6s,reddit,LifeProTips,222,1,0,"The author describes their own travel, shopping habits, and financial strategies (life domain: finances), but the tone is entirely informational and deliberative with no explicit emotion words or affective phrasing."
rd_ma32v,reddit,LifeProTips,36,0,0,"The author is giving advice/tips to someone else, not describing their own life situation in a personal domain, and the aside about dropping the phone is logistical/behavioral rather than expressing a named emotional state."
rd_of7z8,reddit,LifeProTips,35,0,0,"The message is practical advice directed at a general audience (logistical tip), not describing the author's own life situation, so P=0; the tone is neutral and advisory with no emotional language, so E=0."
rd_p4toa,reddit,LifeProTips,177,0,0,"The message is primarily sharing a practical memory tip/how-to trick rather than describing a personal life situation in a life domain, making it logistical/task-oriented (P=0), and the tone is neutral and informational with no explicit emotion words or affective phrasing (E=0)."
rd_ndwr7,reddit,LifeProTips,41,0,0,"The message is a general tip/how-to about a practical logistics task, not about the author's personal life domain, making it P=0; the tone is neutral with no explicit emotion words, making it E=0."
rd_k4k4s,reddit,LifeProTips,89,1,0,"The author is the subject describing a personal anecdote (a social/authority conflict at school), but the language is narrative and analytical rather than expressing explicit emotion words or clear affective phrasing about an internal state."
rd_oebm8,reddit,LifeProTips,58,0,0,"The author is sharing a general tip/how-to about identifying phishing links, not describing a personal life-domain situation, so P=0; the tone is informational with no explicit emotion words or affective phrasing, so E=0."
rd_lwru4,reddit,LifeProTips,106,0,0,"The message is a how-to tip about blanket-tucking technique — logistical/practical advice, not a personal life-domain disclosure, and the language is entirely neutral and instructional."
rd_m51dv,reddit,LifeProTips,169,0,0,"The message is primarily a tip/how-to about handling shaving cuts shared for general use, not a personal life-domain disclosure, making it P=0; the language is informational and casual with no explicit emotion words or affective phrasing, making it E=0."
rd_otahq,reddit,LifeProTips,28,0,0,"The message is a general instructional/promotional statement about door handles, not about the author's own life situation, and contains no explicit emotion words or affective phrasing."
rd_oslbx,reddit,LifeProTips,26,0,0,"The message is a practical how-to tip (the author is not describing their own situation) with neutral, task-oriented language, so both P and E are 0."
rd_o3zzd,reddit,LifeProTips,127,0,0,"The author is sharing general factual/practical advice about body heat regulation — not describing their own life situation — so P=0; the tone is neutral and informational with no explicit emotion words, so E=0."
rd_nznpr,reddit,LifeProTips,30,0,0,"The message is a general recommendation/advice directed at others, not a description of the author's own life or situation, so P=0; the tone is neutral and instructional with no explicit emotion words, so E=0."
rd_o9103,reddit,LifeProTips,32,0,0,"The author is giving a practical food storage tip (logistics/how-to), not describing their own life situation, so P=0; the tone is neutral and contains no explicit emotion words or affective phrasing, so E=0."
rd_otp34,reddit,LifeProTips,61,0,0,"The message is a task-oriented recommendation about software tools, with the author not describing their own life or situation — P=0, and the tone is entirely neutral with no emotional language — E=0."
rd_lo4qy,reddit,LifeProTips,89,0,0,"The message is a practical tip/how-to about Gmail label organization, not about the author's own life situation, so P=0; the tone is neutral and instructional with no explicit emotion words or affective phrasing, so E=0."
rd_n6ow7,reddit,LifeProTips,41,0,0,"The message is a practical how-to tip (removing a broken light bulb with a potato), not about the author's own life situation, so P=0, and the tone is purely instructional with no emotional language, so E=0."
rd_kz14e,reddit,LifeProTips,22,0,0,"This is a casual logistical tip about eating with chopsticks; the author is not describing a personal life-domain situation, and the tone is playful but contains no explicit emotion words or affective phrasing."
rd_ntox7,reddit,LifeProTips,39,0,0,The message is a task-oriented cleaning tip with no personal life-domain content and no emotional language.
rd_lts4v,reddit,LifeProTips,44,0,0,"The author is asking a factual/logistical question about cable management products, not describing a personal life situation, so P=0; the tone is neutral and task-oriented with no emotional language, so E=0."
rd_o85s1,reddit,LifeProTips,59,0,0,"The author mentions 'worked for me' and shares a personal routine, but the message is framed as practical advice/how-to about skincare, which is logistical rather than describing a personal life-domain situation, and the tone is entirely neutral with no emotional language."
rd_lakq7,reddit,LifeProTips,97,0,0,"The author is making a general argument about nerds as a category rather than describing their own personal life or situation, so P=0; the tone is opinionated but not emotionally expressive with explicit affect words, so E=0."
rd_m4tfd,reddit,LifeProTips,45,0,0,"The author is the subject but the topic is everyday logistics (cleaning a travel mug), not a life domain, so P=0; the word 'annoying' is mild and embedded in a practical complaint rather than naming a significant emotional state, so E=0."
rd_ozrao,reddit,LifeProTips,172,0,0,"The author is sharing a factual/informational post about dental hygiene tips, not describing their own life situation, so P=0; the tone is neutral and informational with no explicit emotion words or affective phrasing, so E=0."
rd_l9d1x,reddit,LifeProTips,32,0,0,"The message is giving third-person logistical advice/tips (not about the author's own life situation), so P=0, and the tone is neutral with no emotional language, so E=0."
rd_k5kdc,reddit,LifeProTips,81,0,0,"The author is giving practical how-to advice about oil changes to another person, not describing their own life situation, so P=0; the tone is entirely instructional with no emotional language, so E=0."
rd_jlwps,reddit,LifeProTips,17,0,0,"The message is a practical tip directed at the reader, not a personal disclosure by the author about their own life situation, and it contains no emotional language."
rd_lgpjn,reddit,LifeProTips,389,0,0,"The author is recommending apps and gadgets (alarm clocks, sleep trackers) to others — this is a product recommendation/how-to post, which is logistical/task-oriented rather than a personal life-domain topic, so P=0; the tone is informational with no explicit emotion words or clear affective phrasing, so E=0."
rd_osc96,reddit,LifeProTips,81,0,0,"The author is sharing a practical car-cleaning tip (logistical how-to), and while they briefly mention their own warmer climate, the framing is task-oriented advice rather than a personal life-domain topic, so P=0; the language is neutral with no explicit emotion words, so E=0."
rd_mern2,reddit,LifeProTips,43,0,0,"The author is not the subject — this is general advisory content about health habits directed at a third party, making it P=0, and the tone is neutral/deliberative with no explicit emotion words, making it E=0."
rd_o1jlh,reddit,LifeProTips,150,0,0,"The author mentions a personal pet peeve and having a Mac, but the message is primarily a general tip/advice about file formats (logistics/task-oriented), not about a life domain personal situation, so P=0; 'pet peeve' is a mild colloquial expression that does not rise to the level of an explicit emotion word or clear affective phrasing for E=1."
rd_ok1cw,reddit,LifeProTips,135,1,0,"The author is the subject describing their own tax/financial situation (a life domain), but the language is deliberative and informational throughout with no explicit emotion words or affective phrasing — just confusion expressed as a factual gap in knowledge."
rd_owxax,reddit,LifeProTips,16,0,0,"The message is a brief, casual aside about a logistical preference (keeping a bed clean), not a substantive personal life-domain topic, and contains no explicit emotion words or affective phrasing."
rd_nxu5h,reddit,LifeProTips,21,0,0,"This is a tip/how-to suggestion (logistical advice) and the author is not describing a personal life-domain situation, so P=0; the word 'sick of' is a mild colloquial expression rather than a named emotional state, so E=0."
rd_mapic,reddit,LifeProTips,61,0,0,"The message is a practical tip about protecting items from rain — it's logistical advice, not about a personal life domain, so P=0; and while 'saved me' and 'headache' appear, they are casual idioms, not explicit emotion words naming an internal state, so E=0."
rd_nbjfr,reddit,LifeProTips,61,0,0,"The author is asking a practical how-to question about storing Christmas lights — a logistical/household task — so P=0 (Rule 1b), and while 'regretted' appears briefly, the overall framing is task-oriented and the question is purely practical, so E=0."
rd_l2rax,reddit,LifeProTips,10,0,0,"The message is a fragment listing numbers with no personal subject matter or emotional language, so both P and E are 0."
rd_nept2,reddit,LifeProTips,54,0,0,"The author is asking a general factual/how-to question about a technique (hiding emotions on one's face) directed at others, not describing their own personal situation or life domain, so P=0; the language is neutral and deliberative with no explicit emotion words referring to the author's own state, so E=0."
rd_oe93s,reddit,LifeProTips,93,0,0,"The author is giving instructional/how-to advice about using clove oil, not describing their own life situation, so P=0; the tone is neutral and advisory with no explicit emotion words, so E=0."
rd_mcq57,reddit,LifeProTips,147,0,0,"The message is framed as a practical tip or how-to advice about using dandruff shampoo correctly, making it logistical rather than a personal life-domain issue, so P=0; the tone is neutral and informational with no explicit emotion words or affective phrasing, so E=0."
rd_offb7,reddit,LifeProTips,28,0,0,The message is a task-oriented tip/how-to with no personal life domain content and no emotional language beyond a polite apology.
rd_n0u8a,reddit,LifeProTips,143,0,0,"The message is a how-to tip about organizing extension cords and hoses — a practical/logistical topic where the author is not describing a personal life-domain situation, and the language is neutral and instructional throughout."
rd_m7qay,reddit,LifeProTips,19,0,0,"The topic is everyday logistics (forgetting a thumbdrive), not a life domain, so P=0; the language is neutral and task-oriented with no explicit emotion words, so E=0."
rd_nlp34,reddit,LifeProTips,21,0,0,"The message is a factual/informational statement about a product behavior, not about the author's own life situation, so P=0 and E=0."
rd_nu4lk,reddit,LifeProTips,61,0,0,"The author is asking for factual/practical information about credit cards and credit scores in a task-oriented, deliberative way, not describing their own personal financial situation as the subject."
rd_nk365,reddit,LifeProTips,17,0,0,"The message is a general beauty tips prompt aimed at an audience, not the author describing their own personal situation or expressing any emotional state."
rd_n83ew,reddit,LifeProTips,68,0,0,"The message is a practical how-to tip about using keys in the dark, with the author not describing their own personal situation or life domain — it's logistical/instructional (P=0), and the smiley face is a polite closing that doesn't constitute emotional language (E=0)."
rd_keeup,reddit,LifeProTips,21,0,0,"The message describes a logistical/habitual behavior (flossing, shower time) without situating the author in a meaningful life domain, and the tone is neutral with no explicit emotion words or affective phrasing."
rd_o13dz,reddit,LifeProTips,59,0,0,"The message is a practical tip/how-to about a technical task, not about the author's personal life domain, so P=0; the tone is neutral and informational with no emotional language, so E=0."
rd_iep8f,reddit,LifeProTips,45,0,0,"The author is the subject but the topic is everyday logistics/travel comfort — not a life domain — so P=0; 'really tired' and 'surprised' are mild, incidental words not rising to explicit emotional affect per Rule 2, so E=0."
rd_n8rhg,reddit,LifeProTips,73,0,0,"The author is giving advice to others (framing is second-person prescriptive), and while they briefly mention their own day of gaming, the post is not describing a personal problem or life-domain situation — it's a lifestyle tip/recommendation, making it logistical/advisory rather than personal (Rule 1)."
rd_ojib3,reddit,LifeProTips,63,1,0,"The author describes their own recurring physical/health issue (sweating after showering in a hot climate), which is a personal life/health domain topic, but the language is neutral and descriptive with no explicit emotion words or affective phrasing."
rd_midxr,reddit,LifeProTips,34,0,0,"The message is a factual how-to tip about cooking, with the author not describing their own life situation, and the tone is entirely neutral and task-oriented."
rd_o0kmp,reddit,LifeProTips,61,0,0,"The author is not the subject — this is a general advice/informational statement about motivation, not about the author's own life situation."
rd_m0po3,reddit,LifeProTips,725,0,0,"The author is sharing general life pro tips and gardening advice for a broad audience, not describing their own personal life situation in a life-domain sense; the framing is informational/task-oriented, making it P=0 and E=0."
rd_holgd,reddit,LifeProTips,13,0,0,"The author is asking a general question directed at others for technical information, not describing their own life situation, so P=0; the tone is neutral and task-oriented with no emotional language, so E=0."
rd_knudq,reddit,LifeProTips,30,0,0,"The author describes a logistical/organizational tip for a household routine — this is everyday logistics (Rule 1b), not a life-domain personal situation, and the tone is neutral with no affective language."
rd_lvbbl,reddit,LifeProTips,65,0,0,"The author is sharing a general tech tip/factual claim about battery longevity; while they briefly mention their own laptop as an example, the framing is informational rather than describing a personal life-domain situation."
rd_oa9nk,reddit,LifeProTips,163,0,0,The message is primarily a technical how-to sharing Mac tips and a request for more tips — logistical/task-oriented with no personal life domain topic and no affective language.
rd_oyi0a,reddit,LifeProTips,33,0,0,"The author is the subject but the topic is a logistical/household cleaning problem, not a life domain, so P=0; the tone is neutral with no explicit emotion words, so E=0."
rd_p4nni,reddit,LifeProTips,61,0,0,The author is providing a general tip/how-to for habitual actions and is not describing their own personal situation or life domain; the tone is instructional and neutral.
rd_nx0rd,reddit,LifeProTips,111,1,1,"The author states they have lost someone very close to them (a personal life-domain experience) and uses the explicit emotional word 'lost' tied to grief, plus expresses strong personal motivation ('would hate to see anyone lose a life'), qualifying as both personal and emotional."
rd_nzwqr,reddit,LifeProTips,106,0,0,"The author is giving general tips and advice to an unspecified audience rather than describing their own situation or life domain, so P=0; the tone is instructional and enthusiastic without any explicit emotion words or affective phrasing, so E=0."
rd_h6hk3,reddit,LifeProTips,58,0,0,The message is a pros/cons list about toilet seat covers — a logistical/practical topic where the author is not the subject describing a personal life domain situation.
rd_op9py,reddit,LifeProTips,54,0,0,"The author is the subject but the topic is an everyday logistical behavior (using a phone as a dashcam), not a life-domain topic, so P=0; the tone is neutral and matter-of-fact with no explicit emotion words, so E=0."
rd_oan9q,reddit,LifeProTips,13,0,0,The message presents a factual/health claim with sources; the author is not the subject and there is no personal or emotional content.
rd_ox5hp,reddit,LifeProTips,66,0,0,"Although the author mentions 'the worst feeling ever,' this is a casual hyperbolic opener to a logistical/practical question about food storage tips, not a personal life-domain situation, so P=0; and the emotional phrase is a mild colloquial expression rather than a genuine named internal state, so E=0."
rd_m647a,reddit,LifeProTips,50,1,0,"The author is the subject describing their own behavior (gift-giving to apartment managers) in a financial/social life domain, but the language is neutral and analytical with no explicit emotion words or affective phrasing."
rd_nyxmn,reddit,LifeProTips,11,0,0,The message is a brief instructional tip with no personal subject matter and no emotional language.
rd_ift2p,reddit,LifeProTips,23,0,0,"This is a technical how-to message with the author providing instructions, not describing their own life situation, so P=0 and the tone is entirely task-oriented with no emotional language, so E=0."
rd_opj6x,reddit,LifeProTips,59,0,0,"The author shares a shopping/browsing experience as anecdote rather than describing a personal life-domain situation, making it logistical/recreational rather than personal (Rule 1b), and while there's a playful tone, no explicit emotion words or clear affective phrasing naming an internal state are present (Rule 2)."
rd_oncoq,reddit,LifeProTips,132,0,0,"The message is a technical how-to guide providing step-by-step instructions; the author is not describing their own life situation, making it P=0, and the tone is entirely task-oriented with no emotional language, making it E=0."
rd_lj08d,reddit,LifeProTips,58,0,0,The message is a task-oriented how-to about cleaning products with no personal life domain involvement and no emotional language.
rd_nehbx,reddit,LifeProTips,161,0,0,"The author is sharing a general health tip/how-to guide for others, not describing their own personal situation or life domain problem, making it P=0; the tone is informational and enthusiastic but contains no explicit emotion words or affective phrasing, making it E=0."
rd_np4bb,reddit,LifeProTips,82,0,0,"The author is the subject but the topic is a household logistics tip (cleaning products), which is an everyday practical matter rather than a life-domain topic, so P=0; the mild phrase 'loving it' is playful hyperbole rather than a named emotional state, so E=0."
rd_o7n8f,reddit,LifeProTips,46,0,0,"The message is giving general consumer advice about store brand products, not describing the author's own life situation, so P=0; the tone is neutral and advisory with no emotional language, so E=0."
rd_nat86,reddit,LifeProTips,180,0,0,"The message is a practical cooking tip (how to store leftover rice), which is a logistical/how-to topic rather than a life domain, so P=0; the tone is neutral and informational with no explicit emotion words or affective phrasing, so E=0."
rd_m8voo,reddit,LifeProTips,148,0,0,"The message is a generic instructional/how-to post about password creation, not about the author's own life or situation, so P=0 and E=0."
rd_lk4ke,reddit,LifeProTips,34,0,0,"The author is offering a practical tip about a general scenario (public restroom doors), not describing their own life situation, making it P=0; the tone is matter-of-fact with no explicit emotion words or affective phrasing, so E=0."
rd_o040q,reddit,LifeProTips,90,0,0,"Although the author describes their own experience, the topic is logistical (tire pressure/service tip), not a life-domain topic, so P=0; the tone is purely informational with no emotional language, so E=0."
rd_n8egs,reddit,LifeProTips,50,1,0,"The author is the subject describing a personal body/health issue (dark circles), but the language is measured and matter-of-fact with no explicit emotion words or affective phrasing — P=1, E=0 per Rule 3."
rd_o5v5s,reddit,LifeProTips,147,0,0,"The message is primarily a tip or how-to about watching DVD special features at increased speed, which is logistical/task-oriented, not a life-domain personal situation; the brief personal mention at the end is incidental and logistical, and there are no explicit emotion words or affective phrasing (""fun but a long slog"" is casual description, not a named internal state)."
rd_ova19,reddit,LifeProTips,129,0,0,"The message is framed as a how-to cooking tip list with logistical/practical advice; although the author briefly mentions being a student who eats pasta, the content is a general instructional guide (P=0, Rule 1b), and the tone is neutral with no explicit emotion words (E=0)."
rd_nkck2,reddit,LifeProTips,52,0,0,"The author is sharing a practical tip/how-to about cleaning bugs off a car, which is logistical rather than a life-domain personal topic, and the tone is neutral with no explicit emotion words."
rd_kodh3,reddit,LifeProTips,68,0,0,"The message is a general tip/how-to about toilet paper use, not about the author's own life situation, so P=0; the tone is neutral and instructional with no explicit emotion words, so E=0."
rd_pcwt7,reddit,LifeProTips,58,0,0,"The message discusses fonts in general and invites others' opinions — the author is not the subject describing a personal life-domain situation, and the tone is neutral/informational with no explicit emotion words."
rd_mnmfa,reddit,LifeProTips,14,0,0,"The author is providing a product tip/recommendation, not describing their own life situation, and the tone is neutral with no emotional language."
rd_pcnho,reddit,LifeProTips,157,1,0,"The author describes their own shoes and a practical problem (odor from improper drying), which falls in a personal life domain, but the language is entirely neutral and deliberative with no explicit emotion words or affective phrasing."
rd_mjujq,reddit,LifeProTips,30,0,0,"The author is the subject but the topic is everyday logistics (how to reuse teabags), not a life domain, so P=0; the language is neutral and task-oriented, so E=0."
rd_mh7ge,reddit,LifeProTips,33,0,0,"The author is seeking a factual/practical tip to solve a noise problem — this is a logistical how-to request, not a life-domain personal situation, so P=0; and while 'can't for the life of me' is a mild idiom of frustration, it does not rise to an explicit emotion word or clear affective phrasing naming an internal state, so E=0."
rd_oazjq,reddit,LifeProTips,39,0,0,"The author is giving generic skincare advice/tips to others and is not describing their own life situation, so P=0; the tone is purely informational with no emotional language, so E=0."
rd_kvgv0,reddit,LifeProTips,39,0,0,"The author is giving a practical skincare tip/how-to advice, not describing their own life situation, so P=0; the tone is neutral and instructional with no emotional language, so E=0."
rd_p553w,reddit,LifeProTips,100,0,0,"The message is a general tip/how-to directed at readers, not a description of the author's own life situation, so P=0; the tone is purely instructional with no emotional language, so E=0."
rd_lfkfc,reddit,LifeProTips,34,0,0,"The message is a promotional/descriptive statement about a product benefit, not authored by someone describing their own life situation, so P=0; the tone is neutral and contains no explicit emotion words or affective phrasing, so E=0."
rd_mijxw,reddit,LifeProTips,57,0,0,"The message is a practical tip/how-to addressed to a general 'you,' not describing the author's own life situation, so P=0; the tone is neutral and informational with no explicit emotion words, so E=0."
rd_n1svi,reddit,LifeProTips,50,1,1,"The author is the subject describing a stressful academic situation (work/career/decisions domain), and 'I just dunno how to bullshit through a paper' combined with the urgent, pressured framing constitutes clear affective phrasing signaling a distressed internal state."
rd_odqb6,reddit,LifeProTips,19,0,0,"The message is giving advice/tips to a third party about Valentine's Day shopping — it is logistical and task-oriented, not the author describing their own life situation, so P=0 and the tone is playful but contains no explicit emotion word or affective phrasing, so E=0."
rd_njrc9,reddit,LifeProTips,60,1,1,"The author describes their own health situation (sick for a month) and uses the phrase 'keeping me from going insane,' which is clear affective phrasing naming an internal state, triggering E=1."
rd_pd87c,reddit,LifeProTips,58,0,0,"The author is the subject but the topic is everyday logistics (protecting/repairing textbooks from weather damage), not a life domain — P=0; the tone is neutral and task-oriented with no explicit emotion words — E=0."
rd_o8yvy,reddit,LifeProTips,118,0,0,"The author describes a practical lifestyle tip and product recommendation (clothing valet use), which is logistical/task-oriented rather than a personal life-domain topic, making it P=0 and E=0."
rd_n178f,reddit,LifeProTips,124,0,0,The message is a list of practical winter driving tips and a request for more tips — logistical/task-oriented with no personal life-domain topic and no emotional language.
rd_ovmjy,reddit,LifeProTips,79,0,0,"The author is giving general advice/commentary about a product, not describing their own personal situation in a life domain."
rd_omrt5,reddit,LifeProTips,44,0,0,"The message is a general cleaning tip directed at no specific person — the author is not the subject and the topic is logistical, so P=0 and E=0."
rd_nt1sl,reddit,LifeProTips,36,1,0,"The author describes their own health/body situation (broken ankle, recovery), making it P=1, but the language is purely task-oriented and deliberative with no explicit emotion words or affective phrasing, so E=0."
rd_i9lpm,reddit,LifeProTips,48,0,0,"The message is a product comparison and recommendation about deli meat, not about the author's life situation or any personal life domain, and the tone is purely informational with no emotional language."
rd_nduxh,reddit,LifeProTips,79,0,0,"The message is giving generic social advice to the reader, not describing the author's own life or situation, so P=0; the tone is instructional and neutral with no explicit emotion words, so E=0."
rd_kloz8,reddit,LifeProTips,193,0,0,"The message is a factual/informational tip about eliminating garlic odor using apples, not about the author's own life situation, making it P=0; the rhetorical questions and light tone don't constitute explicit emotion words or clear affective phrasing, so E=0."
rd_mdtq5,reddit,LifeProTips,235,0,0,"The author is seeking a tool/service recommendation for receipt management — a logistical/task-oriented request — not describing a significant life-domain situation, so P=0; the tone is deliberative and neutral with no explicit emotion words or affective phrasing, so E=0."
rd_lzu5t,reddit,LifeProTips,31,0,0,"The author is asking for help with a task (crafting a deceptive email), not describing a personal life-domain situation, so P=0; the tone is neutral and task-oriented with no emotional language, so E=0."
rd_mibl5,reddit,LifeProTips,57,1,0,"The author describes their own daily health routine (tongue scraping for bad breath), placing it in the health/body domain (P=1), but the tone is purely informational and practical with no explicit emotion words or affective phrasing (E=0)."
rd_l1257,reddit,LifeProTips,44,0,0,"The message is a logistical/how-to tip about coffee preparation, not about the author's own life domain, and contains no emotional language."
rd_oqg9c,reddit,LifeProTips,79,0,0,"Although the author is the subject and mentions hating the window, the core request is a practical home-improvement/logistics question about draft-proofing a rental room, not a life-domain topic, making it P=0; 'hate it' is a mild expression about an object rather than a named internal emotional state, so E=0."
rd_n0ldi,reddit,LifeProTips,23,0,0,This is a how-to instruction tip with no personal subject or emotional language.
rd_no5d5,reddit,LifeProTips,51,0,0,"The message is a practical tip about warming gloves, which is logistical/how-to in nature (Rule 1b), and the language is neutral and matter-of-fact with no explicit emotion words or affective phrasing (Rule 3)."
rd_owuvg,reddit,LifeProTips,56,0,0,"The author references a relatable habit but the message is framed as a general observation/tip about cleaning up spills, making it a logistical/lifestyle topic rather than a significant personal life domain issue (Rule 1b), and the tone is casual but contains no explicit emotion words or affective phrasing (Rule 3)."
rd_fromj,reddit,LifeProTips,16,0,0,"The message is a generic list of clothing items with a logistical note about gift exchanges — the author is not describing their own life situation, and there is no emotional language."
rd_o9h46,reddit,LifeProTips,173,0,0,"The author shares a practical tip about crowd navigation; while they mention using the technique themselves, the topic is everyday logistics (movement through crowds), not a life-domain subject, so P=0, and the language is neutral and informational with no explicit emotion words, so E=0."
rd_ntueu,reddit,LifeProTips,31,0,0,"The author is giving a factual/logistical tip about finding CDs, not describing their own life situation, so P=0; the tone is neutral and contains no emotion words, so E=0."
rd_nfnc1,reddit,LifeProTips,84,0,0,"The message is a practical how-to tip about tying shoelaces — a logistical/instructional topic — and the author is not describing a personal life-domain situation, with no emotional language present."
rd_n3yue,reddit,LifeProTips,16,0,0,"The message is a brief, logistical/informational comment about a website recommendation with no personal life-domain topic and no explicit emotion words beyond mild enthusiasm."
rd_jbajf,reddit,LifeProTips,66,0,0,"The author is sharing a practical how-to tip about insulation installation, which is a logistical/technical task rather than a life-domain personal situation, so P=0; the tone is neutral and instructional with no emotional language, so E=0."
rd_lkjgx,reddit,LifeProTips,12,0,0,"This is a factual/logistical tip or instruction, not about the author's own life situation, and contains no emotional language."
rd_nph80,reddit,LifeProTips,99,0,0,"The message is a casual commentary on a cooking video — a task/how-to framing — and while the author mentions themselves incidentally, the topic is logistical/instructional rather than a life-domain personal matter, and there are no explicit emotion words or clear affective phrasing (the winking emoticons and playful tone don't meet the E=1 threshold)."
rd_ms27y,reddit,LifeProTips,57,1,0,"The author describes their own social situation (P=1) but uses neutral, deliberative language without explicit emotion words or clear affective phrasing (E=0)."
rd_o47gp,reddit,LifeProTips,76,0,0,"The author is describing a product test and sharing results — this is a logistical/consumer how-to report, not a life-domain personal situation, so P=0; the mild frustration about the typo (':(') is a polite/casual closing gesture, not an explicit emotion word naming an internal state, so E=0."
rd_onbz9,reddit,LifeProTips,16,0,0,The message is a brief technical description (not about the author's life or situation) with no emotional language.
rd_njiya,reddit,LifeProTips,36,0,0,"The message is a factual/instructional how-to tip about applying eye drops, not authored by someone describing their own life situation, so P=0 and the tone is purely informational with no affective language, so E=0."
rd_pbbsb,reddit,LifeProTips,149,0,0,"The author is sharing a practical tip/hack about car registration fees — primarily logistical/transactional advice, not a life-domain personal situation, and the tone is neutral and informational with no explicit emotion words or affective phrasing."
rd_p62yz,reddit,LifeProTips,48,0,0,"The author is sharing general factual/practical information about a workplace practice rather than describing a personal situation in a life domain, and the tone is entirely neutral."
rd_omtt9,reddit,LifeProTips,87,0,0,"The author shares general tips about appointment scheduling (logistical advice), and while they reference their own experience ('I've found'), the topic is everyday logistics rather than a life-domain personal situation, so P=0; the tone is neutral and advisory with no explicit emotion words, so E=0."
rd_j64f5,reddit,LifeProTips,103,0,0,"The message describes a logistics tip/life hack about fast food eating while driving — a practical, everyday situation that falls under Rule 1b (logistical, not a life domain topic), so P=0; 'a little pissed' is a mild passing interjection about a trivial inconvenience rather than a clear affective expression about the author's internal state, so E=0."
rd_lq146,reddit,LifeProTips,11,1,0,"The author is the subject describing a personal behavior/situation (life domain: body/habits), but the tone is neutral and task-oriented with no explicit emotion words or affective phrasing."
rd_m4igo,reddit,LifeProTips,139,0,0,"The message is a tips-sharing post about practical labeling hacks (logistics/how-to), not about the author's personal life situation in a meaningful life domain, so P=0; the tone is neutral and task-oriented with no explicit emotion words, so E=0."
rd_nt5g7,reddit,LifeProTips,68,0,0,"Although the author describes their own situation, the topic is everyday meal-planning logistics (what to cook for dinner), which falls under Rule 1b — self-involved but logistical, so P=0; the language is neutral and deliberative with no explicit emotion words or affective phrasing, so E=0."
rd_l5rki,reddit,LifeProTips,62,0,0,"The author describes a logistical/operational practice at their production company (reheating leftover fast food), which is an everyday practical matter rather than a life-domain personal topic, and the tone is entirely neutral with no emotional language."
rd_mat6s,reddit,LifeProTips,48,1,0,"The author describes their own recurring behavior (a personal habit/problem with schoolwork), but the language is neutral and observational with no explicit emotion words or affective phrasing."
rd_n7zi9,reddit,LifeProTips,139,0,0,"The message is a technical how-to sharing a keyboard remapping solution, not describing the author's life situation in a personal life domain, so P=0; the tone is instructional and neutral with no explicit emotion words, so E=0."
rd_oflb1,reddit,LifeProTips,87,0,0,"The author is sharing general advice/tips about negotiation tactics rather than describing their own personal situation or life domain, so P=0; the tone is instructional and neutral with no explicit emotion words, so E=0."
rd_nh0iq,reddit,LifeProTips,44,0,0,"The author is sharing a general tip directed at others rather than describing their own life situation, so P=0; the closing apology and smiley are polite/casual and do not constitute explicit emotional language, so E=0."
rd_l1hug,reddit,LifeProTips,10,0,0,"The message describes a brief, logistical/creative action (improvising a solution) with no life-domain topic and no explicit emotion word — mild enthusiasm ('Real nice!') does not meet the E=1 threshold."
rd_hw3zu,reddit,LifeProTips,47,0,0,"The author is giving logistical/practical advice about packing (using containers for moving), not describing their own life situation, so P=0 and the tone is neutral task-oriented, so E=0."
rd_o3eds,reddit,LifeProTips,73,0,0,"The message is a procedural how-to set of instructions (a task/logistical tip), not the author describing their own life situation, so P=0 and the tone is entirely neutral so E=0."
rd_o2rin,reddit,LifeProTips,60,1,1,"The author describes their own life strategy and uses 'worked up' — an explicit affective phrase naming an internal emotional state — making this P=1, E=1."
rd_ouqx4,reddit,LifeProTips,34,0,0,"This is a technical how-to question about iTunes and MP3 tags, not about the author's personal life domain, making it P=0 and E=0."
rd_ly9ch,reddit,LifeProTips,148,0,0,"The author is sharing a general tip/trick (mnemonic technique) rather than describing their own personal life situation in a relevant life domain — this is advice/how-to framing, making it P=0, and the tone is casual but not emotionally affective, so E=0."
rd_oha1a,reddit,LifeProTips,32,0,0,"The message is a general tip/how-to about a logistical task (opening a frozen car lock), not describing the author's own life situation, so P=0; the tone is neutral and instructional with no emotional language, so E=0."
rd_le1v5,reddit,LifeProTips,17,1,1,"The author is the subject describing a personal problem (unruly hair/scalp issue affecting daily life), and 'Help!' combined with exclamatory distress ('I need a plan!') functions as clear affective phrasing signaling an internal state of urgency/frustration."
rd_mee4e,reddit,LifeProTips,75,0,0,"The author is not the subject — this is a factual/informational tip about car shopping in general, not describing the author's own situation or life domain."
rd_nvi7o,reddit,LifeProTips,31,0,0,"The message is a general tip/advice directed at others about a logistical banking task, so the author is not the subject (P=0), and the language is purely neutral and instructional with no emotional words (E=0)."
rd_gma1k,reddit,LifeProTips,124,0,0,"The message is a practical hiking tip (logistics/how-to) shared from overheard advice; while the author mentions trying it personally, the framing is task-oriented and informational rather than describing a personal life-domain situation, and there is no emotional language."
rd_nvdef,reddit,LifeProTips,38,0,0,"The author is the subject but the topic is everyday household logistics (organizing lids and pans), not a life domain, so P=0; the tone is neutral and deliberative with no emotional language, so E=0."
rd_n2ofu,reddit,LifeProTips,50,1,0,"The author describes their own health/habit problem (late-night eating), making it personal (P=1), but the language is neutral and deliberative with no explicit emotion words or affective phrasing (E=0)."
rd_kpacq,reddit,LifeProTips,21,0,0,"The message is a logistical how-to tip directed at the reader, not a personal account by the author about their own life domain, and the language is neutral with no explicit emotion words."
rd_pcbuc,reddit,LifeProTips,22,0,0,The message is a practical tip about sponges with no personal life-domain content and no emotional language.
rd_kzo5j,reddit,LifeProTips,21,0,0,"The message is a general tip/advice addressed to an audience, not describing the author's own personal situation, and while 'sucks' is mildly negative, it refers to a logistical inconvenience rather than expressing a named internal emotional state of the author."
rd_ndbe6,reddit,LifeProTips,55,0,0,"The author is sharing a practical hygiene tip directed at a general audience, not describing their own life situation, so P=0; the tone is instructional and playful with no explicit emotion words or affective phrasing, so E=0."
rd_l0koa,reddit,LifeProTips,62,0,0,"The message is a general tip/advice about organizing receipts, not about the author's own life situation, so P=0; the tone is enthusiastic but contains no explicit emotion words or affective phrasing, so E=0."
rd_pcfu7,reddit,LifeProTips,84,0,0,"The author mentions traveling as context but the message is a practical how-to tip (logistics/task), not a description of a personal life situation, so P=0; the tone is neutral and informational with no emotional language, so E=0."
rd_oyz7p,reddit,LifeProTips,103,0,0,"The author is sharing a practical tip/observation about spreading butter and icing cakes — this is a logistical how-to, not a personal life-domain topic, so P=0; the tone is entirely neutral and informational, so E=0."
rd_ld15x,reddit,LifeProTips,12,0,0,The author is sharing a brief factual/experiential claim about a product or remedy without describing a personal life-domain situation or expressing any emotional state.
rd_p3o7q,reddit,LifeProTips,70,0,0,"The author is sharing a resource/recommendation about personality types rather than describing their own life situation or feelings in a life domain — framing is informational, not personal (Rule 1)."
rd_ogjpe,reddit,LifeProTips,37,0,0,"The author is the subject but the topic is everyday household logistics (dust on a desk), not a life domain, so P=0; the tone is neutral and task-oriented with no emotional language, so E=0."
rd_mc4gx,reddit,LifeProTips,62,0,0,"The author is giving general health/fitness advice to a hypothetical reader, not describing their own life situation, so P=0; the tone is informational with no explicit emotion words, so E=0."
rd_nmt0j,reddit,LifeProTips,156,0,0,"The message is a cooking tip/how-to addressed to a general audience, not describing the author's own life situation in a personal domain — it's logistical/practical advice (Rule 1b), so P=0, and the tone is neutral with no explicit emotion words, so E=0."
rd_of0e8,reddit,LifeProTips,52,1,0,"The author is the subject describing their own work experience (a life/career domain), but the language is analytical and observational with no explicit emotion words or affective phrasing."
rd_m7kt9,reddit,LifeProTips,111,0,0,"The message is advice directed at a general 'you' — the author is not the subject describing their own situation, so P=0; the tone is instructional and neutral with no emotional language, so E=0."
rd_n3ifx,reddit,LifeProTips,121,0,0,"The message is a how-to tip about viewing maps/globes, which is logistical/task-oriented rather than a personal life-domain topic, and the tone is neutral and instructional with no explicit emotion words or affective phrasing."
rd_nh9vp,reddit,LifeProTips,79,0,0,"The author is sharing a general tip/hack about using Google Books for research, and while they mention their own experience as an anecdote, the primary framing is a recommendation/how-to rather than describing a personal life domain situation; no explicit emotion words are present."
rd_ngnqv,reddit,LifeProTips,144,1,0,"The author describes their own experience with a flat tire (a practical situation they navigated), making it personal, but the tone throughout is narrative and informational with no explicit emotion words or clear affective phrasing naming an internal state."
rd_lxd3t,reddit,LifeProTips,180,0,0,"The message is a recipe/how-to guide — a task-oriented post where the author is not describing their own life or situation, so P=0 and the tone is purely instructional with no emotional language, so E=0."
rd_ndf3i,reddit,LifeProTips,19,1,1,The author describes their own social difficulty (P=1) and uses 'can't deal with' as clear affective phrasing naming an internal overwhelmed state (E=1).
rd_oygfk,reddit,LifeProTips,92,1,1,"The author is the subject describing a personal household problem (life domain: decisions/home), and 'I'm tired of bathing the curtain as much as myself' uses 'tired' as an explicit emotion/state word expressing frustration, qualifying as E=1."
rd_l909t,reddit,LifeProTips,100,0,0,"The author is asking a practical how-to question about cleaning a keyboard — a logistical/maintenance task — so P=0 per Rule 1b, and the tone is casual but contains no explicit emotion words or affective phrasing, so E=0."
rd_mx5kj,reddit,LifeProTips,33,0,0,"The message is a general productivity tip directed at others (not about the author's own life or situation), and the tone is neutral/advisory with no explicit emotion words referring to the author's internal state."
rd_lm1r7,reddit,LifeProTips,45,0,0,"The author is not the subject — this is a factual/informational statement about a study and nerve pathways, with no personal situation or emotional language."
rd_o12bh,reddit,LifeProTips,121,1,0,"The author describes their own habitual behavior in social/relationship contexts (P=1), but the tone is purely advisory and analytical with no explicit emotion words or affective phrasing (E=0)."
rd_nn6sg,reddit,LifeProTips,25,0,0,"The author is the subject but the topic is a logistical/practical how-to question about cable management, not a life domain — P=0 by Rule 1b; tone is neutral and task-oriented, so E=0."
rd_okadl,reddit,LifeProTips,142,0,0,"Although the author briefly mentions their own preference and experience with cookies, the message is primarily a how-to tip (a logistical/practical trick), making it P=0 per Rule 1b, and the tone is entirely neutral with no emotional language, so E=0."
rd_l7vat,reddit,LifeProTips,56,0,0,"The author is giving practical instructions for pest control (likely fruit flies), not describing their own life situation, so P=0; the language is task-oriented with no explicit emotion words referring to the author's own state, so E=0."
rd_k3rds,reddit,LifeProTips,18,1,0,"The author describes their own health/behavior problem (P=1), but the language is a factual behavioral description without explicit emotion words or clear affective phrasing naming an internal state (E=0)."
rd_m92jy,reddit,LifeProTips,105,0,0,"Although the author is the subject, the topic is everyday household logistics (how to wash dishes effectively), not a life domain — Rule 1b applies, so P=0; the language is task-oriented with no explicit emotion words or affective phrasing, so E=0."
rd_p2gh1,reddit,LifeProTips,85,1,1,"The author describes their own situation (age, weight) and uses the explicit emotion word 'hate' ('hate to admit it'), signaling a named internal emotional state."
rd_oss81,reddit,LifeProTips,25,0,0,"The message is a neutral, task-oriented list of benefits about couch covers with no personal life-domain topic and no explicit emotion words (""yay"" is a mild interjection that does not qualify as emotional language per Rule 2)."
rd_n3qhq,reddit,LifeProTips,102,0,0,"The author is sharing general advice/information about back tension and roller-coaster sensations directed at a general audience, not describing their own personal situation or life domain, so P=0; the tone is explanatory and neutral with no explicit emotion words or affective phrasing, so E=0."
rd_mks6d,reddit,LifeProTips,10,0,0,The message is a brief request for external resources with no personal subject matter and no emotional language.
rd_pbap2,reddit,LifeProTips,17,0,0,"The message is a brief factual/how-to question about earphones or similar items, with no indication the author is describing a personal life-domain situation and no emotional language."
rd_nku7h,reddit,LifeProTips,26,0,0,"The message is a practical logistical tip directed at someone else, not a personal disclosure by the author about their own life situation, and contains no emotional language."
rd_m47w0,reddit,LifeProTips,26,1,0,"The author describes their own health/body issue (back seizing up, posture), making it P=1, but the language is neutral and task-oriented with no explicit emotion words or affective phrasing, so E=0."
rd_pckgk,reddit,LifeProTips,13,0,0,This is a technical how-to instruction with no personal life domain content and no emotional language.
rd_pdbdy,reddit,LifeProTips,91,0,0,"The author is asking for practical laundry tips (a logistical how-to), not describing a personal life-domain situation, so P=0; the tone is neutral and task-oriented with no explicit emotion words, so E=0."
rd_ohrw4,reddit,LifeProTips,73,0,0,"The author is the subject but the topic is a practical/logistical household problem (removing pet hair from one's mouth), not a life domain, so P=0; the language is neutral and matter-of-fact with no explicit emotion words or affective phrasing, so E=0."
rd_mdp73,reddit,LifeProTips,30,0,0,"The message is task-oriented advice about plumbing/shower valves, with the author not describing their own life situation, and no emotional language present."
rd_p82hp,reddit,LifeProTips,18,0,0,"The message is a task-oriented tip about browser/mouse usage, not about the author's own life domain, so P=0; the tone is neutral with no explicit emotion words, so E=0."
rd_nym4f,reddit,LifeProTips,58,0,0,"The author is giving impersonal, factual/advisory information about gasoline stations and vehicle maintenance — not describing their own life or situation — so P=0, and the tone is neutral with no emotional language, so E=0."
rd_o98mn,reddit,LifeProTips,289,1,0,"The author is the subject discussing their own health and coping strategies (a life domain), but the language is largely advisory and deliberative rather than expressing explicit emotion words or clear affective phrasing about a current internal state."
rd_ni28c,reddit,LifeProTips,55,0,0,"The author is commenting on a video and asking for source information — this is a task/factual inquiry about a third-party video, not a personal life-domain topic, and the language is neutral with no explicit emotion words."
rd_lamc1,reddit,LifeProTips,36,0,0,"The author is describing a practical device habit (battery saving/phone charging) which is logistical rather than a life-domain topic, and the tone is neutral with no explicit emotion words or affective phrasing."
rd_ncqwt,reddit,LifeProTips,11,0,0,"The message is a consumer warning/opinion directed at others about a product, not a description of the author's own life situation in a personal domain, and while the tone is emphatic, it contains no explicit emotion word or clear affective phrasing naming an internal state."
rd_nu519,reddit,LifeProTips,61,0,0,"The author is asking a general informational question about credit cards and credit score tips for college students, not describing their own personal financial situation, so P=0; the tone is neutral and task-oriented with no emotional language, so E=0."
rd_nh3iv,reddit,LifeProTips,16,0,0,"The message describes a browser extension tip/tool usage — it's logistical/task-oriented and not in a life domain, so P=0; the tone is neutral with no explicit emotion words, so E=0."
rd_mm8ep,reddit,LifeProTips,44,0,0,"The message shares general keyboard shortcuts as a tip or how-to, and while the author references their own past experience briefly, the topic is logistical/technical rather than a life domain, making it P=0 and E=0."
rd_mjzvn,reddit,LifeProTips,48,1,1,The author describes their own health/bodily routine (P=1) and uses explicit emotion words 'highly annoying and troublesome' to name their internal state (E=1).
rd_nvfrb,reddit,LifeProTips,71,0,0,"The message is a factual/informational tip about foot temperature and showering, not framed around the author's own life situation, so P=0; the language is neutral and descriptive with no emotional words or affective phrasing, so E=0."
rd_p5uli,reddit,LifeProTips,17,0,0,"The message is a brief, impersonal advisory tip with no personal life-domain content and no explicit emotional language from the author."
rd_ntt21,reddit,LifeProTips,39,0,0,"The message is a factual/informational response about a music streaming service, with no personal life domain involvement and no emotional language."
rd_mwn0y,reddit,LifeProTips,58,0,0,"The author briefly mentions their own experience but frames this as general advice/a tip for the reader, making it more task/logistical advice than a personal disclosure about a life domain, and the tone is neutral with no explicit emotion words or affective phrasing."
rd_ndr3j,reddit,LifeProTips,30,0,0,"The author is asking for general tips/recommendations about beauty/home remedies, not describing a personal life-domain situation, and the tone is neutral and informational (Rule 1b/Rule 1)."
rd_mgf7m,reddit,LifeProTips,123,0,0,"The message is a practical tip/how-to about using Gmail as a personal search index, with examples; the author is sharing a logistical productivity hack rather than describing a life-domain personal situation, so P=0, and the language is neutral and advisory with no explicit emotion words (E=0)."
rd_lmaaw,reddit,LifeProTips,28,0,0,"The message is a cooking tip or how-to, not about the author's own life situation, so P=0, and the tone is purely instructional with no emotional language, so E=0."
rd_ofqdq,reddit,LifeProTips,71,0,0,"The author is the subject but the topic is a logistical/mechanical problem (car door latch) rather than a life-domain issue, making it P=0; the word 'worry' appears but refers to a practical concern about hitting another car rather than naming a personal emotional state, so E=0."
rd_lvup2,reddit,LifeProTips,35,0,0,"The author is the subject but the topic is a logistical/maintenance task (cleaning a windshield), not a life domain, so P=0; the language is neutral and task-oriented, so E=0."
rd_nxmso,reddit,LifeProTips,111,0,0,"The author is sharing a practical tip about razor blade maintenance — a logistical/how-to topic — not describing a personal life-domain situation, so P=0; the tone is informational with no explicit emotion words or affective phrasing, so E=0."
rd_mx729,reddit,LifeProTips,28,0,0,"The message is a general factual/advisory statement about bathroom behavior, not describing the author's own personal situation or life domain, and contains no emotional language."
rd_pdu2l,reddit,LifeProTips,18,1,1,"The author is the subject describing a personal frustration, and the ':(' emoticon combined with 'somehow manage to lose them' reflects mild but explicit affective expression — though borderline, the ':(' signals a named internal state of frustration."
rd_oprsh,reddit,LifeProTips,29,0,0,"The author is soliciting general tips from others about moving logistics, not describing their own personal situation or life domain, making this a task/logistical framing with no affective language."
rd_n1uxe,reddit,LifeProTips,51,0,0,"The message is a general tip or how-to shared with others, not a description of the author's own personal life situation, so P=0; the tone is instructional and neutral with no emotional language, so E=0."
rd_iptld,reddit,LifeProTips,26,0,0,"The message is a task-oriented recommendation/advice about cooking resources, with the author not describing their own life situation, making it P=0 and E=0."
rd_mfqtf,reddit,LifeProTips,21,0,0,"The message is a practical how-to instruction with the author not describing their own situation, making it P=0 and E=0."
rd_okexa,reddit,LifeProTips,137,0,0,"The message is a general how-to tip about a bathroom cleaning problem, framed as advice for anyone rather than a personal life-domain situation, and the language is entirely instructional and neutral."
rd_ngmyr,reddit,LifeProTips,87,1,0,"The author describes their own writing habit (a personal behavior/practice), but the tone is entirely neutral and informational with no explicit emotion words or affective phrasing — 'feel more confident' describes a cognitive state about word usage, not a named emotional state."
rd_ozbk0,reddit,LifeProTips,42,0,0,"The message is a practical tip about using sticky items for lint removal — logistical/informational framing, not about the author's life domain, and no explicit emotion words are present."
rd_mvsdt,reddit,LifeProTips,67,0,0,"The message is a how-to tip/advice about making a DIY cologne, not about the author's own life situation, so P=0; the tone is playful and instructional with no explicit emotion words or affective phrasing, so E=0."
rd_mz3i8,reddit,LifeProTips,82,1,0,"The author describes their own health experience (dizziness/fainting during performances), making it P=1 (personal health domain), but the tone is lighthearted and informational with no explicit emotion words or clear affective phrasing naming an internal state, so E=0."
rd_o8tcl,reddit,LifeProTips,17,0,0,"The message is a generic instructional tip about cooking, not about the author's own life situation, and contains no emotional language."
rd_osey3,reddit,LifeProTips,114,0,0,"The author is sharing a how-to tip/tutorial about leather jacket maintenance; while self-referential, the framing is instructional and logistical (Rule 1b), and there is no explicit emotion language (Rule 3)."
rd_o7mrl,reddit,LifeProTips,82,0,0,"The message is a how-to tip about clearing sinuses, not about the author's own life or situation, making it a task/instructional post (P=0) with no emotional language (E=0)."
rd_lbwau,reddit,LifeProTips,31,0,0,"The topic is an everyday logistical/hygiene how-to (removing onion smell), not a life-domain personal matter, so P=0; the tone is neutral and task-oriented with no emotional language, so E=0."
rd_p479r,reddit,LifeProTips,92,0,0,"The message is a practical cooking/storage tip (logistics/how-to), so P=0; the language is instructional and neutral with no explicit emotion words, so E=0."
rd_p4wwa,reddit,LifeProTips,24,0,0,"The author is the subject but the topic is everyday logistics/practical repair — not a life domain — so P=0, and '?!' is mild punctuation without explicit emotion words, so E=0."
rd_l3pcp,reddit,LifeProTips,39,0,0,"The message is a general tip/how-to directed at an unspecified 'you,' not describing the author's own life situation, and the tone is purely instructional with no emotional language."
rd_nlchx,reddit,LifeProTips,127,0,0,"The message is a cooking tip/how-to instruction (logistics/task), so P=0; the enthusiastic tone doesn't include explicit emotion words naming an internal state, so E=0."
rd_nzkcp,reddit,LifeProTips,80,0,0,"The author references their own work experience only as background context; the message is framed as a factual tip/how-to for others (logistical/task-oriented), not as a personal life situation, so P=0, and the tone is neutral and advisory with no explicit emotion words, so E=0."
rd_mkauf,reddit,LifeProTips,81,0,0,"The message is a general life pro tip about banana storage — a factual/logistical tip — not about the author's own life domain, so P=0 and the tone is neutral with no affective language, so E=0."
rd_kt9xe,reddit,LifeProTips,19,0,0,"This is a logistical how-to question about cleaning a water bottle; the author is not describing a life-domain situation, making it P=0 and E=0."
rd_nbeph,reddit,LifeProTips,59,0,0,"The message is a technical how-to tip about browser security, not about the author's own life situation, so P=0 and the tone is neutral/informational so E=0."
rd_ktear,reddit,LifeProTips,58,0,0,"The message is a practical household tip (logistical how-to), not about the author's own life situation, so P=0; the tone is neutral and task-oriented with no emotional language, so E=0."
rd_nq51g,reddit,LifeProTips,17,0,0,"The message is a technical tip about file types, not about the author's own life or situation, so P=0, and the tone is neutral with no emotional language, so E=0."
rd_pa8oy,reddit,LifeProTips,56,0,0,The author is providing factual/practical advice about car inspection and seller disclosure — not describing their own life situation — so P=0 and the tone is entirely neutral so E=0.
rd_gq3pt,reddit,LifeProTips,131,0,0,"The author is sharing a general productivity/learning tip rather than describing a personal life-domain situation, making it P=0, and the tone is matter-of-fact with no explicit emotion words or affective phrasing, making it E=0."
rd_ohx4q,reddit,LifeProTips,124,0,0,"The author is not describing their own situation but providing general financial advice and study findings to a third-party audience, so P=0; the tone is purely informational with no emotional language, so E=0."
rd_l90kc,reddit,LifeProTips,225,0,0,"The message is a list of general tips/how-to advice directed at others, not a description of the author's own life situation, so P=0; the tone is informational with no explicit emotion words or affective phrasing, so E=0."
rd_n23dd,reddit,LifeProTips,25,0,0,"The message is framed as a humorous general question about 'real men' in third person, not as the author describing their own situation, so P=0; the tone is playful/task-oriented with no explicit emotion words, so E=0."
rd_o9wge,reddit,LifeProTips,63,1,0,"The author is the subject describing their own experience (a financial/logistical lucky break), but the language is purely narrative and descriptive with no explicit emotion words or affective phrasing."
rd_lcy02,reddit,LifeProTips,25,0,0,The author mentions a minor incident but it's a practical tip/logistics share with no life-domain significance and no emotional language.
rd_pch8o,reddit,LifeProTips,147,1,0,"The author is the subject describing their own living situation (home/life domain), but the language is deliberative and practical with no explicit emotion words or affective phrasing — P=1, E=0."
rd_nekq5,reddit,LifeProTips,42,1,0,"The author is the subject describing a lifelong health/identity issue (P=1), but the language is practical and deliberative with no explicit emotion words — 'embarrassing' describes the situation, not a named internal emotional state of the author (E=0, Rule 3)."
rd_oro8d,reddit,LifeProTips,53,0,0,"The message is primarily a practical tip about drying shoes, and while the author briefly mentions their own habit, the topic is logistical/how-to rather than a life domain, so P=0; the tone is neutral with no emotional language, so E=0."
rd_m50i0,reddit,LifeProTips,107,0,0,"The message is a factual how-to tip about diagnosing TV remote issues, with the author not describing their own life situation, making it P=0, and the tone is purely instructional with no explicit emotion words, making it E=0."
rd_ml868,reddit,LifeProTips,51,0,0,"The message is a logistical follow-up about a home improvement task (insulating a window with bubble wrap), not a life-domain personal topic, and the tone is neutral with no explicit emotion words."
rd_o46fx,reddit,LifeProTips,47,1,0,"The author is the subject describing their own job-search situation (a career/work life domain), but the language is task-oriented and deliberative with no explicit emotion words or affective phrasing — 'can't seem to get a job' describes a behavioral outcome, not a named internal state."
rd_odrs3,reddit,LifeProTips,30,0,0,"The author is giving advice/instructions to someone else about a dental remedy, not describing their own situation or life domain, so P=0; the tone is neutral and instructional with no emotional language, so E=0."
rd_n1d35,reddit,LifeProTips,34,0,0,"The author is sharing a third-party product video and idea, not describing their own life situation, so P=0; the tone is purely informational with no explicit emotion words or affective phrasing, so E=0."
rd_o7x20,reddit,LifeProTips,50,0,0,"The message is a generic promotional/informational description about deals and discounts, not authored by someone describing their own life situation, so P=0 and the tone is neutral with no emotional language, so E=0."
rd_p9ldh,reddit,LifeProTips,69,0,0,"The author is the subject but the topic is everyday logistics (labeling keys with contact info), not a life-domain topic, so P=0; the tone is neutral and descriptive with no explicit emotion words or affective phrasing, so E=0."
rd_miw40,reddit,LifeProTips,42,0,0,"The author is sharing a practical baking tip (logistical/task-oriented), not describing their own life situation in a personal life domain, and the language is neutral with no emotional affect."
rd_oa96f,reddit,LifeProTips,38,0,0,"The author is offering general advice/tips to others (task-oriented), not describing their own life situation in a personal domain, so P=0; the tone is neutral with no explicit emotion words, so E=0."
rd_nsl4q,reddit,LifeProTips,113,0,0,"The message is a how-to tip about removing nails — a practical/logistical task — so P=0 (Rule 1b), and the tone is entirely instructional with no emotional language, so E=0."
rd_mw3f8,reddit,LifeProTips,28,0,0,"The author is asking a logistical/how-to cooking question, not describing a personal life-domain situation, so P=0; the tone is neutral and task-oriented with no emotional language, so E=0."
rd_mfsz2,reddit,LifeProTips,65,0,0,"The message is a factual how-to tip about using the 'site:' search operator, not about the author's personal life or situation, and the language is instructional and neutral with no explicit emotion words or affective phrasing."
rd_o3stk,reddit,LifeProTips,35,0,0,"The message is a cooking tip/how-to about sushi-making logistics, not a personal life-domain topic, and the tone is neutral with no explicit emotion words (the smiley and 'yeah well' are casual but not affective per Rule 2)."
rd_og9tw,reddit,LifeProTips,90,1,1,The author is the subject reflecting on their own university experience and the closing 'I really wish someone had told me this' is clear affective phrasing that names an internal state of regret.
rd_omvdd,reddit,LifeProTips,27,0,0,"Although the author is the subject and mentions disliking the medicine, the request is essentially a logistical/how-to question (tips for taking medicine), not a life-domain personal situation, so P=0; 'can't stand' is mild and the tone is task-oriented rather than expressing a named emotional state, so E=0."
rd_ni9g2,reddit,LifeProTips,87,0,0,"The author is sharing a software recommendation/tip with others — this is logistical/task-oriented content, not a life-domain personal situation, so P=0; the tone is neutral and informational with no explicit emotion words, so E=0."
rd_ntxg4,reddit,LifeProTips,72,0,0,"The author describes a practical kitchen tip/how-to (logistical), and while self-involved, it falls under Rule 1b — everyday logistics, not a life domain — so P=0; tone is purely neutral with no emotional language, so E=0."
rd_i7dqv,reddit,LifeProTips,17,0,0,"The author mentions their own food preferences but the topic is everyday food/cooking logistics, not a life domain, so P=0; the phrase 'can't get enough' is an idiomatic expression of enthusiasm about a product, not an explicit emotion word or clear affective phrasing naming an internal state, so E=0."
rd_o1xfl,reddit,LifeProTips,97,0,0,"The author is sharing a practical cleaning tip/how-to about laptop maintenance, which is a logistical/everyday task rather than a life-domain topic, so P=0; the tone is neutral and informational with no explicit emotion words or affective phrasing, so E=0."
rd_k285q,reddit,LifeProTips,85,0,0,"The author is sharing a practical household tip (a logistical how-to), not describing a personal life-domain situation, so P=0; the tone is neutral and task-oriented with no emotion words or affective phrasing, so E=0."
rd_lwmvq,reddit,LifeProTips,104,0,0,"The author is describing a DIY/logistical task (staining a table and cleaning up) — a practical how-to anecdote, not a life-domain topic — so P=0, and the language is entirely neutral with no emotional affect, so E=0."
rd_o39g5,reddit,LifeProTips,34,0,0,The message is a factual/informational tip with no personal life domain framing and no emotional language.
rd_obnpm,reddit,LifeProTips,74,0,0,"The author is sharing a general productivity tip/how-to about using email drafts as a memo system — this is logistical/task-oriented advice, not a personal life-domain situation, so P=0; the tone is neutral with no explicit emotion words or affective phrasing, so E=0."
rd_mb3bv,reddit,LifeProTips,87,0,0,"The message is neither authored by someone describing their own life situation nor seeking advice — it is a humorous/satirical creative piece giving fictional tips, so P=0 and the tone is playful rather than emotionally expressive, so E=0."
rd_lvhp0,reddit,LifeProTips,175,0,0,"The author is the subject but the topic is everyday household logistics (disposing of pizza boxes), not a life domain — P=0 per Rule 1b; the language is purely practical with no explicit emotion words or affective phrasing — E=0 per Rule 3."
rd_ok9j3,reddit,LifeProTips,42,0,0,"The author is giving a practical app recommendation/tip to others, not describing their own life situation, so P=0; the tone is neutral and informational with no emotional language, so E=0."
rd_koga6,reddit,LifeProTips,112,0,0,"The message offers a practical shopping tip (logistical how-to), and while the author is present ('I grab'), the topic is everyday logistics rather than a life domain, so P=0; the language is neutral and tip-oriented with no explicit emotion words, so E=0."
rd_n8iqc,reddit,LifeProTips,90,0,0,"The message is a practical life-hack tip about using a dishwasher as a dish rack — logistical/everyday content (Rule 1b), and the language is conversational and neutral with no explicit emotion words or affective phrasing (Rule 3)."
rd_krlbz,reddit,LifeProTips,81,0,0,"The message is a practical how-to tip about repurposing bicycle inner tubes, not about the author's own life situation, making it a task/logistics framing with P=0 and neutral tone with E=0."
rd_pddy6,reddit,LifeProTips,117,0,0,"The author is looking for a tool/app recommendation — this is a logistical/task-oriented request, not a description of a personal life situation in a meaningful life domain, so P=0; the language is neutral and no explicit emotion words or affective phrasing appear, so E=0."
rd_o60mo,reddit,LifeProTips,46,0,0,"The message is a task-oriented how-to tip about sharpening pencils; the parenthetical 'like me' is a brief logistical aside, not a personal life-domain topic, and there is no emotional language."
rd_of44e,reddit,LifeProTips,175,1,0,"The author describes their own health experience and personal supplement use (a life-domain topic), but the tone is informational and deliberative with no explicit emotion words or affective phrasing."
rd_os4oh,reddit,LifeProTips,128,0,0,"The author is sharing a cooking tip/recipe advice rather than describing a personal life situation or problem in a life domain, making it logistical/task-oriented (P=0), and the tone is neutral with no emotional language (E=0)."
rd_napmi,reddit,LifeProTips,56,0,0,"The author shares a cooking tip/observation about pancake mix — this is logistical/how-to content, not a life-domain personal situation, so P=0; the tone is neutral and informational with no explicit emotion words, so E=0."
rd_lgm2u,reddit,LifeProTips,81,0,0,"The message is a general safety/how-to tip addressed to readers, not a personal disclosure about the author's own life or situation (P=0), and the tone is purely informational with no emotional language (E=0)."
rd_odo7t,reddit,LifeProTips,36,0,0,"The message is a general social tip directed at 'you' (the reader), not the author describing their own life situation, so P=0; the tone is neutral and instructional with no explicit emotion words, so E=0."
rd_mdoi2,reddit,LifeProTips,69,0,0,"The author is giving instructional advice on vocal projection to an implied third party, which is a task/how-to framing with no personal life domain and no emotional language."
rd_p26xw,reddit,LifeProTips,46,0,0,"Although the author is the subject and sleep is a health-adjacent concern, the framing is practical/logistical (seeking a noise-dampening solution), making it P=0, and the language is neutral with no explicit emotion words or affective phrasing, making it E=0."
rd_iurwk,reddit,LifeProTips,42,0,0,"The message is framed as general instructional advice to a hypothetical reader, not as the author describing their own life or situation, so P=0; the tone is neutral and matter-of-fact with no explicit emotion words from the author, so E=0."
rd_miajl,reddit,LifeProTips,79,0,0,"The message is a practical how-to tip about handling an overflowing toilet, not about the author's own life situation, making it logistical/task-oriented (P=0, E=0)."
rd_jg18g,reddit,LifeProTips,64,0,0,"The author references a past mistake briefly but the message is primarily a general advisory/lesson about software updates, not a description of their own life situation in a life domain, and there are no explicit emotion words or affective phrasing."
rd_mc1a8,reddit,LifeProTips,72,0,0,"The author is sharing a practical cleaning tip (logistics/how-to), not describing a personal life-domain situation, so P=0; the tone is cheerful but contains no explicit emotion words or affective phrasing, so E=0."
rd_mscih,reddit,LifeProTips,20,1,0,"The author describes their own work situation (life domain: work/career), but the language is neutral and deliberative with no explicit emotion words or affective phrasing."
rd_muxcd,reddit,LifeProTips,91,0,0,"The author is the subject but the topic is everyday household logistics (fridge odor), not a life domain, so P=0; the tone is practical and request-oriented with no explicit emotion words or affective phrasing, so E=0."
rd_n7f2t,reddit,LifeProTips,35,0,0,"The author is asking for tips on peeling an orange's pith, which is a logistical/how-to request rather than a personal life domain topic, and the mild exclamation 'My god' is not an explicit emotion word naming an internal state."
rd_l8yz4,reddit,LifeProTips,46,0,0,"The message is a factual/informational tip about food science, not about the author's own life or situation, so P=0 and the tone is neutral with no affective language, so E=0."
rd_lxabj,reddit,LifeProTips,119,0,0,"The author is giving general advice/tips to an unnamed audience rather than describing their own situation or life domain, so P=0; the tone is purely instructional with no emotional language, so E=0."
rd_nr33u,reddit,LifeProTips,33,0,0,"The message is a general tip directed at a broad audience ('us redditors') about household waste management logistics, not describing the author's own personal life situation in a meaningful life domain."
rd_p46lf,reddit,LifeProTips,27,0,0,"The message is about a logistical/practical technique (dispensing something with large hands), not a life-domain topic, and the author is not describing a personal life situation — P=0; the tone is casual and curious with no explicit emotion words or affective phrasing — E=0."
rd_nvshq,reddit,LifeProTips,46,0,0,"The author is giving a general practical tip about key placement, not describing their own situation or life domain, and the tone is purely informational with no affective language."
rd_ocazu,reddit,LifeProTips,75,0,0,"The message is about a practical clothing problem (removing pet hair from a jacket), which is a logistical/how-to task rather than a life-domain topic, so P=0; the affectionate mention of the jacket and mild frustration do not rise to explicit emotion words or clear affective phrasing, so E=0."
rd_lkhkj,reddit,LifeProTips,40,0,0,"The author is giving logistical/how-to advice about showering technique; while 'like me' shows mild self-reference, the topic is everyday logistics (not a life domain), so P=0, and 'hate' here is a casual preference phrase rather than explicit affective phrasing about an internal state, so E=0."
rd_lhxi9,reddit,LifeProTips,102,0,0,"The message is a cooking tip/how-to about pizza preparation; though the author mentions doing it themselves, the framing is logistical/instructional rather than describing a personal life-domain situation, so P=0, and the enthusiastic tone lacks explicit emotion words or clear affective phrasing, so E=0."
rd_p5w4d,reddit,LifeProTips,15,0,0,"The message is a brief factual/logistical observation about a restaurant deal, not about the author's personal life domain, and contains no emotional language."
rd_kbf7a,reddit,LifeProTips,11,0,0,"The message is a factual tip about food storage, not about the author's own life or situation, so P=0; the tone is neutral and contains no emotional language, so E=0."
rd_o2m22,reddit,LifeProTips,99,1,0,"The author describes their own behavior and life situation (meal prep routine affecting lunch timing) which falls in a life domain, but the language is neutral and advisory with no explicit emotion words or affective phrasing."
rd_mxayi,reddit,LifeProTips,34,1,1,"The author describes their own bodily experience and uses 'too much' as clear affective phrasing signaling an internal state of overwhelm, making this P=1, E=1."
rd_o4npy,reddit,LifeProTips,88,0,0,"The author is sharing a general belief about intelligence and mindset, not describing their own life situation in a personal life domain, so P=0; the closing remark is mild self-deprecation without explicit emotional language, so E=0."
rd_obwkg,reddit,LifeProTips,107,0,0,"The author is giving practical health advice (how-to) about nosebleeds; while they briefly mention personal experience, the message is framed as instructional/logistical guidance rather than describing their own life situation in a life-domain context."
rd_lxxyr,reddit,LifeProTips,60,0,0,"The author is giving a factual/logistical driving tip, not describing their own life situation, so P=0; the tone is neutral and task-oriented with no emotional language, so E=0."
rd_njkt9,reddit,LifeProTips,35,0,0,"The author is describing a past logistical situation (finding accommodation while traveling), which is an everyday practical matter rather than a life-domain topic, making it P=0; and the language is neutral with no explicit emotion words or affective phrasing, making it E=0."
rd_o0cfh,reddit,LifeProTips,25,0,0,"The author is asking a factual/how-to question about preventing green rings from cheap jewelry, which is a logistical/practical query rather than a personal life-domain topic."
rd_l98ur,reddit,LifeProTips,131,0,0,"Although the author mentions their own volleyball habit, the message is a practical tip about sand removal — a logistical/how-to topic, not a life-domain personal situation — so P=0, and the tone is cheerful but contains no explicit emotion words or affective phrasing, so E=0."
rd_lx1xv,reddit,LifeProTips,27,0,0,"The message is a meta-comment/joke about Reddit behavior, not about the author's own life situation, and contains no explicit emotion words or affective phrasing."
rd_ndbnx,reddit,LifeProTips,84,1,0,"The author describes their own health/sleep situation (P=1), but the language is factual and descriptive — 'exhausted' is the closest emotion word, but it describes a physical state rather than a named internal emotional state, so E=0 per Rule 3."
rd_o4r87,reddit,LifeProTips,89,0,0,"The author describes a logistics/household tip (grocery shopping system) which is everyday practical behavior, not a life-domain topic, so P=0; the tone is neutral and informational with no explicit emotion words or affective phrasing, so E=0."
rd_m1t1t,reddit,LifeProTips,61,0,0,"The message is a general how-to/tip about shaving directed at a broad audience, not describing the author's own situation, so P=0 and the tone is purely instructional with no emotional language, so E=0."
rd_ndd2q,reddit,LifeProTips,31,0,0,The message is a practical how-to tip about removing wrinkles from a shirt — logistical/task-oriented with no personal life domain topic and no emotional language.
rd_m1drd,reddit,LifeProTips,117,0,0,"The message describes a logistical tip about using a food ordering app — a practical, everyday convenience topic — making it P=0 (Rule 1b), and the closing 'I can't wait' is a mild casual expression rather than a named emotional state, so E=0."
rd_obfb0,reddit,LifeProTips,34,0,0,"The message is a technical how-to tip about setting up a phone contact, not describing a personal life domain situation, and contains no emotional language."
rd_g492z,reddit,LifeProTips,49,0,0,"The author is describing a logistical/practical task (finding a laptop charger) rather than a life-domain topic, making this P=0, and the tone is neutral with no explicit emotion words or affective phrasing, making this E=0."
rd_nf66j,reddit,LifeProTips,90,0,0,"The author is giving informational/logistical advice about how to take psyllium husks, not describing a personal life situation, so P=0; the tone is neutral and instructional with no explicit emotion words, so E=0."
rd_p1tnz,reddit,LifeProTips,21,1,0,"The author is asking about their own social/romantic life (a life domain), but the language is purely logistical and task-oriented with no explicit emotion words or affective phrasing."
rd_ocuh5,reddit,LifeProTips,22,0,0,"The message is a practical how-to tip about cleaning shoes, not about the author's own life situation, making it a task/logistical message with no emotional language."
rd_ntlll,reddit,LifeProTips,121,0,0,"The author is giving product advice and sharing logistical/practical tips about multitools; while they reference their own habits, the topic is everyday tool recommendations (logistics/how-to), not a life-domain personal situation, so P=0, and the language is neutral with no explicit emotion words or affective phrasing, so E=0."
rd_le78d,reddit,LifeProTips,32,0,0,"The author is giving a factual/instructional tip about dental hygiene, not describing their own life situation, so P=0 and the tone is neutral with no emotional language, so E=0."
rd_k5e73,reddit,LifeProTips,32,0,0,"The author is sharing a tip/hack (logistics/how-to) rather than describing a personal life-domain situation, and the language is neutral and anecdotal with no explicit emotion words or affective phrasing."
rd_nb010,reddit,LifeProTips,104,1,0,"The author describes their own health situation (P=1), but the language is deliberative and task-oriented — 'it sucks' is a mild colloquial phrase, not an explicit emotion word or clear affective phrasing naming an internal state (E=0)."
rd_mm5k4,reddit,LifeProTips,61,0,0,"The author mentions a childhood experience as background context but the message is framed as a factual tip/how-to about removing blood stains, making it logistical rather than a current personal life-domain issue, and the tone is neutral throughout."
rd_nzrq6,reddit,LifeProTips,62,0,0,"Although the author describes a recurring nuisance affecting their home, the request is logistical/practical (seeking a product recommendation), not in a personal life domain, so P=0; the language is neutral and task-oriented with no explicit emotion words, so E=0."
rd_mdonn,reddit,LifeProTips,12,0,0,"The message is a casual tip or suggestion directed outward, not about the author's own life or situation, and contains no emotional language."
rd_o795w,reddit,LifeProTips,72,0,0,"The author references a past personal anecdote only as context for a practical tip (removing bubblegum), making the overall framing logistical/task-oriented rather than personal in a life-domain sense, and no explicit emotion words or affective phrasing are present."
rd_n42cb,reddit,LifeProTips,33,0,0,"The message describes a recipe or food recommendation in a neutral, impersonal tone — the author is not the subject and there is no affective language."
rd_oe181,reddit,LifeProTips,35,0,0,"The author is sharing a practical tip (logistical how-to) and is not the subject describing a personal life situation, so P=0; the tone is casual but contains no explicit emotion words or affective phrasing, so E=0."
rd_p7ft2,reddit,LifeProTips,56,0,0,"The author is not the subject — this is a third-party factual description of a business/industrial facility, not the author's own life or situation."
rd_os7wc,reddit,LifeProTips,10,0,0,"The author is making a casual observational comment about browsing Reddit communities, which is logistical/everyday and lacks any explicit emotion word or affective phrasing."
rd_md6jy,reddit,LifeProTips,45,0,0,"The message describes a logistical/practical tip about carrying technique; while the author references personal experience, the topic is everyday logistics (not a life domain), making it P=0, and the language is neutral with no explicit emotion words or affective phrasing, making it E=0."
rd_lntpo,reddit,LifeProTips,41,0,0,"The message is a factual how-to instruction (stopping a nosebleed) with the author not describing their own situation, making it P=0, and the tone is neutral and task-oriented with no emotional language, making it E=0."
rd_mx3to,reddit,LifeProTips,120,0,0,The author shares a tip/method for stretching fabric — logistical how-to framing with no life-domain personal topic and no explicit emotional language.
rd_nh996,reddit,LifeProTips,337,0,0,"The message is general advice about study techniques directed at a second-person audience, not describing the author's own life or situation, so P=0; the tone is neutral and instructional with no explicit emotion words or affective phrasing, so E=0."
rd_kwzwt,reddit,LifeProTips,69,1,0,"The author is the subject describing their own laundry/hygiene habit (a health/body-adjacent life domain), but the language is entirely neutral and matter-of-fact with no explicit emotion words or affective phrasing."
rd_lw5qc,reddit,LifeProTips,252,0,0,"The author is sharing general health/lifestyle tips for others rather than describing their own situation or life domain, so P=0; the tone is informational and advisory with no explicit emotion words, so E=0."
rd_mvmux,reddit,LifeProTips,71,0,0,"Although the author mentions their own dorm situation, the question is purely logistical/how-to (cleaning a pillow), not a life-domain personal matter, so P=0; the tone is casual and neutral with no explicit emotion words or affective phrasing, so E=0."
rd_ownmd,reddit,LifeProTips,45,0,0,"The message is a factual how-to tip about detecting bad breath, with the author not describing their own situation or life domain — P=0, and the tone is entirely neutral — E=0."
rd_ms5s7,reddit,LifeProTips,90,0,0,"The message is a factual how-to tip about arcade game mechanics; the author is not the subject describing a personal life situation, so P=0, and the tone is purely instructional with no emotional language, so E=0."
rd_nx3eo,reddit,LifeProTips,40,0,0,"The author is the subject but the topic is everyday logistics/how-to (flattening paper items), not a life domain, so P=0; the tone is neutral and task-oriented with no emotional language, so E=0."
rd_mblui,reddit,LifeProTips,77,1,0,"The author is the subject describing a personal hygiene/body issue (a life-domain health/body topic), but the language is entirely practical and deliberative with no explicit emotion words or affective phrasing."
rd_ofghc,reddit,LifeProTips,163,0,0,"The message is framed as general practical advice/tips about car moisture in cold climates, not about the author's own current situation in a life domain — it's logistical how-to content (Rule 1b)."
rd_mbv79,reddit,LifeProTips,97,1,0,"The author describes their own exercise routine (a health/lifestyle domain), making it P=1, but the tone is entirely neutral and informational with no explicit emotion words or affective phrasing, so E=0."
rd_hg0l1,reddit,LifeProTips,14,0,0,"The message is a factual/instructional statement about a task (cleaning a microwave) and the author is not describing a personal life domain situation, nor is there any emotional language."
rd_o9aux,reddit,LifeProTips,142,0,0,"The message is framed as general professional advice for others, not as a description of the author's own personal situation or life domain problem, so P=0; the tone is neutral and advisory with no explicit emotion words or affective phrasing, so E=0."
rd_mzbzi,reddit,LifeProTips,29,0,0,"The message is a general health/hygiene tip directed at the reader, not a personal disclosure by the author about their own life or situation, so P=0; the tone is purely instructional with no emotional language, so E=0."
rd_m705l,reddit,LifeProTips,12,0,0,"The message is a practical tip/instruction (logistical how-to) where the author is not describing their own life situation, so P=0 and the tone is entirely neutral, so E=0."
rd_g12kh,reddit,LifeProTips,54,0,0,"The message is task-oriented advice directed at a general audience, not authored by someone describing their own life situation, so P=0 and the tone is neutral with no emotional language, so E=0."
rd_p84ju,reddit,LifeProTips,64,0,0,"The message is a tip/how-to about browser tab behavior — logistical/technical content where the author is not describing a personal life-domain situation, and the language is neutral with no explicit emotion words or affective phrasing."
rd_oekct,reddit,LifeProTips,116,0,0,"The message is a how-to tip about cleaning sticky controller buttons — a practical/logistical task where the author is not describing their own life situation in a life domain, making it P=0, and the tone is purely instructional with no emotional language, making it E=0."
rd_izyv3,reddit,LifeProTips,152,0,0,"The author is discussing a community/subreddit promotion effort rather than their own personal life situation, making this a task/logistics-oriented post (P=0), and while there is enthusiasm, there are no explicit emotion words or clear affective phrasing naming an internal state (E=0)."
rd_o31q8,reddit,LifeProTips,39,0,0,"The message shares a practical tip/observation about carrying grocery bags and is not about the author's own life domain situation, making it P=0, and the tone is neutral with no explicit emotion words, making it E=0."
rd_njmd1,reddit,LifeProTips,15,0,0,"This is a product instruction or advertisement directed at a general audience, not a personal life domain message, and contains no emotional language from the author."
rd_m9nnm,reddit,LifeProTips,54,1,0,"The author describes their own post-surgical scar (a health/body topic, so P=1), but the language is neutral and practical with no explicit emotion words or affective phrasing (E=0)."
rd_lv5vb,reddit,LifeProTips,95,1,0,"The author is the subject describing a personal health/sleep issue (P=1), but the language is neutral and deliberative with no explicit emotion words or affective phrasing naming an internal state (E=0)."
rd_o2yey,reddit,LifeProTips,13,0,0,"The message is a brief, vague expression of utility with no specific life-domain topic and no explicit emotion word or clear affective phrasing naming an internal state."
rd_mpn4o,reddit,LifeProTips,183,0,0,"The message is primarily instructional/advisory content about a sleep technique, and while the author briefly mentions their own experience, the framing is task-oriented (explaining a method), not a personal life-domain disclosure; the mild apology and personal anecdote don't constitute explicit emotional language."
rd_ltgvt,reddit,LifeProTips,121,0,0,"The author is the subject but the topic is everyday kitchen logistics (how to prevent cheese spills in a sandwich maker), not a life domain — P=0; the language is practical and task-oriented with no explicit emotion words or affective phrasing — E=0."
rd_o5o2s,reddit,LifeProTips,95,0,0,"The message is a how-to tip directed at the reader (not describing the author's own life situation), making it a logistical/task-oriented message — P=0; the tone is neutral and instructional with no explicit emotion words — E=0."
rd_lm65k,reddit,LifeProTips,116,0,0,"The message is a general how-to tip directed at an unnamed audience, not describing the author's own life situation, so P=0; the tone is entirely instructional and neutral with no emotional language, so E=0."
wc_4764987df498a5207e21c0bcf518ea74,wildchat,,49,0,0,"The author is asking a factual/historical question about third parties (Elvis Presley and Katy Perry), not describing their own life or situation, so P=0 and the tone is neutral and curious, so E=0."
wc_b8e0f6d9ee7efaea5595e32567289bfb,wildchat,,56,0,0,The message is a creative/research task requesting a list of visual descriptors about Soviet Union life — the author is not the subject and the topic is not a personal life domain (Rule 1).
wc_71621dd00b7c4711fa44cd8e79572b4e,wildchat,,63,0,0,"The author is requesting a CSS rewriting task for their blog — this is a technical/creative task, not a personal life domain topic (Rule 1)."
wc_5865688b15700f2ee5ec0516e6aa95f9,wildchat,,28,0,0,"The author is asking a technical/workflow question about Blender software — this is a logistical how-to query, not a life-domain personal topic, so P=0 and the tone is neutral so E=0."
wc_2325e465d2c19b81de8e7fdf6081a5c2,wildchat,,69,0,0,"This is a creative writing/story generation request about fictional characters; the author is not the subject, so P=0 per Rule 1, and the tone is task-oriented with no emotional language, so E=0."
wc_81ed4f01e74d4d43f3ca610e072a75d2,wildchat,,136,0,0,"The author is requesting a creative/rewriting task about AI vulnerabilities, not describing their own life or situation, so P=0; the tone is neutral and task-oriented with no emotional language, so E=0."
wc_aed0ea49ef66a5837e1829181fa10488,wildchat,,123,0,0,"The author is not the subject — this is a technical programming task (code generation request), not a personal life situation, so P=0 and the tone is entirely task-oriented with no emotional language, so E=0."
wc_5ed72eb96e52bcae78a1311900cb59e3,wildchat,,114,0,0,"The author is asking a technical/logistical coding question about CSS layout, not describing a personal life situation, so P=0 and the tone is purely task-oriented with no emotional language, so E=0."
wc_496d34722c25497024cc7983fb99e670,wildchat,,106,0,0,"The message is a summarization task about a scholarly text — the author is not the subject, and the tone is entirely academic and task-oriented."
wc_0e3c66bb8797feca5b614ce6f5d86ccc,wildchat,,93,0,0,"The author is requesting a factual/educational task (creating a lesson plan) and is not the subject of the message, making it P=0 and E=0."
wc_b78dda58b44f80364cd00d1ceccabafe,wildchat,,33,0,0,"The author is assigning a writing task (SEO article) about a factual topic, not describing their own life or situation, so P=0 and the tone is purely task-oriented with no emotional language, so E=0."
wc_77e1ddead9b17a0a23691823431fb718,wildchat,,62,0,0,"This is a creative writing / role-play task about a fictional third party (Loretta Miller), not the author's own situation — P=0 per Rule 1; the tone is task-oriented with no emotional language — E=0."
wc_3d27b07f0a1b11770272d33341d4a966,wildchat,,392,0,0,"The message is a task requesting creative/scholarly writing (a biblical commentary) based on provided source material — the author is not the subject, so P=0, and the tone is entirely task-oriented with no affective language, so E=0."
wc_3d6bc91a2150df3fcff09f469d7ae0f0,wildchat,,240,0,0,"The message is a technical/academic task asking for a mathematical model derivation from code — the author is not the subject, and there is no personal life domain or emotional language."
wc_f2f7da86fa2aeb45e5ebe429ae06a3f2,wildchat,,94,0,0,"The author is requesting a technical system design task, not describing their own life or situation, so P=0; the tone is neutral and task-oriented with no emotional language, so E=0."
wc_957de248fe2a79d32e16de5d793a2afa,wildchat,,24,0,0,"The author is asking a technical programming question (how to get a process ID in R), not describing a personal life situation — P=0 by Rule 1, and the tone is purely task-oriented with no emotional language — E=0."
wc_893b5106a5930e428e08bfd452f0dd1b,wildchat,,43,0,0,"This is a factual/mathematical geometry question where the author is not the subject — it describes a scenario about cell towers and a phone signal, not the author's own life or situation."
wc_5c9504cb96ffae6d1d9cddaf5333d7bf,wildchat,,19,0,0,"This is a creative writing/task request where the author is not the subject — they are asking for content to be written for a school event, making it P=0 and E=0."
wc_dee68d708cd704d2557c29900d551c07,wildchat,,33,0,0,"This is a creative writing/persuasion task about a third-party religion, not the author's own life or situation, so P=0; the tone is task-oriented with no emotional language, so E=0."
wc_7d2168566451468ed5170080672b888f,wildchat,,22,0,0,"This is a task/academic writing request where the author is not the subject — it asks for literary analysis of a third-party text (Huck Finn), making it P=0, and the tone is entirely neutral and task-oriented, making it E=0."
wc_5676ad73466d13f23fa6216bc10a3e24,wildchat,,704,0,0,"This is a task-oriented jailbreak prompt directed at an AI, with the author issuing instructions rather than describing their own life or situation, so P=0 and the tone is entirely directive with no emotional language, so E=0."
wc_fd8873439c637ff0620fefc484a65ca4,wildchat,,15,0,0,This is a factual math question with no personal subject matter and no emotional language.
wc_30da5cd0d2db518913fc911e492b21ea,wildchat,,175,0,0,"This is a creative writing / role-play request where the author is not the subject — Rule 1 applies, making it P=0 and E=0 regardless of the intimate or fantastical content."
wc_74c4b7051272b7f8572dc2698fadb337,wildchat,,72,0,0,"This is a creative writing/role-play request where the author is not the subject, so P=0 per Rule 1, and the tone is purely task-oriented with no emotional language, so E=0."
wc_93c590716500990d3e974d5b5322df8f,wildchat,,52,0,0,"Although the author mentions their own physical attributes, the message is framed as a task request (generate a meal/workout plan) focused on logistics and how-to, not a personal reflection on a life domain issue, so P=0; the tone is neutral and task-oriented with no explicit emotion words, so E=0."
wc_fbbf875e090c35a90d29ad04c51d4e17,wildchat,,67,0,0,"The message is a technical debugging question about LibreOffice Calc code, with the author not describing a personal life situation — P=0, and the tone is purely task-oriented with no emotional language — E=0."
wc_a3f5dcc92ffeb5ac3e850628647bec28,wildchat,,253,0,0,"This is a translation task — the author is performing a linguistic service, not describing their own life or situation, so P=0; the tone is task-oriented with no affective language from the author, so E=0."
wc_57276eba1da7022172f251c9d07c6533,wildchat,,19,0,0,This is a task/logistics request (pairing emoji sequences) with no personal life domain involvement and no emotional language.
wc_1f7398033207885c6d9d4556fc77431f,wildchat,,17,0,0,"The author is asking for a creative writing/style task (rewriting a sentence), not describing their own life or situation, so P=0; the tone is purely task-oriented with no emotional language, so E=0."
wc_698d733588efad59535e89499509ac5f,wildchat,,51,0,0,"The author is requesting a creative/writing task (travel guide content) rather than describing their own life situation, so P=0; the tone is purely task-oriented with no emotional language, so E=0."
wc_4d79edd41bc0ca9ab3fe0a916a5e3878,wildchat,,11,0,0,"The author is requesting a creative or generative task (producing a title), not describing their own life or situation, so P=0; the tone is neutral and task-oriented with no emotional language, so E=0."
wc_359569a97afccbd55221bf52fb9dd133,wildchat,,46,0,0,"The author is asking a factual/mathematical geometry question about cell towers, not describing their own life situation, so P=0 and the tone is purely task-oriented with no emotional language, so E=0."
wc_9fb835006b5ec74d0294f4761c4b3213,wildchat,,39,0,0,"This is a creative writing prompt with the author not as the subject, making it P=0 (Rule 1), and the tone is entirely task-oriented with no emotional language, making it E=0."
wc_a6778157d4f61d8ffd82ec0a1d18d637,wildchat,,56,0,0,"This is a task/essay prompt asking for examples and explanations of sociological concepts — the author is not the subject describing their own life, so P=0, and the tone is purely instructional with no emotional language, so E=0."
wc_ede6090c416a594580f277282ce79b6d,wildchat,,580,0,0,"The message is a task-oriented creative/technical prompt requesting AI art prompt generation, not the author describing their own life or situation (P=0), and the language is entirely instructional with no emotional expression (E=0)."
wc_d210c5c2cfc64648702b5019944b04a3,wildchat,,471,0,0,"The message is a task-oriented prompt for an AI system (AutoGPT-style), not authored by someone describing their own life situation — P=0, E=0."
wc_4db8205a28ea4bbfe411636febeadf59,wildchat,,306,0,0,"The message is a creative/fictional task asking for character comparisons — the author is not the subject, so P=0, and the tone is entirely task-oriented with no emotional language, so E=0."
wc_612b67a5c14f467a4cb62de18ddfae50,wildchat,,41,0,0,"This is a creative writing/world-building task where the author is not the subject, so P=0 (Rule 1), and the tone is purely task-oriented with no emotional language, so E=0."
wc_0270ea8253c4b33610c90e0c3c2440e5,wildchat,,122,0,0,"This is a task/jailbreak prompt attempting to manipulate an AI system, not a personal message about the author's own life, and contains no emotional language."
wc_057de4caa09ad3a44d12baa1b57b45a3,wildchat,,85,0,0,"This is a factual/educational question about reinforcement learning methods, not about the author's own life or situation (P=0), and the language is entirely neutral and task-oriented (E=0)."
wc_07cc4242442de607abfcba444f59c433,wildchat,,59,0,0,"The author is not the subject — this is a third-party scenario about a fictional character (a former pole dancer turned wrestler), making it P=0 by Rule 1; the tone is neutral and task-oriented with no emotional language, so E=0."
wc_46a733a6b2e7f89778414b87c9979876,wildchat,,12,0,0,"This is a factual/informational request about a psychological assessment tool, not about the author's own life or situation."
wc_4d3fb6112240451fc7daf7abd8330dd5,wildchat,,264,0,0,"This is a creative writing/role-play request for a fictional fighting game scenario with a third-party character as the subject, so P=0 per Rule 1, and the tone is task-oriented with no emotional language, so E=0."
wc_6888f8bf36b3b5a9dc1a4eb2cd72e7a2,wildchat,,226,0,0,"The author is requesting a technical programming task (building a ML predictor in Python), not describing their own life or situation, so P=0 and the tone is task-oriented with no emotional language, so E=0."
wc_90a71ab2f6ce0c604ff3b118fb87a670,wildchat,,77,0,0,"The message is a task-oriented creative/technical request asking the AI to generate an image URL, with no personal life domain involvement and no emotional language."
wc_6d4837515d0229087b014d6b07f93192,wildchat,,471,0,0,"The message is a task/instruction directed at an AI agent system, not a personal disclosure by the author about their own life situation."
wc_2bb1cf3f613c5051e13e9eaceb9df18b,wildchat,,59,0,0,"The author is assigning a role-play/task to the chatbot and asking for a technical explanation and code generation, not describing their own life situation — P=0 by Rule 1; language is purely task-oriented with no emotional words — E=0."
wc_9090a94fa438efc8bc505c0a63902044,wildchat,,76,0,0,"The author is asking factual/informational questions about ISBN and book publishing — not describing their own life situation, so P=0; the tone is neutral and task-oriented with no emotional language, so E=0."
wc_693b9b717fc76a17c72e9a9705c727ff,wildchat,,15,0,0,"This is a technical how-to question about VBA code, not about the author's personal life or situation, and the tone is entirely neutral and task-oriented."
wc_528805e5fadbd43d5f12206bf6e2d452,wildchat,,56,0,0,The message is a technical programming/debugging question with no personal life domain involvement and no emotional language.
wc_f26d335dba2cc9de83ecf816129fbb5c,wildchat,,40,0,0,"This is a creative/artistic image generation prompt describing a scene — the author is not the subject, so P=0, and the language is purely descriptive with no emotional content, so E=0."
wc_87107b2f8338223028150270b2048656,wildchat,,32,0,0,"The author is asking a factual/hypothetical question about animal behavior, not describing their own life or situation, so P=0; the tone is neutral and curious with no emotional language, so E=0."
wc_cd17e686db0207d9bd2a9a2ba369b127,wildchat,,22,0,0,"The author is asking for a technical/creative coding example (NUI interface), not describing a personal life situation, so P=0; the tone is purely task-oriented with no emotional language, so E=0."
wc_02a9e999de7b5cc4fe2bad0c60ce3f68,wildchat,,327,0,0,"The message is a technical programming task (implementing cryptographic file transfer), not about the author's own life or situation — P=0, and the language is entirely task-oriented with no emotional content — E=0."
wc_112ce092960d63bc963b8c08707bd1de,wildchat,,51,0,0,"This is a creative writing request where the author is not the subject — it asks for a fictional story about a character on Mars, making it P=0 by Rule 1, and the tone is purely task-oriented with no affective language, making it E=0."
wc_eb0a611fd157cb2e5e8062481a123fc2,wildchat,,32,0,0,"This is a creative/fan-fiction writing prompt about fictional characters reacting to a scenario, so the author is not the subject (P=0), and 'blushing' describes observable behavior of fictional characters, not the author's own internal state (E=0)."
wc_0c19ead6f8134d64bd98dcce6ce1cf4c,wildchat,,13,0,0,"The author is requesting a task (summarizing a research paper), not describing their own life or situation, so P=0; the tone is neutral and task-oriented with no emotional language, so E=0."
wc_eb8c16181e06b8154131ec12638d8b8c,wildchat,,297,0,0,This is a creative/technical task asking an AI to generate an image prompt using a specific template — the author is not the subject and no personal life domain or emotional language is present.
wc_096dfd8b5d9252a7f2d738689578afa1,wildchat,,704,0,0,"This is a task/instruction message (a jailbreak prompt) directed at an AI system, not a personal disclosure about the author's own life, so P=0; the tone is entirely directive and contains no emotional language, so E=0."
wc_183cc9c5b4e8c151c707ccd5c1fe93e9,wildchat,,371,0,0,"The message is a technical programming task (web scraping in R) where the author is assigning a coding role to an AI assistant, not describing their own life situation — P=0, E=0."
wc_cbb219e975240b02c0ebe08caa16603a,wildchat,,191,0,0,"This is a statistics/homework question asking about hypothesis testing — the author is not the subject, and it's a factual/analytical task with no affective language."
wc_4e3be6be08bbeb1ccfea191ee13d7932,wildchat,,15,0,0,"The message is a factual/analytical question about an external organization and ideology, not about the author's own life or situation."
wc_ad6bb9afe99f94e5355045528a97b6f1,wildchat,,70,0,0,"The author is requesting a task (drafting a policy document) rather than describing their own life situation, so P=0; the tone is purely task-oriented with no emotional language, so E=0."
wc_026ae69846ae1cbc6ca35471c6b494a2,wildchat,,41,0,0,"This is a task/creative-writing prompt about third parties, not the author's own life or situation, so P=0; the tone is neutral and task-oriented with no emotional language from the author, so E=0."
wc_9a975cb621fecaa6e11003d65d89eeb3,wildchat,,459,0,0,"The message is a task/instruction directed at an AI system, not an author describing their own life situation, so P=0 and the tone is entirely technical with no emotional language, so E=0."
wc_2e62d7ee52dbf2f4d55ef9f28a92dbce,wildchat,,157,0,0,The message is a programming task requesting code modification — the author is not the subject and there is no personal life domain or emotional language involved.
wc_2f90664f3257df4e6e1bf31e7e979d05,wildchat,,23,0,0,This is a factual/creative question about defining a scale — the author is not the subject and there is no personal life domain or emotional language.
wc_71f7e582a008b070eadd8cc8ae322835,wildchat,,20,0,0,"The author is requesting a technical coding task (web scraping), not describing their own life or situation, so P=0; the tone is purely task-oriented with no emotional language, so E=0."
wc_9a467b36af5035f976aa918bdebff768,wildchat,,543,0,0,The message is a task-oriented creative writing/generation request about AI art prompts on a specific theme; the author is not the subject and is not expressing personal emotional states.
wc_2d4c580b363cd4993f1545e7a9f7d617,wildchat,,45,0,0,"The message is a technical coding question about array indexing — the author is not describing a personal life situation, and there is no emotional language."
wc_c826ac6a81df095d1bd8a2e9e87ad270,wildchat,,21,1,0,"The author is the subject asking about their own investment needs (personal finance domain), but the tone is purely deliberative with no emotional language."
wc_2c59ce867155821ba15a30b6e47b115f,wildchat,,34,0,0,This is a task-oriented request (summarize a copyright notice) with no personal subject matter and no emotional language.
wc_1eef91eb6aff14f9e812df272092aeb9,wildchat,,10,0,0,"The message is a factual/logistical recall question directed at the chatbot, not describing the author's own life situation or emotional state."
wc_d05f434e3c135a31d614ed98638584ab,wildchat,,102,0,0,"The message is a creative/role-play writing task about a fictional third party (Patricia Bertier), so the author is not the subject — P=0 per Rule 1 — and the language is purely task-oriented with no affective phrasing — E=0."
wc_42a2d494746812af2f9efdb141e3bdd0,wildchat,,10,0,0,"This is a factual/resource question where the author is seeking information, not describing a personal life situation, and the tone is neutral with no affective language."
wc_1982286da8867a19833ac5120d8a2ffa,wildchat,,16,0,0,The message is a technical how-to question about SQL; the author is not the subject and the topic is not a life domain.
wc_c3697dec672aacd275aba65c40581062,wildchat,,30,0,0,"This is a creative writing/task request where the author is not the subject — they are asking for a fictional emergency alert to be written, not describing their own life or situation."
wc_1f608f27828e733c00e77d4fd9f6b99d,wildchat,,52,0,0,"This is a content-generation task (writing a travel guide) — the author is not the subject describing their own life situation, so P=0, and the tone is purely task-oriented with no affective language, so E=0."
wc_8d2bdcfd7e816cdf7855f019f0256d52,wildchat,,100,0,0,"This is a creative writing/scriptwriting request where the author is not the subject, making it P=0 per Rule 1, and the tone is task-oriented with no emotional language, making it E=0."
wc_bbf5aeb979c41dba933fd50761b71a65,wildchat,,30,0,0,"The author is requesting a creative/writing task (travel guide article) about Morocco accommodations, not describing their own life situation, so P=0; the tone is task-oriented with no emotional language, so E=0."
wc_c282c32f087f7483c446eeffbffb1123,wildchat,,55,0,0,"This is a technical/task-oriented request for code generation in Java, not a personal life-domain message, and the tone is entirely neutral and instructional."
wc_407671220b715976d68c8964c433d0ed,wildchat,,18,0,0,"The message is a technical how-to question about Keras model prediction speed, not about the author's life domain, making it P=0 and E=0."
wc_dcfbc259cca0641b58085d31f385d460,wildchat,,250,0,0,"This is a creative writing / screenwriting task featuring fictional characters (Gisela, Elke, Marlis), so the author is not the subject — P=0 per Rule 1 — and the tone is task-oriented with no affective language from the author, so E=0."
wc_f78774b05fb3f0ba26cba553fab670b4,wildchat,,54,0,0,"This is a task/creative-writing/academic writing request about a literary topic; the author is not the subject, so P=0, and the tone is purely task-oriented with no affective language, so E=0."
wc_ba76cc512a6b402370144f2dd5efd809,wildchat,,118,0,0,"This is a creative writing/role-play task asking for fictional episode synopses with a specified cast — the author is not the subject, so P=0 (Rule 1), and the tone is purely task-oriented with no affective language, so E=0."
wc_629c4ca7a14812d6782371d06287b38a,wildchat,,10,0,0,The message is a task/creative-writing request with no personal subject matter and no emotional language.
wc_9bcb85b57ba4f169e259a1aec6bf6709,wildchat,,17,0,0,"The author is asking a factual/conceptual question about AI systems, not describing their own life or situation, so P=0; the tone is neutral and analytical with no emotional language, so E=0."
wc_d2f62c02280350988fcff73e47f6c6ed,wildchat,,121,0,0,"The message is a creative/fictional character design task asking for comparisons to a fictional fighter — the author is not the subject, so P=0, and the tone is purely task-oriented with no emotional language, so E=0."
wc_7e60123b6eec3bf0e860b05a5330db5c,wildchat,,14,0,0,"This is a creative writing request about fictional characters, so the author is not the subject (Rule 1), making P=0, and the tone is task-oriented with no affective phrasing, making E=0."
wc_2d27fddd24854d19b04f79dc9a8170a9,wildchat,,246,0,0,"The message is a creative writing / alternate history task with no author self-involvement, making it P=0 by Rule 1, and the tone is entirely task-oriented with no emotional language, making it E=0."
wc_25ffce81153b7b267e43c8ac55d1ac02,wildchat,,105,0,0,"The author is asking for an analysis of a third-party text, not describing their own situation or feelings, so P=0; the tone is task-oriented and analytical, so E=0."
wc_e6cac335c60ab7051b8db442eb562763,wildchat,,128,0,0,"This is a task-oriented instruction message for a coding assistant, not about the author's personal life or situation, and contains no emotional language."
wc_58de47fd352208003115c55bd40a9dcb,wildchat,,18,0,0,"This is a factual/technical question about Huffman coding compression ratios; the author is not describing their own life situation, making it P=0, and the tone is neutral with no affective language, making it E=0."
wc_ee09cd8fbe10a6cf78dc8daa84bf9a5c,wildchat,,31,0,0,The message is a factual/analytical question about Russia's national interests — the author is not the subject and there is no emotional language.
wc_6d384ddd111412708939c34ab01ba8e4,wildchat,,175,0,0,"The author is asking for a text-editing task (token reduction) on fictional/creative content, not describing their own life situation — P=0 by Rule 1, and the tone is entirely task-oriented with no emotional language — E=0."
wc_4bc6b162032bd42839ac8b10230de680,wildchat,,16,0,0,"This is a technical error message and code snippet, not a personal narrative — the author is not the subject and there is no emotional language."
wc_16a4e94dcc763a47787a9b1548399c93,wildchat,,51,0,0,"The author is requesting a creative/informational writing task about hotels in Yosemite — not describing their own life or situation — so P=0 by Rule 1, and the tone is purely task-oriented with no affective language, so E=0."
wc_a776338157dab12b7ff15d1d6af92230,wildchat,,28,0,0,"This is a programming task/factual question where the author is not the subject — it's a coding exercise, not a personal life domain matter."
wc_714555d952a6ff2738d9a64be209ca56,wildchat,,331,0,0,"The message is a technical coding/debugging task about Python syntax errors — the author is not describing a personal life situation, making it P=0, and the tone is purely task-oriented with no emotional language, making it E=0."
wc_839228085aaf51fede0241e6b64fd4b1,wildchat,,498,0,0,The message is a task-oriented AI agent prompt with no personal subject matter and no emotional language — it is purely a technical/creative task instruction.
wc_5976978e91611814204d6523c138de80,wildchat,,13,0,0,"This is a creative writing request where the author is not the subject, so P=0 (Rule 1), and the tone is task-oriented with no emotional language, so E=0."
wc_d3b338ea10a6a6871900e0056c24224b,wildchat,,54,0,0,"This is a content-generation task for a travel guide, not the author describing their own life or situation — Rule 1 applies, so P=0, and the tone is purely task-oriented with no emotional language, so E=0."
wc_401f5ae7868c352cd2bc4910c65aec29,wildchat,,11,0,0,"This is a creative/task-oriented request for fictional content, not about the author's own life or situation (P=0), and contains no emotional language (E=0)."
wc_f669e6b37c954d0c7911a810dc7f52bf,wildchat,,57,0,0,"This is a factual/logical puzzle about a gridworld — the author is not describing their own life, making it P=0, and the tone is purely task-oriented with no affective language, making it E=0."
wc_b7c30405bcd2979987e1485d69febf88,wildchat,,551,0,0,"The message is a creative/task-oriented request for AI art prompts about a hypothetical film, with the author not as the subject — P=0, E=0 per Rule 1."
wc_bd89539a57bf71ce52ff8fffd51f6214,wildchat,,12,0,0,"The author is requesting a creative/task-oriented output (title suggestions) rather than describing their own life situation, so P=0, and the tone is entirely neutral with no emotional language, so E=0."
wc_76ece6a2e81aefb7ed14eccea090d82f,wildchat,,813,0,0,"This is a creative writing / screenwriting task about fictional characters, so the author is not the subject (Rule 1), making it P=0, and the tone is entirely task-oriented with no emotional language about the author's own state (E=0)."
wc_c25b8846c04e1051029ae6ab998db8cc,wildchat,,24,0,0,"The author is requesting factual/educational information about the renal system, not describing their own life or situation, so P=0; the tone is purely task-oriented with no emotional language, so E=0."
wc_5fbcecbc8a0da8ad5e64e09639677371,wildchat,,46,0,0,"The author is asking a creative/game-design question about fictional characters, not describing their own life or situation, so P=0 and the tone is task-oriented with no emotional language, so E=0."
wc_05cc6520d3adbd9070d54481a621fb4a,wildchat,,568,0,0,"The author is asking a logistical/task-oriented question about academic submission safety, and the lengthy text is a third-party creative/academic piece rather than a description of the author's own life situation, making this P=0 and E=0."
wc_c0f8653ccbde5d4635d9f4739ad6e5b3,wildchat,,469,0,0,This is a technical coding task where the author is asking for a bug fix on JavaScript code — neither personal in subject matter nor emotionally expressed.
wc_0d5cf7935e0210158bfea3509adab54e,wildchat,,18,0,0,"The author is asking a factual/task-oriented question about trading strategies, not describing their own situation or life domain, so P=0; the tone is neutral and deliberative with no emotional language, so E=0."
wc_f50769332f7b120fd2d1b69bd662112a,wildchat,,15,0,0,"The author is requesting creative/task output about a topic rather than describing their own life or situation, so P=0 (Rule 1), and the language is purely task-oriented with no affective content, so E=0."
wc_5f6b74f2bddbcedd728e3cf71df80c43,wildchat,,30,0,0,"The author is requesting a task (generate a list) about a political/philosophical topic, not describing their own life or situation — P=0 per Rule 1, and the tone is purely task-oriented with no affective language — E=0."
wc_c07e8b8f9be71d9222e2eaac2df102e3,wildchat,,413,0,0,The message is a math/calculus homework task asking for step-by-step explanation of an optimization problem — the author is not the subject and the framing is purely task-oriented (Rule 1).
wc_024e97f1377245929aa997a4790e274d,wildchat,,49,0,0,"The author is asking a factual/historical question about third parties (Elvis Presley and Katy Perry), not describing their own life or situation, so P=0 and the tone is purely curious and analytical, so E=0."
wc_ea8efc9a5d6a2f94ddd535e241c98c49,wildchat,,54,0,0,"This is a creative writing / fictional storytelling request where the author is not the subject, so P=0 (Rule 1), and the tone is purely task-oriented with no affective language, so E=0."
wc_099260364d588b7a66211abc20c59398,wildchat,,184,0,0,"The message is a role-play/jailbreak prompt directing the AI to adopt a persona, not the author describing their own life or situation (Rule 1), and the tone is entirely task-oriented with no affective language (Rule 3)."
wc_a9b5fbc80d36b3053ae76982e0900bc7,wildchat,,596,0,0,"This is a creative writing/role-play task asking for a medical report about fictional characters — the author is not the subject, so P=0 (Rule 1), and the tone is task-oriented with no emotional language from the author, so E=0."
wc_9efdf15d304b80f857b4df2387d83265,wildchat,,327,0,0,"This is a creative writing / storytelling request with fictional characters; the author is not the subject, so P=0 (Rule 1), and the tone is purely task-oriented with no emotional language, so E=0."
wc_13dea3d995ec85e61ce44bc30ebe1b32,wildchat,,15,0,0,"This is a creative writing/encoding task where the author is not the subject, so P=0, and the tone is purely task-oriented with no emotional language, so E=0."
wc_0ffaa1e3e9e815a4e753a62c7bbe172d,wildchat,,11,0,0,"The author is asking a factual/general question about children, not describing their own situation or life domain, and the tone is neutral and curious with no emotional language."
wc_02c0a0f847cb41b86bb04207ee48ed13,wildchat,,331,0,0,"The message is a task-oriented request to reformat a diet plan, with the author not describing their own life situation but rather requesting a content editing task — P=0, and the language is entirely neutral with no emotional expression — E=0."
wc_72addbf5f4febc6b68d7156a0d17b8b2,wildchat,,427,0,0,The message is a technical programming task (writing a Piet compiler) with no personal subject matter or emotional language.
wc_7689f3b4c2effad2150b0fac55a75862,wildchat,,15,0,0,"This is a creative writing/role-play task where the author is not the subject, so P=0, and the tone is task-oriented with no explicit emotion words from the author, so E=0."
wc_becb4640482c2f47049a1f8826f2eec6,wildchat,,10,0,0,"The author is requesting help with a writing task about an external topic (foam bottles), not describing their own life or situation, so P=0; the tone is neutral and task-oriented with no emotional language, so E=0."
wc_6eb85eab2e9e75acf5d916a8c03cce48,wildchat,,47,0,0,"The message is a factual/task-oriented request about literary works, with the author not as the subject — P=0 by Rule 1, and the tone is entirely neutral and instructional — E=0."
wc_e694e79df6886403327cd6d4ab4e877d,wildchat,,18,0,0,"The author is not the subject — this is a creative writing/fictional character task, so P=0 by Rule 1, and the tone is entirely task-oriented with no emotional language, so E=0."
wc_dcc655332d9d7acd6fd4d6d569758ce7,wildchat,,38,0,0,"This is a writing/creative task where the author is not the subject — they are requesting a professional document, not describing their own life or situation (Rule 1)."
wc_e15ea595049d90effd8dbf5657697236,wildchat,,127,0,0,"This is a creative/role-play writing task about a fictional third party (Reza Fazekas), not the author describing their own life situation — P=0 per Rule 1; the tone is task-oriented with no emotional language — E=0."
wc_6f277517547dea7fe48bbc0f3d290a39,wildchat,,10,0,0,"This is a task/content-creation request with the author not as the subject, so P=0, and the tone is purely task-oriented with no emotional language, so E=0."
wc_d8585ef8794623191412fc5aff5e6f66,wildchat,,13,0,0,"The author is asking factual/historical questions about Hungary, not describing their own life or situation, so P=0 and the tone is neutral so E=0."
wc_9cb580900140bf42eb651345f8f5e117,wildchat,,326,0,0,"This is a creative writing / role-play request where the author is not the subject, so P=0 per Rule 1, and the tone is task-oriented with no affective language, so E=0."
wc_fa68fbf0f755773809956815db680a09,wildchat,,97,0,0,"This is a creative writing/role-play task about fictional characters, so the author is not the subject (Rule 1), making P=0, and the tone is purely task-oriented with no emotional language, making E=0."
wc_d20399acabc471d4f8045303ea06d3a6,wildchat,,23,0,0,"The message is a technical/programming question about matrix manipulation, not about the author's life domain, so P=0; the tone is neutral and task-oriented with no emotional language, so E=0."
wc_956c2c07a16a26b1c16d319819051b2d,wildchat,,261,0,0,"The message is a task-oriented summarization request about a scholarly text on ancient names — the author is not the subject, and there is no affective language."
wc_e4f3bd27c1cff6345fe014f9675fa9a3,wildchat,,382,0,0,"The message is a creative writing/role-play task asking for fictional YouTube comments about a made-up film — the author is not the subject, so P=0 and E=0 per Rule 1."
wc_62fb9acc8d46b821c0ec2b1650f2115f,wildchat,,454,0,0,"This is a role-play/creative writing prompt instructing an AI to adopt a character persona, not the author describing their own life or emotional state — P=0 per Rule 1, and the language is task-oriented rather than affectively expressive — E=0."
wc_9830b7846bfbb0398b338938e1c70e82,wildchat,,328,0,0,"This is a creative role-play/fictional narrative featuring characters (Dean and Akura), not the author describing their own life situation, so P=0 per Rule 1; the tone is descriptive and narrative rather than emotionally expressive by the author, so E=0."
wc_06e9f0d4da6824f3bb0185f8ae8d39e1,wildchat,,66,0,0,"This is a creative writing/role-play request where the author is not the subject, so P=0 per Rule 1, and the tone is task-oriented with no affective language, so E=0."
wc_c43382f7f73fd9303398fa28109046f5,wildchat,,63,0,0,The message is a technical code-optimization request with no personal life domain involvement and no emotional language.
wc_774ee6af77a8542930b20c0792d7e219,wildchat,,215,0,0,"The message is a programming/technical task (Python code for a SnowFlake class), not describing the author's own life or situation, so P=0 and the tone is entirely task-oriented with no emotional language, so E=0."
wc_c39fc76ea8a4bc457f97109bf532f426,wildchat,,16,0,0,"The message is a technical task request (script writing) where the author is not describing their own life situation, so P=0, and the tone is neutral and task-oriented with no emotional language, so E=0."
wc_3c51d35c950b5607c8c6f6e6d72200d9,wildchat,,74,0,0,"This is a task/creative writing request about earthquakes for an assignment — the author is not the subject, making it P=0, and the tone is entirely task-oriented with no emotional language, making it E=0."
wc_1879ee8a6b3ec34bd0964bed11d4886d,wildchat,,411,0,0,"This is a creative writing / role-play request asking the AI to develop a TV series concept and write an episode — the author is not the subject, so P=0 per Rule 1, and the tone is task-oriented with no affective language, so E=0."
wc_af38c72520712b30930268fc9426de1b,wildchat,,10,0,0,"This is a logistical/task-oriented request for website recommendations, not a personal life-domain topic, and contains no emotional language."
wc_3b4b5039f651ba2eb27e0e842ee5f3ce,wildchat,,81,0,0,"The author is asking a technical how-to question about Android XML layout, not describing a personal life situation — P=0, and the language is neutral and task-oriented — E=0."
wc_263ce324cb2ad75816947094ae9c07b0,wildchat,,916,0,0,"The message is a system prompt and task instruction for an AI agent to conduct research — the author is not the subject, and the framing is task-oriented with no affective language."
wc_90d3d3ce41fa0e907443acf26f00621e,wildchat,,57,0,0,"The author is requesting a writing task (travel guide content) about visa requirements, not describing their own life or situation — P=0 by Rule 1 (framing over topic), and the tone is purely task-oriented with no emotional language — E=0."
wc_1c11a0b9dd74cf9d54e69a6008694281,wildchat,,46,0,0,"This is a factual/task-oriented fill-in-the-blank exercise about third parties, not about the author's own life or situation."
wc_5a2b4569865cbd08298af94c8a831752,wildchat,,74,0,0,"The author is requesting a technical coding task (SQLite database design in C#), not describing their own life situation, so P=0 and the tone is entirely task-oriented with no emotional language, so E=0."
wc_88a6574f6ab1b43d94eb71a6a9a00252,wildchat,,265,0,0,The message is a technical/academic question about RISC-V assembly code and computer architecture primitives — the author is not the subject and there is no personal life domain or emotional language involved.
wc_e99c04967b0fdadc4dd35262afe6fff4,wildchat,,209,0,0,"The author is assigning a coding/technical task (building a ML model in Python), not describing their own life or situation, so P=0 and the tone is task-oriented with no emotional language, so E=0."
wc_2ae02161b1465fdcbc29ed6938562950,wildchat,,373,0,0,"This is a creative writing/alternate history task where the author is not the subject — it is a request for fictional world-building content, making P=0 (Rule 1), and the tone is entirely task-oriented with no emotional language, making E=0."
wc_36023f1c9592c9929ce86de963f80bc8,wildchat,,633,0,0,"The message is a technical/educational request asking for code explanation and commentary — the author is not the subject, and there is no personal life domain or emotional language involved."
wc_11976dd6ff16a201253288943a08e64a,wildchat,,659,0,0,"The message is a technical Python script (a task/tool), not authored as a personal message about the author's life or situation — P=0, E=0."
wc_3ce158e3fa8921304bb2672502339183,wildchat,,13,0,0,"This is a technical coding task where the author is not the subject, so P=0, and the tone is purely task-oriented with no emotional language, so E=0."
wc_6d4da84296a4a0fe4a228ddaad3c6741,wildchat,,47,0,0,"The author is requesting a creative/informational writing task about Yosemite winter travel, not describing their own life situation, so P=0 (Rule 1), and the tone is purely task-oriented with no emotional language, so E=0."
wc_cb338601eae1fb52c2c791136c962275,wildchat,,594,0,0,"This is a creative writing / analysis task about a fictional screenplay excerpt — the author is not the subject, so P=0, and the tone is task-oriented with no affective language, so E=0."
wc_8178ae76183ce0baa48e8f363b9351b3,wildchat,,10,0,0,"This is a creative role-play/task prompt where the author is not the subject, so P=0, and the tone is purely task-oriented with no emotional language, so E=0."
wc_9512eb9dd1fe4c520dec16c6ac4f9035,wildchat,,61,0,0,"This is a creative writing/content generation task where the author is not the subject — they are requesting an article about anime series, making it P=0 by Rule 1, and the tone is purely task-oriented with no affective language, so E=0."
wc_5ba8eb9c9caa5bc09bd9244e4a42a3a0,wildchat,,335,0,0,"The message is a technical code submission (Python script), not a personal narrative or life-domain topic, so P=0 and E=0."
wc_403ddeea1b42c4fa3e3a88abc7ee851b,wildchat,,20,0,0,"The message is a playful/task-oriented request directed at a bot for an API key, not describing a personal life situation, and contains no explicit emotion words or affective phrasing (""hilarious"" describes the anticipated outcome, not the author's internal state)."
wc_f5506bdab69f74bc7b82a3a0b4fe1ddf,wildchat,,52,0,0,"The author is requesting creative/travel writing content as a task, not describing their own life situation — P=0 per Rule 1, and the tone is entirely task-oriented with no emotional language — E=0."
wc_d2ae90cc07eb7dbcbc9c7230eaf0a7ec,wildchat,,24,0,0,"The message is a factual/technical question about language model parameters, with the author not as the subject and no emotional language present."
wc_0cc3dc8cec79613942cf4d7c5c5b765b,wildchat,,339,0,0,"The author is asking for a coding/technical task (modifying simulation code to produce a matrix of plots), not describing their own life situation, so P=0 and the tone is entirely task-oriented with no emotional language, so E=0."
wc_9cf5f29b5880e749ff2e29be3ce10c57,wildchat,,11,0,0,"The message is a writing task (composing a thank-you paragraph) rather than the author describing their own personal situation, so P=0, and the tone is task-oriented with no explicit emotion words, so E=0."
wc_723a06b1d5aab58524dbc4b477d30f99,wildchat,,37,0,0,"The author is requesting a writing task (travel guide content) for a third-party publication, not describing their own life or situation, so P=0; the tone is purely task-oriented with no emotional language, so E=0."
wc_4dcdcbf67eb9d1c44e51b202332efe8a,wildchat,,18,0,0,"The author is requesting a task (scraping and rating VPN services), not describing their own life situation, so P=0 and the tone is purely task-oriented with no emotional language, so E=0."
wc_55ccefb161063a3924eeee5ae77a2170,wildchat,,30,0,0,"This is a creative writing request about a fictional character (Louis the fox), not about the author's own life or situation, so P=0; the tone is task-oriented with no emotional language, so E=0."
wc_c97ee528954465bf949fbe746ed9bca0,wildchat,,123,0,0,"The message is a task-oriented creative/technical request to generate HTML for a website, not a personal life-domain topic, so P=0 and E=0."
wc_8062d9d6c1966d1b68ee8e3dc0123e2d,wildchat,,925,0,0,"The message is a programming task asking to refactor Java code — the author is not describing their own life or situation, making it P=0, and the tone is purely technical with no emotional language, making it E=0."
wc_48b268e04e96ed46f7956d5501e69adc,wildchat,,442,0,0,"The message is a creative writing/role-play request featuring fictional characters, so the author is not the subject — P=0 per Rule 1, and the tone is task-oriented with no emotional language — E=0."
wc_64d630dd28860a360227239bdd648093,wildchat,,82,0,0,"The author is requesting a creative/writing task incorporating a political passage — they are not the subject, and the framing is task-oriented (Rule 1)."
wc_672d6440b13e6482fb626327bfb608ed,wildchat,,650,0,0,"The message is a technical debugging task about Python code with an error — the author is not describing a personal life situation, making it P=0 and E=0."
wc_a7a893c31a069a2ec115d671e026bcbd,wildchat,,14,0,0,"The author is asking a speculative/creative question about a fictional scenario (Game of Thrones), not describing their own life or situation, so P=0 and the tone is curious/neutral so E=0."
wc_77ddbbe1541652de546adf85968e08b4,wildchat,,22,0,0,"The author is asking for a technical coding example (FiveM NUI), which is a task/how-to request, not a personal life-domain topic — P=0, and the tone is entirely neutral — E=0."
wc_81086615d8da9a8073f233d8fcef8f85,wildchat,,300,0,0,The message consists of physics homework questions about electrostatics; the author is not the subject and there is no personal life domain or emotional language.
wc_9a64a01400b680194c68cd6b137f41bd,wildchat,,24,0,0,"This is a creative writing task where the author is not the subject — it's a request to design a fictional magic system, making it P=0 and E=0 by Rule 1."
wc_d127ee9b85a688f94155d84b95f04d64,wildchat,,11,0,0,"The question is a logistical/informational query about employment requirements, not a description of the author's personal life situation, and contains no emotional language."
wc_e5cfa7169001797dcff45c0471370d14,wildchat,,72,0,0,"This is a creative writing request about a fictional character — the author is not the subject — so P=0 per Rule 1, and the tone is purely task-oriented with no emotional language from the author, so E=0."
wc_c0de9a22cacc2a48fd2341e82d3b0f96,wildchat,,13,0,0,"This is a task-oriented technical request where the author is not describing their own life situation, so P=0, and the language is neutral with no emotional content, so E=0."
wc_b7c366fef905ad07324cd3662f4b4737,wildchat,,128,0,0,"The message is a summarization task about academic content — the author is not the subject, making it P=0, and the tone is purely task-oriented with no emotional language, making it E=0."
wc_b10f3ac80407de3cb7f5a557a0e55eff,wildchat,,458,0,0,"The message is a creative/worldbuilding task asking the author to generate new continent names based on provided descriptions and real-world analogues — the author is not the subject, making it P=0, and the tone is purely task-oriented with no emotional language, making it E=0."
wc_141f8cdf286a64c7e6ea7ef93a1a5eb5,wildchat,,12,0,0,"The author is asking a technical how-to question about programming, not describing a personal life situation, so P=0; the tone is neutral and task-oriented with no emotional language, so E=0."
wc_3866cb662f9d02ad5b73a366f34f431c,wildchat,,14,0,0,This is a technical/factual how-to question about image processing in Python; the author is not the subject and the topic is not in a personal life domain.
wc_e7149388d20d8b7ce70f01b84ece8688,wildchat,,131,0,0,"This is a creative writing/role-play request where the author is not the subject; it is a task asking for a fictional script, so P=0 per Rule 1, and the tone is purely task-oriented with no affective language, so E=0."
wc_fedbb11c019441da55c54487fa846a1d,wildchat,,33,0,0,"The author is not the subject — this is a role-play/task prompt asking for a list about other people's problems, so P=0 by Rule 1, and the tone is task-oriented with no affective language, so E=0."
wc_d721dc2aced5718f7a270ff51abce64f,wildchat,,155,0,0,"The message is a grammar/editing task (Rule 1 framing): the author is asking for proofreading of a text, not describing their own situation, so P=0; the emotion words appear inside the quoted text being edited, not as the author's own expressed state, so E=0."
wc_22a8aa45900fd4c84a90da0428af0102,wildchat,,41,0,0,"This is a fill-in-the-blank task about third parties (Janet and Keith), not a personal or emotional message from the author."
wc_28163cb87a8280cdfe92bb648980d807,wildchat,,25,0,0,"The author is asking a factual/technical question about gear ratios for fixed gear racing, not describing their own life or situation, so P=0 and the tone is neutral and task-oriented, so E=0."
wc_be3ca1c2e0cc9a00ee6f7a3014fc361c,wildchat,,147,0,0,"This is a creative writing/role-play request where the author is not the subject, making it P=0 per Rule 1, and the tone is task-oriented with no emotional language, making it E=0."
wc_7068ef0ca4355211ea2d61a6580863f2,wildchat,,35,0,0,"This is a creative writing/role-play task asking the AI to write a song — the author is not the subject, so P=0, and the tone is task-oriented with no emotional language, so E=0."
wc_6a1de932aac8a5fbc010d87f5df63d80,wildchat,,529,0,0,"This is a creative/task-oriented request for AI image generation prompts, where the author is not the subject and there is no personal life domain or emotional language involved."
wc_7572dd7f4ea4a53f1b16de9341782007,wildchat,,189,0,0,"This is an academic task/assignment asking the author to analyze a third-party subject (MMOGs), not describing their own life or situation — P=0 by Rule 1, and the tone is entirely neutral and task-oriented — E=0."
wc_602397a1440b7ba753290d5190da4e31,wildchat,,11,0,0,This is a logistical/task-oriented request with no personal life domain involvement and no emotional language.
wc_6e4e6b1bee69c6865ae0c99f81066e45,wildchat,,18,0,0,"The message is framed as a role-play/hypothetical logistical question (pet selection for Christmas) rather than a genuine personal life-domain situation, and contains no emotional language."
wc_a7817d75409d2d5510eb265d8462fda7,wildchat,,14,0,0,"This is a creative writing/task request where the author is not the subject, so P=0, and there is no emotional language, so E=0."
wc_4490f96e04b3eed5d690319f53df175c,wildchat,,21,0,0,"The author is asking a factual math question, not describing their own life or situation, so P=0; the tone is purely task-oriented with no emotional language, so E=0."
wc_b1900cd53026b0f2339a4a218b604bb8,wildchat,,340,0,0,"The message is a task-oriented creative/technical prompt asking an AI art generator to produce image prompts — the author is not the subject, so P=0, and the language is purely instructional with no emotional expression, so E=0."
wc_7444f10b2eb41551dc865a95cd9e9607,wildchat,,55,0,0,"This is a role-play/creative writing request (erotic fan fiction) with an impersonal framing — the author is not the subject describing their own life situation, so P=0 (Rule 1), and the tone is task-oriented with no explicit emotion words, so E=0."
wc_167c2494527004dacf08492d05bd3ba5,wildchat,,10,0,0,"The author is requesting a task (creating a presentation) about an external topic, so P=0 by Rule 1, and the tone is purely task-oriented with no affective language, so E=0."
wc_04856943673e72005ddd0030bd533933,wildchat,,39,0,0,"The message is a task-oriented creative/brainstorming request — the author is not describing their own life situation but asking for a generated list, making it P=0; the tone is neutral and deliberative with no emotional language, E=0."
wc_709eab7ddbc7bd2af19d0e8c65e062b0,wildchat,,184,0,0,"This is a role-play/creative writing request about a fictional third party (Britt Lindqvist), so the author is not the subject — P=0 per Rule 1, and there is no affective language from the author — E=0."
wc_da2023de3a6c1899c96d7023c52bfe5b,wildchat,,101,0,0,"The author is requesting a technical programming task (creating an SQLite database in C#), not describing their own life situation, so P=0; the tone is neutral and task-oriented with no emotional language, so E=0."
wc_a77b0706e2fbda8fa3c6fed30037e66b,wildchat,,20,0,0,"The author is not the subject — this is a task requesting a debate/discussion about an external topic (Star Wars), making it P=0, and the language is entirely neutral and task-oriented, making it E=0."
wc_c6faa4516183e2ba928f79a5181954bc,wildchat,,40,0,0,"The message is a factual/academic question about an economic model, with the author not describing their own life or situation — P=0, and the tone is entirely task-oriented with no emotional language — E=0."
wc_69d71441eafbc2c27dde15caf155f43b,wildchat,,698,0,0,"The message is a technical programming task (React component refactoring request), not about the author's personal life or emotional state."
wc_8c5b2d984dd22ba16a993952796260cc,wildchat,,56,0,0,"The author is completing an academic task (defining and analyzing religious views through a philosophical lens), not describing their own life or situation — P=0 by Rule 1, and the tone is entirely neutral and task-oriented — E=0."
wc_77a71eef3d3eb1c0e15ce19c964e8bd9,wildchat,,975,0,0,"The author is asking a technical/factual question about code errors, which is a task-oriented request — not a personal life domain topic — making it P=0 and E=0."
wc_de96399afd3838bf49a9c3e17d9aee0b,wildchat,,198,0,0,"This is a creative writing/rewriting task — the author is not the subject but is asking for a lyrical/poetic transformation of existing text, making it P=0 by Rule 1, and the tone is task-oriented with no affective language from the author, so E=0."
wc_6d8e6c5a967442aa67241bcdc19308ec,wildchat,,140,0,0,The message is a technical physics/engineering problem asking for a solution to a continuity equation — the author is not the subject and there is no personal or emotional content.
wc_812e22306564ebabe6ac1de54aa4f925,wildchat,,594,0,0,The message is a technical coding task asking to fix a method signature mismatch in Java code — the author is not the subject and the topic is not a life domain.
wc_fa846907c62fd2026d9f1b828b15b6d3,wildchat,,11,0,0,"The author is requesting a creative/design task about a video game concept, not describing their own life or situation, so P=0; the tone is neutral and task-oriented with no emotional language, so E=0."
wc_b035a7576d1f7d3150db3ef1b99f954a,wildchat,,44,0,0,"The author is asking a factual question about third parties (Elvis Presley and Katy Perry), not describing their own life or situation, so P=0 and the tone is neutral/curious so E=0."
wc_892ac6d6ba38ef6ec6cb83132b046556,wildchat,,406,0,0,"The author is requesting a content-creation task (writing marketing posts) about a third-party business calendar, not describing their own life situation, so P=0 and the tone is purely task-oriented with no emotional language, so E=0."
wc_1335d6f3eae7ec16900e06c514ef0d7f,wildchat,,181,0,0,"The message is a task request (summarize a text) with no personal subject matter or emotional language — P=0, E=0."
wc_51b2ade74fe216cdc6504f3142949708,wildchat,,733,0,0,"This is a creative writing / role-play request where the author is not the subject — they are requesting fictional content about characters, making it P=0 by Rule 1, and the tone is task-oriented with no emotional language, making it E=0."
wc_d5f4ef51e4d7796d5303ed5822fe8317,wildchat,,13,0,0,"This is a factual/task-oriented question about using AI in a technical domain, not about the author's own life situation, so P=0 and the tone is neutral so E=0."
wc_b980d00d68baa129f4e002793130e6dd,wildchat,,29,0,0,"The author is requesting a creative/task-oriented rephrasing exercise about a third-party question, not describing their own life or situation, so P=0; the tone is neutral and task-focused with no emotional language, so E=0."
wc_9e25064a48b6c7fc040813ae306ca330,wildchat,,11,0,0,This is a factual/task-oriented request for word definitions; the author is not the subject and there is no affective language.
wc_9c03856f0a4e60ed0e75928fb7a3c7a9,wildchat,,95,0,0,"Although the author mentions their own PhD topic, the request is a task-oriented writing assignment (produce a paragraph for an essay), not a description of a personal life situation in a life domain — Rule 1 and Rule 1b apply."
wc_747caba3e6b1171caff61a9c1d784e45,wildchat,,37,0,0,This is a factual/task-oriented question about filling in a blank in a passage — the author is not the subject and there is no personal life domain or emotional language involved.
wc_6000542824e3b5a08b464c7295cc567c,wildchat,,37,0,0,"The author is requesting a technical coding task (MATLAB code), not describing their own life situation, so P=0; the tone is purely task-oriented with no emotional language, so E=0."
wc_f5faff33ba2d570b25ea8e2253a4a46b,wildchat,,16,0,0,"The author is requesting a creative/task output (a prompt for image generation), not describing their own life or situation, so P=0 and the tone is purely task-oriented with no emotional language, so E=0."
wc_e8481c51c544ae7a94c248505d0b3413,wildchat,,124,0,0,"This is a creative/game-design task asking the author to generate movesets for fictional characters — the author is not the subject, so P=0 by Rule 1, and the tone is purely task-oriented with no affective language, so E=0."
wc_9949988a049976c9d89baaeff59ff239,wildchat,,12,0,0,"The author is asking a factual/informational question about feminism as a topic, not describing their own life or situation, so P=0 and the tone is neutral with no emotional language, so E=0."
wc_95b71cb6d2a2e2cc61e5eed1dd260887,wildchat,,34,0,0,"The author is asking a factual, informational question about ADHD treatments in general, not describing their own condition or situation, so P=0 and the tone is neutral and task-oriented, so E=0."
wc_330747c3a48b9ae10cbc0bde05817a96,wildchat,,308,0,0,"The message is a technical coding question asking for improvements to a physics simulation script — the author is not the subject of a life-domain topic, making it P=0, and the tone is purely task-oriented with no emotional language, making it E=0."
wc_8a602153a39019193e2ffbcb5c3cb2b6,wildchat,,19,0,0,"The author is requesting factual/descriptive information about a fictional character, not describing their own life or situation, so P=0 and the tone is neutral task-oriented so E=0."
wc_fdbc4aa318c2079bc3e70161c1a58ce4,wildchat,,323,0,0,"The author is requesting a technical/creative coding task (building a hybrid forecasting model in R), not describing their own life situation, so P=0; the tone is entirely task-oriented with no emotional language, so E=0."
wc_155e03b37f08a8c307f35da0757ced47,wildchat,,704,0,0,"This is a task-oriented jailbreak prompt directed at an AI system, with the author not describing their own life or situation — P=0 by Rule 1, and the tone is entirely instructional with no emotional language — E=0."
wc_dbb142fd0fc48640041877325276fa81,wildchat,,13,0,0,"This is a creative writing request where the author is not the subject, so P=0, and the tone is purely task-oriented with no affective language, so E=0."
wc_f1b0b33c4f831d02e40f173b70ad3a19,wildchat,,11,0,0,"The author is not the subject — this is a factual/analytical task asking about world problems, not a personal life situation, and the tone is neutral and task-oriented."
wc_3f73ec49709bfdcc13f8f789356474ff,wildchat,,21,0,0,"This is a creative/writing task where the author is not the subject — they are requesting a narrative about a fictional ideology, making it P=0 per Rule 1, and the tone is task-oriented with no emotional language, so E=0."
wc_b136b62b8ce8b7e7f851f1990d0721af,wildchat,,572,0,0,The message is a technical code-fixing request where the author is not the subject — it's a task-oriented programming question with no personal life domain or emotional language.
wc_9600b5f9ad639eafd675b62f609eafb1,wildchat,,26,0,0,"The author is assigning a research writing task about a factual/academic topic, not describing their own life or situation, so P=0; the tone is entirely task-oriented with no emotional language, so E=0."
wc_8a05963fabdae954e1cba9ac593250d1,wildchat,,10,0,0,This is a technical coding task where the author is not describing their own life or situation — P=0; the language is purely task-oriented with no emotional content — E=0.
wc_a7b130405c63b9de4ad6af3c2bf94922,wildchat,,169,0,0,"The message is a creative writing/role-play request where the author is not the subject but is commissioning fiction about characters (Dean and Akura), so P=0 per Rule 1, and the tone is task-oriented with no affective language, so E=0."
wc_1f2e792ee65509051618782a3fdd93b2,wildchat,,69,0,0,This is a creative writing/game design task with no author self-involvement and no emotional language; Rule 1 applies (framing is impersonal task-oriented).
wc_cf0f72f4c700ee39a7e8f77c33e35c38,wildchat,,98,0,0,The message is a translation request for a third-party poem; the author is not the subject and the task is logistical/factual (Rule 1).
wc_793ae1d7e1567919553262253a337f98,wildchat,,23,0,0,"This is a factual/definitional question about a hypothetical scale, not about the author's own life or situation, and contains no emotional language."
wc_dfac05019e437ea842fd611ee6c485a7,wildchat,,17,0,0,"The author is asking for technical help with code, not describing a personal life situation, so P=0; the tone is neutral and task-oriented with no emotional language, so E=0."
wc_b365897031d280e7cf30d71ed837577a,wildchat,,186,0,0,"The author is asking a factual/technical question about cable specifications, not describing their own life or situation, so P=0; the tone is neutral and task-oriented with no emotional language, so E=0."
wc_a11356431f6049978969a1d6a525dea7,wildchat,,201,0,0,"The author is requesting a creative/ghostwriting task — drafting a response to a third party — so the framing is task-oriented rather than self-disclosing, making it P=0 per Rule 1, and the language is neutral and deliberative with no explicit emotion words, so E=0."
wc_0eea3f93f34e61c8096cdaf7fec84f93,wildchat,,30,0,0,"The author is requesting a creative/technical task (generating a prompt for Stable Diffusion) rather than describing their own life situation, so P=0; the tone is neutral and task-oriented with no emotional language, so E=0."
wc_cdecfca2917ebb2dcaeb03f8544f0526,wildchat,,23,0,0,This is a factual/academic multiple-choice question about anthropology terminology; the author is not the subject and there is no affective language.
wc_2b52fadc2bfa54c6fed13422b30f1fc7,wildchat,,40,0,0,"The author is asking a creative/design question about a game concept, not describing their own life situation, so P=0; the tone is purely task-oriented with no emotional language, so E=0."
wc_db304b19fc2ff87a6c0b4fd68bb1a042,wildchat,,56,0,0,"This is a creative writing/character-creation task using fictional templates — the author is not the subject, so P=0 by Rule 1, and the tone is purely task-oriented with no emotional language, so E=0."
wc_57d24a89f2802b74665eeb224ad2de34,wildchat,,20,0,0,"This is a creative writing/task request where the author is not the subject, so P=0, and the tone is purely task-oriented with no emotional language, so E=0."
wc_f78a9ed98dfe5fc520c621228786506a,wildchat,,242,0,0,"The message is a creative writing request with an elaborate fictional premise — the author is not the subject, so P=0 by Rule 1; the tone is task-oriented and analytical with no explicit emotion words or affective phrasing, so E=0."
wc_7b6d61df2ab5e834889b515eca92827e,wildchat,,63,0,0,"This is a creative writing/role-play task asking the author to fabricate a fictional article about a third party (Rico Yan), so the author is not the subject — P=0 per Rule 1, and the tone is task-oriented with no emotional language — E=0."
wc_438bd36c045e44f50cee3db8b77556a1,wildchat,,46,0,0,"This is a task/coursework request asking for a strategic analysis of Amazon — the author is not the subject, so P=0, and the tone is purely task-oriented with no affective language, so E=0."
wc_9a92521c7d89593849224884c936e754,wildchat,,72,0,0,"This is a role-play/creative writing request where the author is directing a fictional scenario with characters from a game, not describing their own life situation — Rule 1 applies."
wc_d8e117ce6d1151ee6967871f189a651f,wildchat,,45,0,0,"The author is requesting a creative/task-oriented list for fictional wrestling characters, not describing their own life or situation (Rule 1)."
wc_d913cdb12ea63709228b8599029c940d,wildchat,,31,0,0,"The author is not the subject — this is a factual/creative question about fan-made animation production considerations, not about the author's own life or situation (Rule 1)."
wc_0322511a1c87358ff50058a4875d6847,wildchat,,245,0,0,The message is a block of Android/Java source code — a technical task with no personal subject matter or emotional language.
wc_3b07bd3a2525a2397b9e37f4620eff39,wildchat,,301,0,0,"This is a technical/coding task where the author is asking for a code modification, not describing their own life situation — P=0 by Rule 1, and the language is entirely task-oriented with no emotional expression — E=0."
wc_291a9374f3991a4dd22c8a77e349a006,wildchat,,339,0,0,"The author is asking for technical debugging help with code — a task-oriented programming question — not describing their own life situation, so P=0 and the tone is purely analytical with no emotional language, so E=0."
wc_248167dc99c696997bb7132a1df649f4,wildchat,,34,0,0,This is a task-oriented request (summarize a copyright notice) with no personal subject matter or emotional language.
wc_8cf840a5550a13fe788874bdf3bb83b7,wildchat,,129,0,0,"The message is a chemistry/analytical task framed as a coursework problem, with the author not the subject — it is a technical calculation question, not a personal life situation."
wc_1be6ef3f54553f679cbbee9ecb18adc8,wildchat,,65,0,0,"The message is a technical task asking for error analysis of a software installation failure — the author is not describing a personal life situation, so P=0, and the language is entirely neutral, so E=0."
wc_d06013364584e44542a009ceeb10be7c,wildchat,,105,0,0,The message is a translation task involving scientific/academic content about adsorption chemistry — the author is not the subject and there is no personal life domain or affective language.
wc_a3199825646ba48585cbe7b855b4e198,wildchat,,309,0,0,"This is a content-writing task (SEO article about WP Engine's support) where the author is assigning a creative/professional writing job, not describing their own life or situation — P=0, E=0 per Rule 1."
wc_00d26218b0cffe2d2605ff8c57307551,wildchat,,11,0,0,"This is a technical how-to question about PyTorch; the author is not describing a personal life situation, so P=0, and the tone is neutral with no affective language, so E=0."
wc_96d8ccfa31563f57351f273d1cbd801c,wildchat,,88,0,0,"The author is requesting factual/educational information about US government terms — a task-oriented request where the author is not the subject, so P=0 and E=0."
wc_77d01aa55b60bdc72f74b16c356ca02d,wildchat,,13,0,0,This is a technical how-to question about jQuery with no personal life domain involvement and no emotional language.
wc_b9d97ce4a0025c3356d3f11c6a0d5769,wildchat,,17,1,0,"The author is the subject seeking to change their own body (health/body domain), but the language is purely task-oriented with no explicit emotion words or affective phrasing."
wc_982ed8b9ccbce869c291ce365834f13f,wildchat,,102,0,0,"The message is a writing/editing task about academic content (Orientalism, Said, Foucault) — the author is not the subject, making it P=0, and the tone is purely task-oriented with no emotional language, making it E=0."
wc_1d8dd9010f3adf1d819b5ffe23c5768a,wildchat,,27,0,0,The message is a technical coding task with no personal subject matter and no emotional language.
wc_ea4c0d6ca0bef2411520b2b65761f447,wildchat,,367,0,0,"The author is requesting a technical coding task (drone control software extension), not describing their own life situation — P=0 by Rule 1, and the tone is entirely task-oriented with no emotional language — E=0."
wc_02aa2dc6e53579f40ebd41839767a337,wildchat,,14,1,0,"The author describes their own business idea (life domain: work/career), but the language is enthusiastic and casual without containing an explicit emotion word or clear affective phrasing naming an internal state."
wc_e5c88d2e21af4d271dafbd2243184b63,wildchat,,25,0,0,"The author is performing a task (critiquing a sentence) rather than describing their own life situation, so P=0; the tone is neutral and task-oriented, so E=0."
wc_4539813606418d15bd831f5e7ffcbd9b,wildchat,,55,0,0,"This is a creative writing/role-play request about fictional characters (Tracer, Sombra, Zarya from Overwatch) — the author is not the subject, so P=0 by Rule 1, and the tone is task-oriented with no emotional language, so E=0."
wc_acc6db9a54bd62331c91d778e1bee363,wildchat,,46,0,0,"The message is a technical debugging question about code, not about the author's personal life domain — P=0; the language is neutral and task-oriented with no explicit emotion words — E=0."
wc_0a5a8531b5080532b40a67cd0a844552,wildchat,,77,0,0,The author is asking for a summary of research findings about physiotherapist training — a factual/task-oriented request where the author is not the subject.
wc_89116452c7b1ad4fe31a2d738c3a473c,wildchat,,240,0,0,"The message is a product description/writing style learning task — the author is not the subject, and it is task-oriented with no personal life domain or emotional language."
wc_65707f0becaf104cf30cb7ec7943ab19,wildchat,,25,0,0,"This is a role-play/creative task where the author is setting up a hypothetical consulting scenario, not describing their own life situation, so P=0 by Rule 1, and the tone is purely task-oriented with no affective language, so E=0."
wc_ac6ba44273f835611073cc658141a47c,wildchat,,11,0,0,"The author is asking a factual question about an external entity (the UK National Grid), not describing their own life or situation, so P=0 and the tone is purely curious/neutral, so E=0."
wc_4c2bce48508d86acc2ab0c7a45958d8b,wildchat,,28,0,0,"The author is requesting a technical coding task (not describing their own life situation), so P=0, and the language is purely task-oriented with no emotional words or affective phrasing, so E=0."
wc_f451ce79fa24cdef1bc1c63468262753,wildchat,,18,0,0,"The author is not the subject — this is a task/factual request about generating a feature test list for a platform, with no personal life domain or emotional language involved."
wc_e94248d47d80950b89d26d8e056a9235,wildchat,,126,0,0,"This is a creative writing/role-play task asking the author to generate fictional content about third-party characters, so P=0 (Rule 1), and the language is entirely task-oriented with no emotional expression, so E=0."
wc_3cd2a05bf77dde2fa16c23902b6afc26,wildchat,,595,0,0,"The message is a technical coding task requesting help with argument-parsing code, not a personal life domain topic, so P=0 and E=0."
wc_616e4e16332d749ccc58a3bd2051736f,wildchat,,182,0,0,"This is a creative writing/game design task asking the author to generate fictional item descriptions; the author is not the subject, so P=0, and the tone is task-oriented with no emotional language, so E=0."
wc_2a7e3eabcdcea145cae5dab717fb4f0b,wildchat,,126,0,0,"The message is a creative writing/role-play task asking for fictional wrestler move lists, so the author is not the subject — P=0, and the tone is purely task-oriented — E=0."
wc_477c01140d919328ce6d8f69cb46983b,wildchat,,47,0,0,"The author is asking a technical how-to question about Android XML layout, which is a coding/logistics task, not a personal life domain topic — P=0, E=0."
wc_410c631d4c0228624c26decb7475d491,wildchat,,224,0,0,"The author is asking a factual/task-oriented question about APA citation formatting, not describing their own life or situation in a personal domain."
wc_0cc9e2b7c3e2f517fef9742b68ae7aa3,wildchat,,17,0,0,"The author is asking for technical help with a software error, not describing a personal life situation, so P=0; the language is neutral and task-oriented with no emotional words or affective phrasing, so E=0."
wc_6fa7f245a3894f982e2df08bdda095f4,wildchat,,133,0,0,"This is a professional work email about a budget correction process — the author is relaying task status rather than describing their own life situation in a personal domain, and the tone is entirely neutral and administrative with no emotional language."
wc_decfabcea646c773615635d6a6b03bc1,wildchat,,122,0,0,"The message is a creative/game-design task asking for fictional enemy movesets, so the author is not the subject and it is not a personal life-domain topic (P=0), and the tone is entirely task-oriented with no emotional language (E=0)."
wc_1baa3745847ed5282af011f02e09d26e,wildchat,,25,0,0,"The author is posing a speculative/creative hypothetical about a video game storyline, not describing their own life or situation, so P=0; the tone is neutral and task-oriented with no emotional language, so E=0."
wc_3f37a549efb64dd1dbb3bccdb51f3b58,wildchat,,14,0,0,"The author is not the subject — this is a factual/creative question about fictional characters' opinions, making it P=0 by Rule 1, and the tone is neutral with no emotional language."
wc_cbc95e553c985e3fd18daeba76461b46,wildchat,,546,0,0,The message is a creative/task-oriented request asking for AI art prompts about a hypothetical film — the author is not the subject and there is no affective language.
wc_594dbcfa1f0ec132f22608281c2e1ef3,wildchat,,24,0,0,"This is a factual product specification question where the author is not the subject and the topic is a technical/logistical lookup, not a life domain."
wc_55e7ee5686a117fc82459d5a1eb3d573,wildchat,,87,0,0,"This is a creative writing/role-play request with a fictional subject (a wolf named Liz), so the author is not the subject — P=0 by Rule 1 — and the language is purely task-oriented with no emotional expression from the author, so E=0."
wc_49f7e4c341b7a308c65842ec445bca64,wildchat,,249,0,0,"The message is a writing/editing task about an academic paper — the author is not the subject, and the framing is purely task-oriented (Rule 1)."
wc_51da0c14eaf7d93c12ebc2344b0744a2,wildchat,,26,0,0,"The message asks a technical/factual question about storage configurations (ZFS RAID types) and while the author is involved, the topic is a logistics/technical decision rather than a life-domain personal matter, so P=0, and the tone is neutral with no emotional language, so E=0."
wc_8a6142e87f215ac402155b9a1eb30b77,wildchat,,33,0,0,The message is a programming task/assignment request with no personal subject matter and no emotional language.
wc_f50007a6fa37bab29f10526060e92ade,wildchat,,43,0,0,"The message is a role-play/task framing request where the author is assigning a persona and task to the AI, not describing their own life or situation (Rule 1)."
wc_771ec958205bc33bbd574260b27f9e12,wildchat,,141,0,0,"This is a creative writing/role-play task with the author not as the subject — P=0 per Rule 1 — and the tone is task-oriented with no emotional language, so E=0."
wc_dd2788e93cdf25db8d842d621af785e8,wildchat,,442,0,0,"The message is a creative/role-play writing request for a tabletop RPG game design task, with the author not as the subject but as a game designer seeking fictional worldbuilding assistance — P=0 per Rule 1, and the tone is entirely task-oriented with no affective language — E=0."
wc_d9785487048d8fada61f18a058abe1b0,wildchat,,39,0,0,This is a factual/mathematical problem with no personal subject matter and no emotional language.
wc_53bd1d7c6726d47c6f8d1c3513a8da0e,wildchat,,16,0,0,"The message is a technical error log/report, not authored by a person describing their own life situation, so P=0; the tone is purely technical with no emotional language, so E=0."
wc_b30095ba1e1d66322ac46be9bae10d95,wildchat,,20,0,0,"The author is not the subject — this is a factual/fill-in-the-blank question about third parties (John and Mary), not about the author's own life or situation."
wc_f39e11785be8f891407ea77d7b127a4c,wildchat,,23,0,0,The author is asking a factual/task-oriented question about what resources a hypothetical fan project would need — the author is not the subject and the topic is not a personal life domain.
wc_9731ea4de8d7500c33dd562aa7fac8f0,wildchat,,205,0,0,"This is a programming task/assignment about Turtle Graphics in Python — the author is not the subject describing a personal life situation, making it P=0, and the language is entirely instructional with no emotional content, making it E=0."
wc_81faa669983a85a43a3f72b7bcb89f21,wildchat,,12,0,0,"This is a logistical/informational question about rental prices, not about the author's own life situation in a meaningful life-domain sense — it's analogous to a how-to or directions query (Rule 1b)."
wc_9be8da9660dbf2dbc65792748ef69b47,wildchat,,331,0,0,"The message is a technical programming task (Python TCP client code), not authored personal content about the author's own life situation."
wc_00223e84f3dc403bbedfeabbc816cf5d,wildchat,,86,0,0,"This is a creative writing/role-play request where the author is not the subject — they are asking for a script about a fictional character, so P=0 per Rule 1, and the tone is purely task-oriented with no affective language, so E=0."
wc_004b9902f5abc24333157fbf3aa1b697,wildchat,,106,0,0,"The author is not the subject — this is a creative/generative task asking for an invented list about a third party (Kevin Kelly), so P=0 by Rule 1, and the tone is entirely task-oriented with no affective language, so E=0."
wc_89d03221ac4e657b77a99b851f931042,wildchat,,18,0,0,"The message is a technical how-to request about programming, not about the author's personal life or situation, and uses neutral task-oriented language."
wc_43345ceb6cd563ec7f20f1b1b39ed877,wildchat,,65,0,0,"This is a creative writing/role-play request asking the AI to generate a fictional first-person narrative; the author is not the subject (Rule 1), making P=0, and the message itself is task-oriented with no emotional language from the author, making E=0."
wc_3f0c3fe1cd674b54c8d4deb8b7887f1f,wildchat,,14,0,0,"This is a task/creative request where the author is not the subject, so P=0, and the tone is purely task-oriented with no emotional language, so E=0."
wc_3b868e73886edd351ac8970f0acc3080,wildchat,,291,0,0,"This is a creative writing/role-play task asking the AI to generate fictional ideological dogma, so the author is not the subject (Rule 1), making P=0, and the tone is task-oriented with no affective language, making E=0."
wc_e255b7fdf9f1745a19a8d8f3d9bd2e76,wildchat,,17,0,0,"The author is asking a technical how-to question about creating a scaleform UI element, which is a task/logistics framing, not a personal life domain topic, and the language is entirely neutral."
wc_8c49497e7935626a8a07bbac088e651e,wildchat,,97,0,0,"This is a creative/role-play framing task where the author is setting up a hypothetical scenario, not describing their own life or situation — P=0 by Rule 1, and the tone is entirely task-oriented with no emotional language — E=0."
wc_76fc18d3318b74c5f94b5d885ac83598,wildchat,,13,0,0,"The author is describing a technical problem (template inheritance in web development), not a life-domain situation, so P=0; the tone is neutral and there are no emotion words or affective phrasing, so E=0."
wc_6dc8128caab25a25e9a3a67bb5ba7563,wildchat,,11,0,0,"The message is a factual question about a game directed at another party, not about the author's own life or situation, and contains no emotional language."
wc_dc127eec5f7b77851876b02b521482d4,wildchat,,24,0,0,"This is a creative writing/role-play request about fictional characters (Rey and Ahsoka), so the author is not the subject — P=0 per Rule 1, and the tone is task-oriented with no emotional language — E=0."
wc_6dc9139e3d35687829a305bcd3a1b5ea,wildchat,,29,1,1,"The author is the subject describing a personal situation (pursuing a relationship), and uses explicit affective phrasing 'overthinking' and 'feel like' to name an internal mental/emotional state."
wc_84391fea04f8a656db01eee6c86bd5b9,wildchat,,77,0,0,The author is asking for a factual explanation of a code snippet — a technical task with no personal life domain involvement and no emotional language.
wc_000389c3eb8f1a4d2c4aa7867d647393,wildchat,,33,0,0,The message is a technical how-to request about Vue.js code with no personal life domain involvement and no emotional language.
wc_8b0cdc03a182ee8af22c866373f2bdeb,wildchat,,218,0,0,"This is a creative writing task (storybook chapter) with no author self-involvement; the author is not the subject, so P=0, and the tone is purely task-oriented with no emotional language, so E=0."
wc_94c517ddeb0acc980f51dd7e418e1951,wildchat,,66,0,0,"The message is a technical/factual question about a software build error, not about the author's personal life domain, so P=0 and the tone is purely task-oriented with no emotional language, so E=0."
wc_af4d44246bf2ef1d0c6f4533b34b9fb4,wildchat,,38,0,0,"The message is a technical log/error output with no author subject describing a personal situation; it is a factual/technical artifact, so P=0 and E=0."
wc_453527d509dad71016c5ff13e985e967,wildchat,,27,0,0,"The author is requesting help with a technical coding task (writing a Node.js script), not describing a personal life situation, so P=0; the tone is neutral and task-oriented with no emotional language, so E=0."
wc_2c3857a273c5b5632263864f0c6596a7,wildchat,,21,0,0,"This is a task/creative writing request for a report on a technical topic — the author is not the subject, so P=0, and the tone is purely task-oriented with no affective language, so E=0."
wc_125690d8078a409cd266bd017f483fa9,wildchat,,35,0,0,This is a technical coding task with no personal life domain and no emotional language.
wc_c2c5a69af609293d852b38b7744c39ea,wildchat,,32,0,0,"The author is asking factual/creative questions about a fictional character in a novel — not describing their own life or situation — so P=0, and the tone is neutral and task-oriented so E=0."
wc_617fee8bde3899b00bc7e4a111abd865,wildchat,,53,0,0,"The author is posing a logical/spatial puzzle about a gridworld agent — a task-oriented, factual question where the author is not the subject and there is no affective language."
wc_0f45802239f3c14ac8be19e1a803935a,wildchat,,18,0,0,"The author is requesting a creative/analytical task about music, not describing their own life or situation, so P=0; the tone is task-oriented with no emotional language, so E=0."
wc_0597f7a2a2cca299dd5323ddc35ddcbc,wildchat,,21,0,0,"This is a creative writing request about a fictional character, so the author is not the subject (Rule 1), making P=0, and the tone is purely task-oriented with no emotional language, so E=0."
wc_3eb3e0a2cf452c57b7f787a6296ef6b7,wildchat,,28,0,0,"The author is requesting a creative/business task for a third party (a florist website), not describing their own life situation, so P=0; the tone is purely task-oriented with no emotional language, so E=0."
wc_2121cfc8ca238dc33efa9859c994a7ae,wildchat,,19,0,0,"This is a task-oriented request for a content list about a third-party product, with the author not describing their own life or situation."
wc_bf0234f5ae1c390a83a6e4d09b747d9e,wildchat,,14,0,0,"This is a creative/task-oriented request where the author is not the subject, making it P=0, and the language is neutral with no emotional expression, making it E=0."
wc_a3c6f4631da829e92781170c5b733ab4,wildchat,,140,0,0,"The author is asking a factual/technical question about a code implementation, not describing their own life situation, so P=0; the tone is purely technical with no emotional language, so E=0."
wc_332031595e2998f7412cf38135f220f6,wildchat,,389,0,0,"The message is a task (summarize an academic text about ancient deity names and iconography), not a personal disclosure, so P=0; the tone is entirely neutral and task-oriented, so E=0."
wc_c714482a9c26ee307e06df8cd12b7ce9,wildchat,,26,1,0,"The author describes their own situation involving a significant personal/financial problem (forced sale of management rights), but the language is factual and neutral with no explicit emotion words or affective phrasing."
wc_6e85d119a9572e334243718652f37b81,wildchat,,920,0,0,"The message is a task-oriented instruction for setting up an AI image-prompt generator, with no personal life domain involvement and no emotional language."
wc_8e5935f617b51fcd52317f3a0fef8d35,wildchat,,20,0,0,"The author is asking a factual/technical question about backup naming conventions, not describing their own life situation, so P=0; the tone is neutral and task-oriented with no emotional language, so E=0."
wc_0521438d80d88e903e0b4189f87f5da9,wildchat,,64,0,0,"The author is asking a factual/creative question about posting styles on 4chan and requesting an example to replicate — this is a task/informational request, not a personal life-domain topic, so P=0; the word 'honestly' and mild enthusiasm don't constitute explicit emotion words or clear affective phrasing, so E=0."
wc_0fc464b1d16cec9d7e393bed7d10a8a2,wildchat,,41,0,0,"This is a task/creative-writing prompt about third parties, not about the author's own life or feelings, so P=0 and E=0."
wc_c7d4b1de3ad2261078e5d811f3f5b80a,wildchat,,11,0,0,This is a factual/informational request about a clinical trial methodology; the author is not the subject and it involves no personal life domain or emotional language.
wc_614a3eec7badede1a204373ba4ebc64b,wildchat,,14,0,0,"The author is requesting a creative/writing task about an industry topic, not describing their own life or situation, so P=0; the tone is entirely task-oriented with no emotional language, so E=0."
wc_de91ed751b5667a0edc6e4bbbde7efc7,wildchat,,559,0,0,"The author is asking a technical/factual question about code functionality, not describing their own life situation — P=0 by Rule 1, and the tone is entirely task-oriented with no emotional language — E=0."
wc_21d2c87b2cd613f65bf79b3fd0212c69,wildchat,,20,0,0,"This is a task-oriented request about improving a prompt, not a personal life situation, and contains no emotional language."
wc_6fdcfab095f9f4710a4c297d7cc50d2c,wildchat,,105,0,0,The author is asking for an analysis of someone else's text — a task-oriented/evaluative request where the author is not the subject of the message (Rule 1).
wc_5de7e57518e6b179fec640ca65f83f3e,wildchat,,473,0,0,"This is a creative writing/role-play task asking for a fan theory post about a fictional TV series — the author is not the subject, so P=0 (Rule 1), and the tone is entirely task-oriented with no emotional language, so E=0."
wc_9e62a84da7ab78a34f88942535c74cdb,wildchat,,23,0,0,"The author is requesting a creative writing task about a news topic, not describing their own life or situation, so P=0; the tone is task-oriented with no emotional language, so E=0."
wc_8c71ce34ad4382441ab4a2c50f6a631d,wildchat,,120,0,0,"The author is requesting a coding task (automating account registration), not describing their own life situation — P=0 by Rule 1, and the tone is purely task-oriented with no emotional language — E=0."
wc_801a772fc82dd1b29f116c635186e60a,wildchat,,15,0,0,"The author is requesting a task (project outline for a software reimplementation), not describing their own life or situation, so P=0 and the tone is neutral and task-oriented, so E=0."
wc_b04b4676b1cb61a29ef1f7d8db9fc03c,wildchat,,263,0,0,"This is a creative writing/screenwriting task with a third-party fictional scenario (Rule 1), so P=0 regardless of intimate topic matter, and the tone is task-oriented with no affective language from the author, so E=0."
wc_7f89df2f7c83bdc546f321ee4c32ad03,wildchat,,10,0,0,"The author is asking a factual question about world population, not describing their own life or situation, so P=0; the tone is neutral and factual with no emotional language, so E=0."
wc_19c68b6d876b995cc032ca1e853065cd,wildchat,,172,0,0,The message is a task-oriented summarization request about a scholarly text; the author is not the subject and the tone is neutral and analytical.
wc_31643cb0619b6adce63ac11c3d57c65c,wildchat,,175,0,0,"The message is a task (summarization of academic text about a deity name) with the author not as the subject — P=0, E=0 per Rule 1."
wc_b57d785d5f19842b77cc933de875e1a5,wildchat,,12,0,0,"This is a creative/informational writing task about an external subject (a museum), not a personal life situation, so P=0; the tone is neutral and task-oriented with no emotional language, so E=0."
wc_0cc742b96b4a061c1b7800db2af53389,wildchat,,169,0,0,"The message is a travel itinerary writing/formatting task where the author is not the subject — it is a logistical/creative task, making it P=0, and the tone is entirely neutral with no emotional language, making it E=0."
wc_50dce09db22177a836b0c78b1295c51b,wildchat,,13,0,0,"The author is asking a factual/technical question about ball bounce detection in tennis, not describing their own life situation, so P=0 and the tone is neutral with no affective language, so E=0."
wc_195ed76f86bbed31b4141ab9732700a6,wildchat,,53,0,0,"The message is asking about fictional characters from a novel, making it a factual/creative question about a third party — Rule 1 applies, P=0, and the tone is purely inquisitive with no emotional language, E=0."
wc_490dc09c15036eed259cd1715bb0ef24,wildchat,,20,0,0,"The message is a translation task — the author is not the subject and the framing is logistical/task-oriented (Rule 1), so P=0; the tone is neutral with no explicit emotion words or affective phrasing, so E=0."
wc_88a56b03781113767864f1fa4a1dedfb,wildchat,,41,0,0,"The message is a coding/technical task asking for performance optimization of a Python script — the author is not describing a personal life situation, making it P=0, and the language is purely task-oriented with no emotional expression, making it E=0."
wc_e75f02f628ae95e65d5d4b9f46f324e8,wildchat,,206,0,0,"The author is not the subject in a life-domain sense — this is a task/instructional request for a technical course on database design, making it P=0, and the tone is entirely task-oriented with no emotional language, making it E=0."
wc_75402876c28958aac9f1aad3870838bf,wildchat,,451,0,0,"The author is asking a technical/factual question about code for ball bounce detection — a task-oriented request, not about their own life or a personal domain, so P=0 and E=0."
wc_0940344ec05750a9dc6717b7f356d83f,wildchat,,23,0,0,This is a creative/generative task with no personal subject matter and no emotional language — the author is not the subject and the framing is purely task-oriented.
wc_a2404da938a46aea09e0813d1bb94f9a,wildchat,,10,0,0,"The message is a general factual/how-to question about defeating procrastination for a third party ('a suspicious and hidden person'), so the author is not the subject (P=0), and there is no affective language (E=0)."
wc_4656d850025126a3f6330f7495600bee,wildchat,,167,0,0,"The message is a discussion/debate about video game opinions (Monster Hunter series), not about the author's own life situation in a life domain, and the language is argumentative/analytical without explicit emotion words or affective phrasing."
wc_4c2a3e1e96c207b96510b23884bcabc1,wildchat,,26,0,0,The message is a request for external academic content (critical analysis of a novel) with no personal subject matter or emotional language.
wc_6c627b95bc73ead76a3bce58cad79c71,wildchat,,20,0,0,"The author is requesting a technical task (writing a script), not describing a personal life situation, so P=0; the tone is neutral with no emotional language, so E=0."
wc_56fa03fa3c49c37a03812a7ba3dbccfe,wildchat,,32,0,0,"The author is asking a factual/educational physics question, not describing their own life situation, so P=0; the tone is neutral and task-oriented with no emotional language, so E=0."
wc_ac229eb8731a451b8b30e4d711dd2d02,wildchat,,19,0,0,This is a task request (abbreviate a title) with no personal subject matter and no emotional language.
wc_6d8edbda791cfbc6af9f27ccbb19c0e9,wildchat,,58,0,0,"The author is requesting a creative/translation task (not describing their own life or situation), so P=0; the tone is neutral and task-oriented with no emotional language, so E=0."
wc_45c1a131cef7cb14635f7fb065ac23cc,wildchat,,185,0,0,"This is a creative writing/role-play request about fictional characters, not the author describing their own life or situation, so P=0 (Rule 1), and the tone is task-oriented with no affective language, so E=0."
wc_c51d3971f3d9ce8571c79ad673ac9951,wildchat,,821,0,0,"The message is a task-oriented request to upgrade HTML pages for a coding/web-development assignment — the author is not the subject describing their own life situation, making it P=0, and the language is entirely neutral and instructional, making it E=0."
wc_087bf1755ff48c840732500cc8f7f67e,wildchat,,24,0,0,"This is a creative/speculative 'what if' question about a fictional character (Alyx Vance from Half-Life), not about the author's own life — P=0 by Rule 1, and the tone is purely analytical with no affective language — E=0."
wc_5c7ffde1699e6dafd435b7dfd7d211a4,wildchat,,34,0,0,"This is a factual/academic physics question where the author is not the subject — it asks for a derivation of quantum mechanics results, not anything about the author's life or situation."
wc_4d2f4c69c9f695154936e731fb07d732,wildchat,,12,0,0,"The author is asking a general writing/skill question rather than describing their own life situation in a personal domain, making it a task-oriented request (P=0), with no emotional language present (E=0)."
wc_3c092068409706b8b544a00c7fa47f2d,wildchat,,491,0,0,"The author is requesting a technical coding task (extending a GPT-4 agent script), not describing their own life situation, so P=0 and the tone is entirely task-oriented with no emotional language, so E=0."
wc_1af3ea99bbeeaa363cbcf6d4571ef109,wildchat,,49,0,0,"This is a word-arrangement task (creative/linguistic puzzle), not a personal disclosure or emotionally expressive message — P=0 by Rule 1, E=0 by Rule 3."
wc_380a55002967d1b7f97c53256dde96c6,wildchat,,113,0,0,"This is a creative writing/role-play request set in a video game universe with fictional characters as subjects, so P=0 per Rule 1, and the tone is task-oriented with no affective language from the author, so E=0."
wc_ff4e23ddad41eb01a3eaa154919bfaa6,wildchat,,12,0,0,"The message is a task-oriented, logistical how-to question about social media strategy, not a personal life-domain topic, so P=0 and E=0."
wc_c91348118919b21ad8230c82eb899b5f,wildchat,,450,0,0,The message is a technical programming task asking to fix code to pass a test case — the author is not the subject in any personal life domain.
wc_bfbee2d4471efa0a0e007d93a60b7451,wildchat,,33,0,0,"The author is requesting a technical coding task, not describing their own life situation, so P=0; the tone is purely task-oriented with no emotional language, so E=0."
wc_e59754a6081c9be7b52fab444627cdec,wildchat,,20,0,0,This is a mathematical problem-solving task; the author is not the subject and it involves no life domain or affective language.
wc_ccc46ac5712a1b5940140428d113c582,wildchat,,600,0,0,"The message is a translation and creative-writing task involving a third-party fictional narrative (Ratchet and Clank), so the author is not the subject — P=0, and the tone is task-oriented with no emotional language — E=0."
wc_fe5492389192c0ca58fcbf688b82086b,wildchat,,27,0,0,"This is a creative writing request about fictional characters, so the author is not the subject (Rule 1), making P=0, and the tone is task-oriented with no emotional language, making E=0."
wc_dafc4fffdb6beb69336629a157a35fc2,wildchat,,71,0,0,"This is a factual/academic question about apatite chemistry; the author is not describing their own life or situation, so P=0 and E=0."
wc_71cc9ec72c86bb51319be15a8de3c5e3,wildchat,,20,0,0,"The message is a factual/academic question about statistical models, not about the author's own life or situation, so P=0; the tone is neutral and task-oriented with no emotional language, so E=0."
wc_f6c26534c93702eebaaa726add80ebd6,wildchat,,10,0,0,"This is a technical how-to question about a system task, not about the author's life domain, so P=0; the tone is neutral and task-oriented, so E=0."
wc_e0cae2a7c8fd93a7a994bc21af16987f,wildchat,,14,0,0,"This is a task/information request where the author is not the subject, asking for general home decor tips — P=0 per Rule 1, and the tone is purely task-oriented with no emotional language — E=0."
wc_da1581d1976ca448be254fac67dd7f32,wildchat,,106,0,0,The message is a task-oriented summarization request about a scholarly text with no self-referential personal content and no emotional language.
wc_64fb4637a93c7281cecdbd6a05ac4e11,wildchat,,15,0,0,"The author is requesting a creative/factual writing task about a book, not describing their own life or situation, so P=0; the tone is purely task-oriented with no emotional language, so E=0."
wc_f7698e568f9861cd324ff38f128bec9d,wildchat,,26,0,0,"This is a creative writing task about a fictional game scenario, so the author is not the subject (Rule 1), making P=0, and the tone is purely task-oriented with no emotional language, making E=0."
wc_fe2a6aaca997af693f4891bf2b65a00b,wildchat,,28,0,0,"This is a creative writing/task request where the author is not the subject, so P=0, and the tone is purely task-oriented with no emotional language, so E=0."
wc_6f389600ba8bf9d7928bddaeca38d4d4,wildchat,,194,0,0,"The author is giving a task/creative-writing instruction to an AI system (a costume generator prompt), not describing their own life or situation, so P=0; the tone is entirely task-oriented with no emotional language, so E=0."
wc_2f4369bc0ae5ff4bc5b15bf4e4200ee3,wildchat,,46,0,0,"This is a creative/academic writing task about a literary work, with the author not as the subject — P=0 by Rule 1; the language is task-oriented with no emotional expression — E=0."
wc_26d0bda6baec163db6568572b315173f,wildchat,,23,0,0,"The message is a technical log/command output snippet with no author-as-subject framing and no emotional language — it is a task-oriented technical question (P=0, E=0)."
wc_a00c18d3da03b1b44344f888f10db575,wildchat,,21,0,0,"The author is asking a factual/educational question about NPD and how it affects others, not describing their own situation or life domain."
wc_e44dbd2d70996f7c5e78641c04fa9ef3,wildchat,,175,0,0,"The message is a task (summarization request) about a scholarly text on ancient Egyptian deity names — the author is not the subject, making it P=0, and the tone is entirely neutral with no emotional language, making it E=0."
wc_3bc6eb1a75e2735214b5b0d172fd1881,wildchat,,76,0,0,"The author is asking for help with a business task (enhancing a business plan), not describing their own personal life situation, so P=0; the tone is entirely task-oriented with no emotional language, so E=0."
wc_5d8acda5e64eccbe3ba8d65babc75a2e,wildchat,,63,0,0,"The message is a task/creative request asking the author to generate HTML content — the author is not the subject, so P=0, and the tone is entirely neutral and task-oriented, so E=0."
wc_1a39706eed24f0e17da99e3e29ebad8e,wildchat,,72,0,0,"The message is a third-party discussion/debate about video game character choices and gender identity implications, with the author not describing their own life situation, making it P=0 and E=0."
wc_e3746197cbd3b8f69c89e4e5847b2b7f,wildchat,,385,0,0,"The message is a creative writing / worldbuilding task asking for fictional film locations — the author is not the subject, so P=0, and the tone is entirely task-oriented with no emotional language, so E=0."
wc_ea27249e64845a740e80dba5020e57f3,wildchat,,467,0,0,"The author is presenting a technical coding task (debugging a Python/Streamlit app with an API error) and is not the subject in a personal life-domain sense — this is a programming/task-oriented request, so P=0 and the tone is entirely neutral and technical, so E=0."
wc_60faf2677249f7c7904ab4e5a7756c2a,wildchat,,17,0,0,This is a creative writing/task request asking the model to compose a message — the author is not the subject describing their own life situation (Rule 1).
wc_0d935d6b37f304c9d1e9bafe3578659d,wildchat,,26,0,0,"This is a technical/factual question about AWS CDK library API, not about the author's personal life domain."
wc_642cfdfe2ff90e87e85e27901a9cff86,wildchat,,25,0,0,"This is a creative writing task with the author as director, not subject, so P=0 (Rule 1), and the tone is purely task-oriented with no affective language, so E=0."
wc_7fcb4b2b838c6097e164cd042c2014d0,wildchat,,40,0,0,"This is a creative writing/role-play request asking for a fictional character background, so the author is not the subject — P=0 per Rule 1 — and there is no emotional language from the author — E=0."
wc_a2f67dd84a217ed559129d28a52b7a14,wildchat,,240,0,0,"The author is asking a technical debugging question about code, not describing their own life situation in a personal life domain — this is a task/technical framing (P=0), with neutral, problem-focused language (E=0)."
wc_c3e09b0a5fda4d0bd7977ae47f0a3030,wildchat,,54,0,0,"This is a content-generation task for a travel guide, not a personal life situation — the author is not the subject in any life-domain sense (Rule 1b/Rule 1)."
wc_b98d31194947933bc1b80583dbb3f0f0,wildchat,,15,0,0,"This is a creative writing/role-play task involving fictional characters, so the author is not the subject (Rule 1), making P=0, and the tone is task-oriented with no emotional language, making E=0."
wc_b7bca5db5a63e278d0a6fbec126cfc5b,wildchat,,16,0,0,"This is a factual/speculative question about a YouTube video and a game series — the author is not the subject, making it P=0, and the tone is neutral with no emotional language, making it E=0."
wc_b341db6813f77be4072e1ae700810d6e,wildchat,,73,0,0,"This is a task/creative-writing request for a school assignment with no personal subject matter and neutral, directive tone (Rule 1)."
wc_c4703a780f9be3f54bbeaf96415d4b27,wildchat,,637,0,0,"This is a task-oriented prompt injection/jailbreak attempt directed at an AI system, not a personal message where the author describes their own life situation or expresses emotional states."
wc_cf14bd18dc93f981c5fee8bb60678c6e,wildchat,,31,0,0,"The author is asking a factual/technical question about a control systems model, not describing their own life situation, so P=0; the tone is purely task-oriented with no emotional language, so E=0."
wc_6fea6d9f59cd27d6e8e91471f1365679,wildchat,,150,0,0,"This is a creative/role-play writing request about a fictional third party (Patricia Bertier), so the author is not the subject — P=0 per Rule 1 — and the tone is task-oriented with no affective language — E=0."
wc_213b66f7e4aef31ff62ef2f048cfa801,wildchat,,237,0,0,"The message is a creative/descriptive task about a logo animation sequence, not about the author's own life or situation, so P=0 and the tone is entirely neutral and task-oriented, so E=0."
wc_175fc14586f3ce18a4ec466d136d1a94,wildchat,,33,0,0,"The message is a factual/logical puzzle about third parties (John and Keith), not about the author's own life or situation, so P=0; the tone is neutral and task-oriented, so E=0."
wc_db391fcdb396b564add22d7c7e36ceef,wildchat,,86,0,0,The message is a task-oriented request to create a list/description of music tracks — the author is not the subject and there is no personal life domain or affective language involved.
wc_13b16b26d813123edf9130c3151f3aad,wildchat,,15,0,0,"The message is a logistics/task request for a resource recommendation (website for images), not a personal life-domain topic, and the tone is neutral with no emotional language."
wc_c81bef622b64834eb83f9b9692909332,wildchat,,201,0,0,"The message is a creative writing request about a fictional character (a wolf named Liz), so the author is not the subject — P=0 (Rule 1); the tone is task-oriented with no explicit emotion words from the author, so E=0."
wc_ad86665f4ebe61115fec58e674ad78f4,wildchat,,354,0,0,"This is a creative writing / role-play request where the author is not the subject — they are commissioning a fantasy story — so P=0 by Rule 1, and the tone is purely task-oriented with no affective language about the author's own state, so E=0."
wc_96c43513527328d5e2d5a54b82b29030,wildchat,,52,0,0,"This is a task/creative writing request (academic paper) where the author is not the subject — Rule 1 applies, making it P=0 and E=0."
wc_c3bb1259283dd9605c6d7c54a7600b87,wildchat,,27,0,0,"The author is requesting a creative/technical writing task (a Stable Diffusion prompt), not describing their own life or situation, so P=0; the tone is purely task-oriented with no emotional language, so E=0."
wc_d9836630f3d14e6ce41eac5236b38797,wildchat,,20,0,0,"This is a factual question about a technical topic with the author not as the subject, so P=0 and E=0."
wc_678161ffa3a6afb16f259528fb0385ce,wildchat,,27,0,0,"The author is requesting a creative/role-play task (fictional sports commentary) and is not the subject, so P=0 (Rule 1), and there is no emotional language, so E=0."
wc_be76d2ac0427e9cc1c8e5300afe37f35,wildchat,,893,0,0,"The message is a factual/educational passage about primate canine teeth followed by a comprehension question — the author is not the subject, making this P=0, and the tone is entirely neutral and analytical, making this E=0."
wc_34702ae88ab3d8f150cd2d6567116738,wildchat,,567,0,0,"This is a task-oriented jailbreak prompt attempting to manipulate an AI system, not a personal message about the author's life or emotional state."
wc_4312700badce0f401ba313cf30e007db,wildchat,,33,0,0,"This is a creative writing/task request where the author is not the subject, so P=0, and the tone is entirely neutral and task-oriented, so E=0."
wc_40302204920beac6a4c7602c7518ce25,wildchat,,26,0,0,"The author is asking a factual/trivia question about wrestling history, not describing their own life or situation, so P=0; the tone is purely curious and neutral, so E=0."
wc_35c43ee82f2407b94350d23c0f58be1a,wildchat,,71,0,0,"This is a creative writing/role-play request where the author is not the subject, so P=0 per Rule 1, and the tone is task-oriented with no affective language, so E=0."
wc_43c52d602ba28713f4b19cc6aeb261c3,wildchat,,234,0,0,"This is a creative writing/journalistic task (writing a follow-up news report) about a fictional third-party scenario, so the author is not the subject (P=0) and the language is task-oriented with no affective phrasing (E=0)."
wc_46cd3141f378c3b0d8d4585f8e6b29f7,wildchat,,129,0,0,"This is a creative writing/role-play request with a fictional scenario; the author is not the subject, so P=0 by Rule 1, and the tone is task-oriented with no affective language from the author, so E=0."
wc_0dab5cf76503b5dbd5f33fa5f960539b,wildchat,,98,0,0,This is a technical error log/stack trace — a factual debugging message with no personal life domain and no emotional language.
wc_0a62f48c91ea662a15a5d0cf8812d6a9,wildchat,,52,0,0,"This is a content-generation task for a travel guide, not a personal situation in a life domain — the author is not describing their own life or circumstances (Rule 1)."
wc_255e1b5120dc1d1d31eb872dbe1d44ad,wildchat,,465,0,0,"The message is a creative/fictional writing task about a Fallout-style vault experiment — the author is not the subject, making it P=0, and the tone is entirely neutral and descriptive with no affective language, making it E=0."
wc_8b65fd164a5c64c088181a2623a7bba2,wildchat,,51,0,0,"The message is a technical/coding question about debugging Python code, not a personal life domain topic, so P=0 and E=0."
wc_4035a744a0ff62f0360d5b3731dbed84,wildchat,,104,0,0,"This is a creative writing/role-play request about fictional video game characters, not the author's own life or situation, so P=0 per Rule 1; the tone is task-oriented with no explicit emotion words referring to the author's own state, so E=0."
wc_f5884b0303f50822a7ebfb21e643b94f,wildchat,,30,0,0,This is a programming task/homework question where the author is not the subject and the topic is not a life domain.
wc_eac6f1db85795abf8fcc5491e40e1893,wildchat,,450,0,0,The message is a creative/writing task asking the AI to emulate a writing style about C64 emulators — the author is not the subject and there is no personal life domain or emotional language involved (Rule 1).
wc_966ef38a390f74405b5b7a8848691628,wildchat,,330,0,0,"This is a creative/role-play writing task about a fictional third party (Patricia Bertier), so the author is not the subject — P=0 per Rule 1 — and the language is task-oriented with no affective phrasing — E=0."
wc_45908608d73f11bddc0deb2dab397185,wildchat,,15,0,0,"This is a writing/task prompt asking for a formal letter composition — the author is not the subject describing their own life situation, so P=0; the tone is neutral and task-oriented, so E=0."
wc_35d2ccb1e22f5ac5f7047b8712ade538,wildchat,,380,0,0,"The author is asking for technical help debugging code (a task/how-to framing), not describing a personal life situation, so P=0; the language is purely technical and task-oriented with no explicit emotion words or affective phrasing, so E=0."
wc_b2d5eaa69513a7fb6d9a7effe3d23c75,wildchat,,10,0,0,"This is a creative writing request about a third party (a fictional car thief), so P=0 per Rule 1, and the tone is task-oriented with no emotional language, so E=0."
wc_110eaa98ba5736971421ce056aeefe2e,wildchat,,77,0,0,"The author is requesting a technical coding task (Python code for a CNN), not describing their own life situation, so P=0; the tone is entirely task-oriented with no emotional language, so E=0."
wc_5d9514bd137ae4abe27ec5094aa5b1c3,wildchat,,327,0,0,The message is a technical/instructional document about configuring Windows Server domain controllers — the author is not the subject and the topic is not a personal life domain.
wc_5673d060affb7447d6977b2ff59eb12c,wildchat,,27,0,0,"This is a creative writing/task request about a third-party school, not the author's own life or situation, so P=0; the tone is purely task-oriented with no emotional language, so E=0."
wc_79b4a2363f710eddcfd8d4dca2c8b714,wildchat,,108,0,0,"This is a creative role-play/game request where the author is setting up a fictional scenario, not describing their own life situation — Rule 1 applies (P=0), and the tone is purely task-oriented with no emotional language (E=0)."
wc_6e65580895b3fd70d04fafab8736c3c1,wildchat,,618,0,0,"The message is a technical coding task asking to modify Java code — the author is not describing a personal life situation, making P=0, and the tone is entirely task-oriented with no emotional language, making E=0."
wc_7b178c11ec60ec19c007d726c109f5d6,wildchat,,33,0,0,"The author is requesting factual/scientific information about an ingredient, not describing their own life or situation, so P=0; the tone is purely task-oriented with no emotional language, so E=0."
wc_f2525b2ad89e25a49db8bd638c27bcc6,wildchat,,585,0,0,"The message is a technical coding task (R/web scraping), with the author seeking help on a programming problem — not describing a personal life situation — so P=0, and the tone is entirely task-oriented with no emotional language, so E=0."
wc_f9112c1f0baeec633f6cdf06dc722f15,wildchat,,238,0,0,"The author is asking for help modifying a technical script (a coding task), not describing their own life situation, so P=0; the tone is neutral and task-oriented with no emotional language, so E=0."
wc_4f8d37c0b4c6ce06072f02b56c2a7de6,wildchat,,21,0,0,"The message is a technical how-to question about creating a git alias — the author is not describing a personal life situation, making it P=0, and the tone is purely task-oriented with no affective language, making it E=0."
wc_8b92c5785ab5f9041a46e02a72a68def,wildchat,,121,0,0,"The author is requesting a translation task (logistical/creative work), not describing their own life or situation, so P=0; the tone is purely task-oriented with no emotional language, so E=0."
wc_b72db2be261513a1e765b8c2636dff15,wildchat,,272,0,0,"This is a creative writing / role-play request where the author is not the subject — they are asking for a novel chapter about a fictional character (Caroline Hertig), making it P=0 per Rule 1, and the tone is task-oriented with no affective language, making it E=0."
wc_2b07cfbb21670bdfe732231eb4c26cd6,wildchat,,44,0,0,"The author is requesting factual information about third parties (wrestlers and matches), not describing their own life or situation, so P=0; the tone is purely informational with no affective language, so E=0."
wc_5f93af7d3e920e4c792b7f60dd76c2c0,wildchat,,50,0,0,"This is a content-creation task for a travel guide, not a personal life domain situation — the author is not the subject of the message (Rule 1)."
wc_6bf713db73699339ad0c53968edfcf2b,wildchat,,68,0,0,"The message is a technical troubleshooting question about a Docker configuration error, not about the author's personal life domain, so P=0 and the tone is purely task-oriented with no affective language, so E=0."
wc_75dc5e1c06ea0c639ac4d4fa27ce09d5,wildchat,,62,0,0,"This is a creative/role-play writing task about third parties (Caroline Hertig and Patricia Bertier), not the author's own situation, so P=0 per Rule 1; the tone is task-oriented with no emotional language, so E=0."
wc_cde98bbe437cbfd465856db5015c16a8,wildchat,,22,0,0,"This is a creative role-play request where the author is not the subject describing their own life situation, so P=0, and the tone is playful/task-oriented with no explicit emotion words, so E=0."
wc_19c01d51506ac6764db9643fb01262ff,wildchat,,310,0,0,"This is a creative writing/screenwriting task featuring fictional third-party characters, so P=0 per Rule 1 (author is not the subject), and the tone is task-oriented with no emotional language from the author, so E=0."
wc_8d6687a743fd86dd188b597c3b14ca15,wildchat,,18,0,0,"This is a task/creative writing request where the author is not the subject — they are asking for a text to be written about organizational values, making it P=0 and E=0."
wc_ca310423e271136442f94d3da815c714,wildchat,,27,0,0,"The author is performing a task (drafting a business email) rather than describing their own life situation, so P=0; the tone is neutral and task-oriented with no emotional language, so E=0."
wc_42145efae9cfdc492e870cd529a52e50,wildchat,,384,0,0,"The message is a technical code snippet (a machine learning script), not authored as a personal statement about the author's life or situation — P=0, E=0."
wc_4eb859465fc9a74938eff5c1590d4255,wildchat,,39,0,0,"The author is asking a factual/interpretive question about the meaning of a word in a specific context, not describing their own life situation, so P=0; the tone is neutral and task-oriented with no explicit emotion words referring to the author's own state, so E=0."
wc_a1669d35bd0cf5f9faba5d29ce9ef10f,wildchat,,42,0,0,"This is a creative writing/fiction task where the author is not the subject, making it P=0 by Rule 1, and the tone is purely task-oriented with no emotional language, making it E=0."
wc_0fcdee5403fbc2ec46e98805046c36c2,wildchat,,172,0,0,The message is a creative/technical task asking for a remake of a logo animation description — the author is not the subject and the topic is not a life domain.
wc_3b6c3e1e315118299d1a60ebb25ae6d9,wildchat,,77,0,0,"This is a creative writing/character design task for a fictional video game character — the author is not the subject, so P=0 by Rule 1, and the tone is purely task-oriented with no emotional language, so E=0."
wc_dbaf632709db55f7170e2b3a1149eab8,wildchat,,272,0,0,"This is a creative writing/role-play request where the author is not the subject — they are directing the AI to write fiction about third-party characters (Reza, Caroline, Luciana), so P=0 per Rule 1, and the tone is task-oriented with no emotional language, so E=0."
wc_9e7bd716e5713bd16a46f0843457d322,wildchat,,25,0,0,"This is a task/puzzle request about rearranging words, not about the author's own life or situation, and contains no emotional language."
wc_cc0a38d4028481623e03662d9078e2f0,wildchat,,73,0,0,"The message is creative/humorous writing (a parody poem about video game weapon classes), not the author describing their own life situation, so P=0 and the tone is playful rather than affectively expressive, so E=0."
wc_f412f7cf9def2af6fbb4ce40361f4e20,wildchat,,19,0,0,"This is a creative writing/role-play task about fictional characters, so the author is not the subject — P=0 by Rule 1, and the tone is task-oriented with no emotional language — E=0."
wc_73d79116470eafaf469bcfce5aedd927,wildchat,,193,0,0,"The author is asking for an academic rewrite of a paragraph — this is a text-transformation task (Rule 1), so P=0, and the tone is task-oriented with no explicit emotion words, so E=0."
wc_8b43f01a24735715d1da66ab30a3f7e9,wildchat,,149,0,0,The author is asking for help drafting a professional reply to a client/parent — a task-oriented writing request where the author is not the subject of the message (Rule 1).
wc_9ca45d8db0e56d3f3201d335866c0f6b,wildchat,,64,0,0,"This is a creative writing/game design task where the author is not the subject — it's a request to generate fictional content, so P=0 per Rule 1, and the tone is entirely task-oriented with no emotional language, so E=0."
wc_cf4fad46bf214b591587cf4c601ade1a,wildchat,,755,0,0,"This is a creative role-playing/game scenario request where the author is not the subject — they are asking for fictional content generation for a tabletop RPG, making it P=0 and E=0 by Rule 1 framing."
wc_9dce29f01052aff3038801fe7393a912,wildchat,,296,0,0,"This is a system/task prompt defining AI agent constraints and commands — the author is not the subject describing a personal life situation, making it P=0 and E=0."
wc_944bc5a961410ac888c61f06e5a4bd37,wildchat,,159,0,0,"This is a creative writing/role-play task asking the AI to act as a screenwriter and produce a fictional film scene — the author is not the subject, so P=0 per Rule 1, and the tone is task-oriented with no emotional language from the author, so E=0."
wc_fc18d97cc3ca7d92b5faa5656851af40,wildchat,,49,0,0,"The author is asking a creative/task-oriented question about a hypothetical book's structure, not describing their own life situation, so P=0; the tone is neutral and analytical with no emotional language, so E=0."
wc_dc00b6d0a4f910e6f599c96d27c5d94c,wildchat,,16,0,0,"The author is requesting a factual/creative recommendation about books (a third-party topic), not describing their own life or situation, so P=0; the tone is neutral and task-oriented with no emotional language, so E=0."
wc_772c99ea2435ea1b8fe47e3fc7b74b1c,wildchat,,15,0,0,"The author is asking a factual/analytical question about a novel's characters, not describing their own life or situation, so P=0; the tone is neutral and task-oriented with no emotional language, so E=0."
wc_6df2d13ff60aaf7081bc5e98820af6df,wildchat,,19,0,0,The message is a factual question about computers with no personal life domain and no emotional language.
wc_b9610e754b12db48bacb7b788d93bb2e,wildchat,,85,0,0,"This is creative/fictional role-play writing about third-party characters, not the author describing their own life or situation, so P=0 (Rule 1), and the tone is purely narrative with no emotional language from the author, so E=0."
wc_4b7d3680c14287682d03ffd220a30587,wildchat,,16,0,0,"The author is requesting factual/trivia information about fictional characters, not describing their own life or situation, so P=0; the tone is neutral and task-oriented with no emotional language, so E=0."
wc_5d7558df2213fb07e33fbd7f3750f2da,wildchat,,85,0,0,The author is requesting a creative/writing task (drafting a motivation letter) rather than describing their own life situation in a personal or emotionally expressive way — Rule 1 applies.
wc_269ff93d69b055d934b69c5318147d9a,wildchat,,204,0,0,"This is a role-play/creative writing prompt instructing an AI to adopt a persona — the author is not the subject describing their own life situation, so P=0, and the tone is directive rather than affectively expressive, so E=0."
wc_f10149330f8598fd46b4025d22cec4c0,wildchat,,236,0,0,"The message is a technical coding task (write a JSX component for an ECharts chart), not about the author's personal life or situation, so P=0 and E=0."
wc_d6a25153b6001207fda40354c2e83c6b,wildchat,,13,0,0,This is a creative/task-oriented request with no personal life domain involvement and no emotional language.
wc_2397b3c73404c48f31569072d506735e,wildchat,,69,0,0,"This is a creative writing/task-oriented request asking for character creation, not about the author's own life or situation (Rule 1)."
wc_087d5cae53b715a2ae7f349ee428eabd,wildchat,,192,0,0,"The author is performing a business/professional task (rewriting a formal letter), not describing their own life situation, so P=0; the tone is neutral and task-oriented with no affective language, so E=0."
wc_0a93f93cc80b0f41f7f36d7a11e60f4d,wildchat,,41,0,0,"The author is expressing an opinion about parenting and life progression as a general societal claim, not describing their own situation or life domain, so P=0; the tone is assertive but contains no explicit emotion words or affective phrasing, so E=0."
wc_9e3a1638c7b0c9a1e289ffd96c685960,wildchat,,89,0,0,"The author is requesting a technical coding task (improving accessibility of HTML/JS/CSS code) and is not the subject describing a personal life situation, so P=0 and E=0."
wc_f54419bd96bbe84bb4f6bd1437d6215c,wildchat,,12,0,0,"This is a creative writing request where the author is not the subject, making it P=0 by Rule 1, and the tone is task-oriented with no emotional language, making it E=0."
wc_3acb395f9053a1ef314eb9fe54d75bfb,wildchat,,291,0,0,The message is a coding task/challenge with no personal subject matter and no emotional language — purely technical and task-oriented.
wc_e3c139d77898949d97152e2a37129522,wildchat,,841,0,0,"The author is asking a technical debugging question about code (drone control software), which is a task-oriented request, not a personal life domain topic — P=0; the language is neutral and problem-focused with no explicit emotion words or affective phrasing — E=0."
wc_615265d044adbdb4c587084cc52fa439,wildchat,,58,0,0,"This is a creative writing request with an anthropomorphic character as the subject, not the author — P=0 by Rule 1 (framing over topic), and the tone is neutral/task-oriented so E=0."
wc_341ae655ae3706f42d658fc578b470c9,wildchat,,471,0,0,"The message is a task-oriented system prompt giving instructions to an AI agent, not the author describing their own life situation."
wc_b3235835b35404d37f6a259100977d4a,wildchat,,19,0,0,"The message is a technical how-to question about creating an AI, with the author not describing their own life or situation in a personal life domain."
wc_90d7f9e1d7f4d5dd03ab28c633b9e473,wildchat,,299,0,0,This is a creative/technical task asking the AI to generate an image prompt using a template — the author is not the subject and there is no personal life domain or emotional language involved.
wc_224529355d6c06faad2bacac18e71c3c,wildchat,,290,0,0,"The message is a technical/coding task request about modifying a Python script, not about the author's personal life or emotional state."
wc_3ee5cb196cbb4c3d311908f46c84293e,wildchat,,172,0,0,"This is a creative writing / role-play request about a fictional third party (Britt Lindqvist), not the author describing their own life, so P=0 per Rule 1; the tone is task-oriented with no emotional language from the author, so E=0."
wc_bbe22b2a0396fcb53b804895e27bae4d,wildchat,,18,0,0,"The message is a factual/academic question about motivation theories, not about the author's own life or situation, so P=0 and the tone is purely task-oriented, so E=0."
wc_f1ecdebad98070e14a31c92363c48b0a,wildchat,,30,0,0,"This is a task/creative-writing request about a literary topic; the author is not the subject, so P=0, and the tone is entirely task-oriented with no emotional language, so E=0."
wc_fa6cfb9b8e93620924bb3b19b28158b0,wildchat,,21,0,0,"This is a creative writing request where the author is not the subject, so P=0 (Rule 1), and the tone is purely task-oriented with no emotional language, so E=0."
wc_9bbadfad4c95a004b10dd63b29b8596a,wildchat,,80,0,0,This is a creative writing/role-play request where the author is not the subject — they are directing a fictional anime scene about a third-party character (Rule 1).
wc_94aaedd82930ae99317025314be3beaf,wildchat,,12,0,0,The message is a factual/research request about the computer and laptop industry — the author is not the subject and it is not a personal life domain topic.
wc_ba732f2e5fbdb165b088502081f22c67,wildchat,,113,0,0,"This is a creative writing/role-play request about fictional video game characters, not about the author's own life or situation (Rule 1), so P=0 and E=0."
wc_03c6238186d562845d1d8497124ae844,wildchat,,11,0,0,"The author is asking a factual/historical question about third parties (women in the middle ages), not describing their own situation, so P=0 and the tone is purely informational with no emotional language, so E=0."
wc_3ed638151c570a2e3f1591e61c162525,wildchat,,20,0,0,This is a math task with no personal subject matter and no emotional language.
wc_086b07167fe2238dd0b357f58f206bd1,wildchat,,56,0,0,"Although the author sets their own nutritional goals, this is a task/logistics request (creating a grocery list and meal plan) rather than a personal life-domain topic, making it P=0; the tone is entirely neutral and task-oriented, so E=0."
wc_4f85655d6ee74c1ba4a942a520a0a02b,wildchat,,13,0,0,This is a factual/research task with no personal subject matter and no emotional language.
wc_9fe1ed3a67e5dfa4dbac4ce9cd9ca184,wildchat,,485,0,0,"The message is a technical programming task asking for help debugging code — the author is not describing their own life situation in any life domain, making it P=0 and E=0."
wc_43a8ea70747d64e571c935626e775040,wildchat,,45,0,0,"The author is requesting a creative/academic writing task on a factual/philosophical topic, not describing their own life or situation, so P=0; the tone is task-oriented with no emotional language, so E=0."
wc_93cb0376f2782b66eca1adcc2655324a,wildchat,,33,0,0,"The author is requesting a creative writing/brainstorming task for a book, not describing their own life situation, so P=0; the tone is task-oriented with no explicit emotion words, so E=0."
wc_31ba8688f4b53e2533d9948de5bfa71f,wildchat,,23,0,0,"The author is asking a factual question about a wrestling move involving a third party (Carmella), not describing their own life or situation, so P=0 and the tone is purely informational with no emotional language, so E=0."
wc_f5d1321c932c807e3d4f4df4a20854fc,wildchat,,27,0,0,"Although the author is the subject, asking whether a home décor color combination is good is a logistical/practical question (Rule 1b), not a life-domain topic, so P=0; the tone is entirely neutral with no emotion words, so E=0."
wc_b3949e687da1d624e828c96502043800,wildchat,,282,0,0,"This is a task-oriented system prompt with instructions and a logistical query, not a personal message from an author describing their own life or emotional state."
wc_3d131458e0723b91555df01c607f39ee,wildchat,,33,0,0,"This is a writing/content task where the author is not the subject — it's a request to produce a travel guide article, making it P=0 by Rule 1, and the tone is purely task-oriented with no emotional language, so E=0."
wc_e1d38e29d74586cdbc9ad8bb36d13083,wildchat,,43,0,0,"This is a technical/task-oriented coding request where the author is not describing their own life situation, making it P=0, and the language is neutral with no emotional expression, making it E=0."
wc_5b21278e5a46c2b32c9fd1ffa2e6862c,wildchat,,33,0,0,"The author is asking for help drafting an email about a logistical/administrative task (passport photos for citizenship registration), which is a task-oriented request rather than a personal life-domain reflection, so P=0; the tone is neutral with no emotional language, so E=0."
wc_42ad3ae6b5bce2bf12194e4ae208d6d1,wildchat,,36,0,0,"The author is assigning a role-play/task framing asking for factual/conceptual information about networking and communication, not describing their own life or situation (Rule 1)."
wc_3031c85ffdaa228b61c84301a86ee2b3,wildchat,,15,0,0,"This is a task-oriented, logistical question about how to use a tool, not a personal life-domain topic, and contains no emotional language."
wc_9c31df594c98cc6cf3860e545362944a,wildchat,,303,0,0,"This is a creative writing/story-generation request with detailed fictional criteria; the author is not the subject, so P=0, and the tone is purely task-oriented with no emotional language, so E=0 (Rule 1)."
wc_c6c537af53bb9d0387c65688d4b04f0e,wildchat,,12,0,0,"The message is a task/creative request for a Roblox script, not about the author's own life situation, so P=0 and the tone is purely task-oriented with no emotional language, so E=0."
wc_8d462c80f7ac9ead70f1605246f1076d,wildchat,,32,0,0,"This is a creative writing task where the author is not the subject — they are requesting a story, not describing their own life or situation (Rule 1)."
wc_63c10ee29f242e38aad648f90e43037d,wildchat,,272,0,0,"The author is asking for technical help with a script (a coding/task question), not describing their own life situation in a personal domain, so P=0; the tone is entirely neutral and technical with no emotional language, so E=0."
wc_73af5d452955a0dfbd144d9acfd9a46d,wildchat,,67,0,0,"The message is a task request to rewrite marketing copy — the author is not the subject, and the framing is purely instructional/creative, so P=0 and E=0."
wc_0422f82d7274933153f650e5473ecb35,wildchat,,12,0,0,"The author is requesting a creative writing task for someone else, not describing their own life or situation, so P=0 and the tone is purely task-oriented with no emotional language, so E=0."
wc_ad9c66cc98ba57132f2f45fe7394d23b,wildchat,,160,0,0,"The author is asking for help with a task (creating a calculation system for a game/simulation), not describing their own life or situation, so P=0 and the tone is entirely task-oriented with no emotional language, so E=0."
wc_df03ace39543751ad0d8e64296484306,wildchat,,10,0,0,"The author is asking a factual/nutritional question about a hypothetical diet, not describing their own life situation, so P=0 and the tone is neutral so E=0."
wc_f73f450b0873fe1242d68b2eb6f022c2,wildchat,,12,0,0,This is a task-oriented rewriting request with no personal life domain involvement and no emotional language.
wc_1c9137821a11a7ae1736e4f817d229a3,wildchat,,364,0,0,"This is a role-play/jailbreak prompt asking the AI to adopt a persona — the author is not the subject describing their own life, so P=0, and the language is task-oriented with no emotional expression, so E=0."
wc_2e7a0765cf2d5cbb0f51f1e76a989d0a,wildchat,,337,0,0,"The author is requesting a creative/academic writing task (persuasive speech) rather than describing their own life situation, so P=0 (Rule 1), and the tone is entirely task-oriented with no affective language, so E=0."
wc_6c9d4eb2875d0404f6a9ffdf87bd6f46,wildchat,,33,0,0,"This is a role-play/creative writing prompt where the author is not the subject — they are asking the AI to play a character — so P=0 per Rule 1, and the tone is task-oriented with no emotional language, so E=0."
wc_92fc2559b462a9d93483fd481eb79ec7,wildchat,,36,0,0,"The author is requesting a role-play/creative scenario about a third-party hypothetical body, not describing their own life or situation, so P=0 (Rule 1), and the tone is task-oriented with no emotional language, so E=0."
wc_5ea1c5647096b92c0cb829af1f502804,wildchat,,42,0,0,"This is a task-oriented instruction about a literary/academic topic (1984), with the author not describing their own life or situation — P=0, and no emotional language — E=0."
wc_ea15c15ae5f28ee73dad7810f069ae8f,wildchat,,57,0,0,"This is a creative writing/role-play task where the author is not the subject — they are requesting a fictional article about third-party characters (David and Jennifer), so P=0 and E=0 per Rule 1."
wc_678460378c5d48fa1297e69fa4b89928,wildchat,,10,0,0,"This is a task request asking for website name suggestions, not a personal life situation, so P=0; the tone is purely task-oriented with no emotional language, so E=0."
wc_97802696a59c88034e4546c11f624cc9,wildchat,,356,0,0,"This is a creative writing/screenwriting task about fictional characters, so the author is not the subject — P=0 (Rule 1); and the tone is task-oriented with no explicit emotion words from the author — E=0."
wc_51512201cfd557fb25243111d6a741fa,wildchat,,68,1,0,"The author describes their own social interaction (a life domain — relationships), but the language is purely narrative and deliberative with no explicit emotion words or affective phrasing."
wc_b1d63a2ee472ef4e751d473317a6dae9,wildchat,,80,0,0,"The author is asking for a text-editing task (making text professional and error-free), so this is a task-oriented request — P=0 by Rule 1 — and the tone is neutral with no explicit emotion words — E=0."
wc_33f1d42db1d4267fc78298bed89b36eb,wildchat,,58,0,0,"The author is requesting creative/game-design content for fictional characters, not describing their own life or situation, so P=0; the tone is task-oriented with no emotional language, so E=0."
wc_b5c4a2bda06b1828843a585b1c30fc22,wildchat,,32,0,0,This is a coding task request with no personal subject matter and no emotional language.
wc_0f49772cfc056df25d929c1e9b575610,wildchat,,624,0,0,"The message is a creative writing / alternate history task where the author is not the subject — it is a fictional world-building request, making it P=0 per Rule 1, and the tone is entirely task-oriented with no explicit emotion words or affective phrasing, making it E=0."
wc_c2d4050e334cb8e36ef99bc72c2dcaba,wildchat,,641,0,0,"The message is a technical programming task asking for code modification — the author is not the subject describing a personal life situation, making it P=0, and the tone is entirely task-oriented with no emotional language, making it E=0."
wc_7d6de7922c934affa882e61a005bbbc6,wildchat,,454,0,0,"The message is a task/instruction prompt for an AI agent system — the author is not the subject describing their own life, so P=0, and the tone is entirely task-oriented with no emotional language, so E=0."
wc_69f1fee12ace872fbe349b5fba592e2a,wildchat,,665,0,0,"The author is sharing a technical coding task (R web scraping code) and asking for help modifying it — not describing their own life situation — so P=0 and the tone is entirely task-oriented with no emotional language, so E=0."
wc_e8a080d6815d5e760b7f5d5e6ff244bf,wildchat,,48,0,0,"This is a content-creation task (writing a travel guide), not the author describing their own life situation, so P=0; the tone is purely task-oriented with no emotional language, so E=0."
wc_58cd196e39fb5b103406ed564a8571f1,wildchat,,97,0,0,"The message is a role-play/jailbreak prompt asking the AI to adopt a persona — the author is not the subject describing their own life, and the framing is a creative/task directive (Rule 1), so P=0; the tone is imperious and provocative but contains no explicit emotion words or affective phrasing, so E=0."
wc_41f5f4b44523c19495ce7acb9f6f43d0,wildchat,,367,0,0,"The message is a task request (summarization) about a factual/academic topic; the author is not the subject, so P=0, and the language is entirely neutral and analytical, so E=0."
wc_96d66945092e9f7f143f5fd53292f501,wildchat,,149,0,0,"This is a creative writing/role-play task requesting a fictional conversation between a psychiatrist and patient — the author is not the subject, so P=0 (Rule 1), and the tone is purely task-oriented with no emotional language, so E=0."
wc_fe47526e5d2ea1c581cbbfaa24c7914a,wildchat,,27,0,0,"The author is not the subject — this is a creative/professional writing task about a third party (a hypothetical mechanical engineer), so P=0, and the tone is purely task-oriented with no affective language, so E=0."
wc_deddc3706bfaf2abcc29c7b677c2894e,wildchat,,30,0,0,"This is a creative writing request directed at the AI, with the author not as the subject, so P=0; the tone is task-oriented with no emotional language, so E=0."
wc_514b0ec40833095144fbe9b834fc7db7,wildchat,,37,0,0,"This is a technical coding task asking for help fixing a Vue.js/router warning — the author is not describing a personal life situation, making it P=0 and E=0."
wc_80ab92d8d21e71ee3b30e937759e12f2,wildchat,,10,0,0,"This is a translation task about a third-party story, not the author's own life or situation, so P=0, and there is no emotional language, so E=0."
wc_a217c944606b13137e5bdb7d61703a48,wildchat,,294,0,0,The message is a technical code-optimization task with no personal life domain content and no emotional language.
wc_fbde79d3c3be6ec1044ad18357f363ed,wildchat,,40,0,0,"The message is a task/creative writing prompt directed at an AI persona, with the author not as the subject — Rule 1 applies, making P=0, and the tone is purely task-oriented with no affective language, so E=0."
wc_045e077d7fce0076a0f6bbb03ca769ad,wildchat,,17,0,0,"The message is a factual/analytical task about blockchain technology, not about the author's own life or situation, so P=0; the tone is neutral and task-oriented, so E=0."
wc_2ef80a9437a137e122e53246d99fc980,wildchat,,15,0,0,"The author is asking a factual/vocabulary question about the world, not describing their own life or situation, so P=0; the tone is purely task-oriented with no emotional language, so E=0."
wc_80a2437de9c0cb070030ac7b7020d498,wildchat,,58,0,0,"This is a creative writing/game design task where the author is not the subject — they are requesting fictional character movesets, so P=0 per Rule 1, and the tone is entirely task-oriented with no emotional language, so E=0."
wc_0fa14d21cda5e887747a3c2c31e91227,wildchat,,15,0,0,"The author is asking a factual/informational question about a third-party character, not describing their own life or situation, so P=0 and the tone is neutral so E=0."
wc_71eadb75dd4381837644ffd5e6f70e37,wildchat,,20,0,0,"The author is not the subject — this is a task request to compose a customer communication, making it P=0, and the tone is entirely neutral with no affective language, making it E=0."
wc_41be349588703c53df2fedcfe1d4d837,wildchat,,44,0,0,"The author is asking a factual/trivia question about wrestling history, not describing their own life or situation, so P=0 and the tone is neutral and task-oriented, so E=0."
wc_5ea440ab027ac53727e883ce5793f9cf,wildchat,,55,0,0,"The author is requesting a creative/informational writing task about travel logistics, not describing their own life situation, so P=0; the tone is entirely task-oriented with no emotional language, so E=0."
wc_928974eea07100536b6265b2c07d3afc,wildchat,,54,0,0,"This is a creative writing request where the author is not the subject — it's a fictional story about a wolf character, so P=0 per Rule 1, and there is no emotional language from the author, so E=0."
wc_580de30d4e44cead23dc69d52a3765dc,wildchat,,859,0,0,"The author is requesting a writing/editing task (reducing an essay by 80 words) on an impersonal academic topic about IT ethics, so P=0 and the tone is entirely task-oriented with no emotional language, so E=0."
wc_908c971810ac1aa68e7ec287ad499512,wildchat,,199,0,0,"This is a creative writing/role-play request about fictional characters, not the author's own life or situation, so P=0 per Rule 1; the tone is task-oriented with no emotional language, so E=0."
wc_65241cde5d6356469b1e7edafc0d94e4,wildchat,,10,0,0,"This is a task/creative question about cake decorating, not about the author's own life situation, so P=0; the tone is neutral with no affective language, so E=0."
wc_f2ac50e87280c9bea8b8bf61853d0e0c,wildchat,,87,0,0,This is a creative writing/role-play request where the author is not the subject — they are asking for a manga scene to be written about a fictional character (Rule 1).
wc_55930e0ec4b98093eae3e9593627aad9,wildchat,,202,0,0,"This is creative/role-play fiction written from fictional characters' perspectives, not the author describing their own life situation — Rule 1 applies, so P=0, and the language, while narrative, does not contain the author's own explicit emotion words, so E=0."
wc_9309eddab36fbadf2b272f75575f779a,wildchat,,22,0,0,The message is a technical code snippet with no personal subject matter and no emotional language.
wc_ae443a367b10992ebcf0569e09729988,wildchat,,13,0,0,"The message is a factual/logistical question about selling products on reselling platforms, with the author not describing a personal life situation in a recognized life domain."
wc_844dcc285e8249f3e417ba3b1248d846,wildchat,,30,0,0,"This is a factual/academic question about statistics terminology, not about the author's own life or situation."
wc_feda84e041f43e855e7ec252320f358c,wildchat,,140,0,0,"The message is a technical project requirements document describing a machine learning task, with no personal life domain involvement and no emotional language."
wc_0c800e0eccad55131a0e4b5b02e1c945,wildchat,,35,0,0,The message is a task-oriented request to summarize a scholarly passage about a literary topic; the author is not the subject and there is no affective language.
wc_55fd6a4eabdc4e6f3871c7f39bca4b2a,wildchat,,77,0,0,"The message is a technical/creative task asking the author to generate an image URL — the author is not the subject, and there is no emotional language."
wc_b8e841e63bbfc1e8c11962118f414fc0,wildchat,,112,0,0,"This is a creative role-play / character simulation request where the author is not the subject — they are constructing a fictional character (Malo), so P=0 by Rule 1, and the tone is task-oriented with no emotional language, so E=0."
wc_0025094f3494534cec8e79134ffdbfcc,wildchat,,34,0,0,"The author is asking a factual/comparative question about external programs, not describing their own life or situation, making this P=0 and E=0."
wc_1ef7d1db2b1c93ad4d6ee3ca04968eba,wildchat,,80,0,0,"The author is describing a game mechanic/task, not their own life situation in a personal domain — P=0; the tone is purely neutral and explanatory — E=0."
wc_1d597313ec0bb997b5b7103b35bfe078,wildchat,,51,0,0,"The author is assigning a creative/task-oriented role-play to an AI (generate titles), not describing their own life or situation, so P=0 by Rule 1; the tone is purely instructional with no emotional language, so E=0."
wc_fc4d1296904011f8f628d2b4340524e5,wildchat,,229,0,0,"This is a creative writing/role-play task about fictional characters, so the author is not the subject — P=0 per Rule 1; the tone is task-oriented with no emotional language from the author — E=0."
wc_c8951cabdf6ccc0b017b6a3223bcc419,wildchat,,251,0,0,"The message is a technical assignment or task description about data processing with Apache Spark — the author is not the subject, and there is no personal life domain or emotional language involved."
wc_6bc3a84060c85768134dc3c96248497d,wildchat,,124,0,0,"This is a writing/academic task request where the author is not the subject — they are asking for an essay to be written on a literary/political topic, making it P=0 by Rule 1, and the tone is task-oriented with no affective language, making it E=0."
wc_811f9e2f2ef73c0dec038d882b3f31e2,wildchat,,118,0,0,"The author is describing a technical problem (game launch error with steamcmd) — this is a logistical/technical task, not a life domain topic, so P=0; the language is neutral and diagnostic with no explicit emotion words, so E=0."
wc_33807ff6e03ac2bc19464dfd10442d46,wildchat,,32,0,0,"This is a role-play/task instruction directed at an AI, not a personal message about the author's own life, so P=0 and the tone is purely task-oriented with no emotional language, so E=0."
wc_a0fb183db8b36320daa9bb1932766a09,wildchat,,263,0,0,"The message is a creative/task-oriented prompt-generation request for an AI image tool, with the author not as the subject — P=0, E=0 per Rule 1 and Rule 3."
wc_6245cdeb2318bffa53fb9a64c4c4e29f,wildchat,,19,0,0,"The author is asking a general factual/observational question about identifying bad-faith arguers, not describing their own situation or life domain, so P=0; the tone is neutral and curious with no explicit emotion words, so E=0."
wc_bd52af305981bcf0a6c8bf9be8e48f03,wildchat,,10,0,0,"The author is asking a factual/informational question about the world (fake news sites in Australia), not describing their own life situation, so P=0; the tone is neutral and task-oriented with no emotional language, so E=0."
wc_97e6e2538a1fa8695a632bcf9506a747,wildchat,,12,0,0,"The message asks a factual/informational question about programming languages and career value; while self-involved, it is a logistical/informational query rather than a personal life-domain topic, so P=0, and the tone is neutral with no emotional language, so E=0."
wc_2ca2b9acacec08a947acf8e825f275b1,wildchat,,229,0,0,"This is a creative writing/alternate history task where the author is not the subject — it is a request for fictional historical writing, making it P=0 by Rule 1, and the language is purely task-oriented with no emotional affect, making it E=0."
wc_76e04f858581756bf29d197649907e26,wildchat,,507,0,0,"The message is a coding task asking for modifications to MATLAB code — the author is not the subject describing a personal life situation, making it P=0, and the tone is purely technical with no emotional language, making it E=0."
wc_e1024d16edc535df3a5d2660369236fc,wildchat,,120,0,0,"This is a creative/analytical task asking for fictional courtroom drama content — the author is not the subject, so P=0 by Rule 1, and the tone is entirely task-oriented with no affective language, so E=0."
wc_7968c51fc8c1b9db49fdd4abcc488de6,wildchat,,68,0,0,"This is a creative writing request about a fictional character (Danny the dragon), not about the author's own life or situation, so P=0 by Rule 1; the tone is task-oriented with no emotional language, so E=0."
wc_079608a6321ab28fb63616d55c055278,wildchat,,60,0,0,"This is a creative writing/role-play task about a third party (Caroline Hertig), not the author describing their own life or situation — Rule 1 applies, so P=0, and the tone is task-oriented with no affective language from the author, so E=0."
wc_1f463a670c68a32c845f765ef52c1525,wildchat,,50,0,0,"The message is a technical code snippet (a task/how-to), not authored about the person's own life situation, so P=0 and E=0."
wc_1c302e604c350a242edbacfa7d03e437,wildchat,,67,0,0,"The message is a creative writing/worldbuilding task asking for fictional monster entries, so the author is not the subject — P=0 by Rule 1 — and the tone is purely task-oriented with no emotional language — E=0."
wc_73b0ba921169d8e472098d6941bbdd88,wildchat,,78,0,0,"The author is making a technical request (writing unit tests for a function) — this is a task/coding question, not a personal life situation, so P=0 and the tone is entirely neutral so E=0."
wc_f60d4303773d85e3d04528e9b472d434,wildchat,,213,0,0,"The message is a technical programming/math task asking the author to implement a gradient descent function — the author is not the subject, and the framing is task-oriented (Rule 1)."
wc_2c0a5fbfb5fde455ce9021bb4ea5d851,wildchat,,367,0,0,"The message is a technical/academic text about power electronics (dead-time commutation), and the author is not the subject; the request is a translation task with no personal or emotional content."
wc_830cc663874e9567e114297bd1550bc6,wildchat,,626,0,0,"This is a technical programming question with code, not a personal life-domain message — the author is not the subject in any personal sense, and the tone is task-oriented with no emotional language."
wc_877aa21d27144effa327fca2166e9216,wildchat,,17,0,0,"This is a task/writing request about a product, not about the author's own life or situation, so P=0; the tone is purely task-oriented with no emotional language, so E=0."
wc_0ec94a705b35f5d2924177da60ee83f6,wildchat,,92,0,0,"This is a creative/role-play writing request about a fictional third party (Hannelore Stahlbrecht), not the author's own life situation — P=0 per Rule 1; the tone is task-oriented with no emotional language from the author — E=0."
wc_4e62f2f2f06680eec05d2b2cdc5de833,wildchat,,14,0,0,"This is a creative writing task where the author is not the subject, so P=0, and the tone is purely task-oriented with no emotional language, so E=0."
wc_1499be88948cb972b555133c515bfe2b,wildchat,,756,0,0,"This is a creative writing/role-play request where the author is not the subject — they are asking for fiction to be written, so P=0 per Rule 1, and the tone is task-oriented with no emotional language, so E=0."
wc_6937e7f867f395c3c8994ceb50a03d90,wildchat,,29,0,0,"The author is not the subject — this is a factual/educational task asking for information about nutrition labels, not about the author's own life or situation."
wc_80a2e7db2f51dad01f4367ece48582d6,wildchat,,83,0,0,The message is a translation task involving a factual news report about geopolitical events; the author is not the subject and there is no personal or emotional content.
wc_ca53b6bd0adeef1320c5304a93087c62,wildchat,,827,0,0,"The message is a creative writing review task involving fictional stories — the author is not the subject, so P=0 by Rule 1, and the tone is analytical/task-oriented with no affective language, so E=0."
wc_063b5bf480ea53fff2e6a7c2c977f12e,wildchat,,147,0,0,"The author is requesting a technical programming task (building a ML model in Python), not describing their own life situation, so P=0 and the tone is task-oriented with no emotional language, so E=0."
wc_aac8317e47bd66519f667ac90835cfae,wildchat,,19,0,0,This is a creative/fictional narrative — the author is not the subject and there is no emotional language.
wc_041df1ebadc2c80a429003944b895230,wildchat,,94,0,0,"The message is creative/humorous writing about fictional game characters, not about the author's own life or situation (Rule 1)."
wc_86f52265fda1bc35a74098ee08c548b8,wildchat,,141,0,0,"This is a creative writing/role-play request where the author is not the subject — they are asking for a fictional script, so P=0 per Rule 1, and the tone is task-oriented with no emotional language, so E=0."
wc_050e25b35940a9ef7914001a486da686,wildchat,,37,0,0,"The message is a paraphrasing task about a technical topic, so the author is not the subject and there is no personal or emotional content."
wc_cb9773bf3913459f6a6f87e007b56c3d,wildchat,,28,0,0,"This is a factual/scientific statement about nanoparticle properties, not authored by someone describing their own life situation, so P=0 and E=0."
wc_0a70e00b6b97c1087caded99d81d1f72,wildchat,,28,0,0,"The author is asking for a book recommendation to learn a technical skill — this is a logistical/task-oriented request, not a personal life-domain issue, and the language is neutral with no affective phrasing."
wc_34e5006ee84e61d2f79a5431a309707c,wildchat,,147,0,0,"This is a creative writing/role-play request where the author is not the subject, so P=0 per Rule 1, and the tone is purely task-oriented with no emotional language, so E=0."
wc_f3f767e334d668e8518159904a068150,wildchat,,36,0,0,"This is a factual/scientific paraphrase task about chemistry, with the author not as the subject and no emotional language present."
wc_b1a85a06beb246a8a971952486efa89b,wildchat,,49,0,0,"The author is asking a factual/historical question about two public figures, not describing their own life or situation (P=0), and the tone is neutral and analytical with no emotional language (E=0)."
wc_3c4b7b33d7ca0b3e1c9bc338b33f9835,wildchat,,449,0,0,"The author is asking a factual/analytical question about a psychology study's methodology, not describing their own life or situation (P=0), and the language is entirely neutral and task-oriented (E=0)."
wc_d14e203cc7917845bfaca2361d9b7113,wildchat,,22,0,0,This is a creative writing/task request where the author is not the subject — it's a script-writing prompt with no personal life domain or emotional language (Rule 1).
wc_8110c42af3f30bd93e9282acedf5e415,wildchat,,19,0,0,"The author is requesting a writing task/tool (a prompt for an article), not describing their own life situation, so P=0; the tone is purely task-oriented with no emotional language, so E=0."
wc_06f3be7986843249c7758cbf04838e19,wildchat,,128,0,0,"The message is a task request (summarization of a factual/academic text about ancient names), with the author not describing their own life or situation — P=0, and the tone is purely neutral and task-oriented — E=0."
wc_bb6d3902204f5139b12947bcdffe9ecd,wildchat,,17,0,0,"The author is requesting help drafting an email (a task/creative writing request), so the author is not the subject — P=0 per Rule 1 — and the tone is purely task-oriented with no affective language — E=0."
wc_9634176749f42960accac8617deab04d,wildchat,,22,0,0,"The author is asking a factual/academic question about a disease and study design, not describing their own situation or life domain."
wc_ecb3b7825156d15dc5d9d9359f5e4498,wildchat,,72,0,0,"Although the author is the subject of a health-related request, the framing is purely task-oriented and logistical (requesting a formatted plan), with no explicit emotion words or affective phrasing, making it P=0 by Rule 1b and E=0 by Rule 3."
wc_1660d0e7891bc085c5ca7600c5e86b2e,wildchat,,131,0,0,"This is a creative writing/role-play request where the author is not the subject — it asks for a fictional shooting script, making it P=0 by Rule 1, and the tone is task-oriented with no emotional language, making it E=0."
wc_4c74628d111cb590c134aab311b06f0c,wildchat,,83,0,0,"This is a creative/task-oriented request for character design — the author is not the subject, making it P=0 by Rule 1, and the language is entirely neutral and instructional, so E=0."
wc_9ffb218324f09bb9b312fb03328511ec,wildchat,,104,0,0,"This is a creative writing/role-play request about fictional video game characters — the author is not the subject, so P=0 by Rule 1, and the tone is task-oriented with no emotional language from the author, so E=0."
wc_fce6798b1832b40b3c1049d1999f11a0,wildchat,,151,0,0,"This is a creative/role-play writing request about a fictional third party (Reza Fazekas), not the author describing their own life situation, so P=0 per Rule 1; the tone is task-oriented with no emotional language, so E=0."
wc_c73d1e5d2c10f8742f7211f18d3ca63d,wildchat,,46,0,0,"The author is asking a technical/programming question about implementing a trailing stop-loss logic, not describing a personal life situation — P=0, and the tone is entirely neutral and task-oriented — E=0."
wc_458cd1777ad9215a8a50e63367b88bc7,wildchat,,34,0,0,"This is a creative/analytical task about a fictional world (Westeros) — the author is not the subject, so P=0, and the tone is purely task-oriented with no emotional language, so E=0."
wc_c1c4aac6fc57107d3450032bd58dcc88,wildchat,,31,0,0,"The author is asking a factual/historical question about ancient kinship definitions, not describing their own life or situation, so P=0 and the tone is purely curious and academic, so E=0."
wc_c69eed246ec3fbe1e2e1c9621277f3ff,wildchat,,267,1,0,"The author is the subject describing their own academic situation and career goals (P=1), but the language is deliberative and factual with no explicit emotion words or affective phrasing despite the casual tone (E=0)."
wc_28988a2bce77625f1cd5974fa199323d,wildchat,,90,0,0,"The message is a technical scripting/coding question about game development logic, not about the author's personal life or a life-domain topic, so P=0 and E=0."
wc_9b3fd7362b450709948b9f4b71b232ec,wildchat,,12,0,0,"This is a task/creative writing request asking for blog content ideas; the author is not the subject and it is not a life-domain topic — P=0, E=0."
wc_01bbe3602cf4c5b73213acd8b6086ca3,wildchat,,760,0,0,"This is a task/instruction message (a 'jailbreak' prompt) directed at an AI system, not a personal disclosure about the author's own life — Rule 1 applies, P=0, and the tone is entirely instructional with no emotional language, E=0."
wc_2de111e2c16b5ac56d94aae9ad4010f3,wildchat,,20,0,0,"The author is requesting a writing task about an external topic (brand identity), not describing their own life or situation, so P=0; the tone is purely task-oriented with no emotional language, so E=0."
wc_b5e7b2589b80851445853c44d761e5f1,wildchat,,53,0,0,"This is a creative writing/role-play task where the author is not the subject — they are asking for content written in Karl Marx's voice about economic conditions, making it P=0 by Rule 1, with no emotional language present."
wc_9be492686037633767f6b6b3d1858b87,wildchat,,387,0,0,"The message is a creative writing/worldbuilding task asking for a list of vehicles and firearms in a fictional film — the author is not the subject, so P=0 and E=0 (Rule 1)."
wc_431907f4cc6c41ceabbb1451a2288113,wildchat,,577,0,0,"The author is not the subject — this is a role-play/task message asking for strategic military analysis in a fictional scenario, making it P=0 by Rule 1, and the tone is entirely analytical with no emotional language, making it E=0."
wc_3a3cdf2b2a9cc717ddca5b9bff257e03,wildchat,,67,0,0,"The author is asking a factual/brainstorming question about potential wiki projects in the world, not describing their own life or situation — P=0 by Rule 1, and the tone is entirely neutral and task-oriented — E=0."
wc_ccf31eeec2968d9e1109928cd1979cd5,wildchat,,46,0,0,"The author is requesting a travel writing task (creative/informational content generation), not describing their own life situation, so P=0; the tone is purely task-oriented with no emotional language, so E=0."
wc_f94f66aaad885aabd63b371e35ebecaa,wildchat,,131,0,0,"This is a creative writing/role-play request where the author is not the subject — it asks for a fictional shooting script, making it P=0 by Rule 1, and the tone is task-oriented with no emotional language, making it E=0."
wc_873a5176f3ec4b3b85e4286f08ac37f7,wildchat,,94,0,0,"This is a creative writing/game design task with the author not as the subject — Rule 1 applies, making it P=0, and the tone is entirely task-oriented with no emotional language, so E=0."
wc_d56a495ab5bf32cd904ab86195efaf46,wildchat,,67,0,0,"This is a creative writing/role-play request where the author is not the subject, so P=0 per Rule 1, and there are no emotion words referring to the author's own state, so E=0."
wc_cf25774acd31aac7ba12bd11de2c6597,wildchat,,38,0,0,"The author is making a creative/task request for chord generation, not describing their own life situation, so P=0; the request is task-oriented with no explicit emotion words or affective phrasing, so E=0."
wc_6da49520d872c4258b863cbd980655c9,wildchat,,480,0,0,"This is a technical code response providing Android/Java implementation details — the author is not the subject and the content is task-oriented, not personal or emotional."
wc_6b354b56aeac969276b6806e3b5f997d,wildchat,,32,0,0,"The author is requesting a creative/informational writing task for a travel guide, not describing their own life situation, so P=0; the tone is task-oriented with no emotional language, so E=0."
wc_a71ff3944f9bdcf8cd81755dac380e71,wildchat,,24,0,0,"This is a technical programming task request — the author is not describing their own life or situation, making it P=0, and the tone is purely task-oriented with no emotional language, making it E=0."
wc_4f8823739051aac52bdc56234b1cfdb9,wildchat,,211,0,0,"This is a writing/editing task asking for a polished academic paper revision — the author is not the subject, making it P=0, and the tone is entirely task-oriented with no emotional language, making it E=0."
wc_6e76ca5898dd3052ceccdcd5ef7f4970,wildchat,,191,0,0,"This is an academic essay assignment prompt asking the author to write about external topics (cyber technology, marketing, design patterns), so the author is not the subject and the framing is task-oriented — P=0, E=0."
wc_46b03d064ae1ee867e7710ba0889a4b5,wildchat,,17,0,0,"This is a technical/creative task request where the author is not the subject — it's a development assignment, not a personal life situation."
wc_c3fc77009f18ea83e7c685b898c79b87,wildchat,,34,0,0,"This is a creative writing task where the author is requesting a story, not describing their own life or situation, so P=0; the framing is task-oriented with no emotional language from the author, so E=0."
wc_69c851ed59b07b7114c804e679db6182,wildchat,,23,0,0,"The message is a third-party narrative/fill-in-the-blank task about fictional characters, not the author's own situation or feelings (Rule 1)."
wc_9976fe6c2e1545c6544349b28ffce701,wildchat,,604,0,0,"The author is requesting a creative/editing task (condensing a story summary into 10 points), not describing their own life or situation, so P=0 and the tone is purely task-oriented with no affective language, so E=0."
wc_933ac487c929a3efee853afb747dbbbc,wildchat,,35,0,0,"The message is a translation task with the author not as the subject — it is a factual/logistical request about a third party (P=0), with no emotional language (E=0)."
wc_487802a1d06a9e2d64614a84a1717241,wildchat,,476,0,0,"The message is a creative writing task asking the AI to revise a fictional synopsis based on character notes — the author is not the subject, so P=0, and the tone is entirely task-oriented with no affective language, so E=0."
wc_cb39acebc778f3c85ab29b6cd89f7cbc,wildchat,,18,0,0,"The author is asking a factual/identification question about an object, not describing a personal life situation in a life domain, so P=0; the tone is neutral and curious with no emotional language, so E=0."
wc_61da0bf89918310fd4618c9592c5d9c5,wildchat,,175,0,0,The author is asking for a summary of an academic text about a historical/religious topic — a factual/task-oriented request where the author is not the subject (Rule 1).
wc_09ea0164327f999fa3298bcef2db36a7,wildchat,,15,0,0,"The message is a factual/technical question about hardware for a task, not about the author's own life situation, so P=0; the tone is neutral and task-oriented, so E=0."
wc_028be0d3ff78f6ca37938b0d879ac220,wildchat,,56,0,0,"The author is the subject but the topic is a technical/logistical task (transferring files between Google Drive accounts), not a life domain, so P=0; 'Please help me' is a polite closing, not an explicit emotion word or affective phrasing, so E=0."
wc_6d248043049fb6f313f56de048583479,wildchat,,16,0,0,"The author is requesting a content-writing task about an external topic (Malindo Air payment options), not describing their own life or situation — P=0 by Rule 1, and the tone is entirely task-oriented with no affective language — E=0."
wc_f378d947a8adc29c5889890ddb3fcff8,wildchat,,79,0,0,"The author is performing a writing/editing task (transforming marketing copy into a CTA), not describing their own life or situation, so P=0; the tone is task-oriented with no emotional language, so E=0."
wc_a80834e4002d4365ac77af5127946220,wildchat,,390,0,0,"The message is a technical debugging/coding request where the author is asking for help fixing a software issue, not describing a personal life situation — P=0, and the tone is purely task-oriented with no emotional language — E=0."
wc_8fc7c4553b55c5f86a4e7251f4d97f31,wildchat,,37,0,0,"The author is requesting a creative writing/content task for a travel guide book, not describing their own life or situation, so P=0; the tone is task-oriented with no emotional language, so E=0."
wc_55a42070a914ee6126e368077aaa4785,wildchat,,18,0,0,"The author is requesting factual/professional information about grounds maintenance risks, not describing their own life situation, so P=0; the tone is neutral and task-oriented with no emotional language, so E=0."
wc_6e5d4ccec8f075a844318dbe2d7203c7,wildchat,,379,0,0,"The message is a creative writing / role-play request asking for a fictional review of a fictional film — the author is not the subject, so P=0 by Rule 1, and the tone is entirely task-oriented with no emotional language, so E=0."
wc_318bb30f1954e8381bc3ff74b72e3f0c,wildchat,,610,0,0,"This is a writing/editing task where the author is not the subject — they are asking for a rewrite of academic essay content, making it P=0 and E=0 by Rule 1."
wc_0e3da4f21415556cf12bf657a6407bec,wildchat,,73,0,0,"The author is describing a third party (their father) and making requests for prayer on his behalf, so P=0 per Rule 1; the language is measured and petitionary without explicit emotion words or affective phrasing, so E=0 per Rule 3."
wc_6c9fae2e06ed6ab1721687eee4c72742,wildchat,,142,0,0,"This is a creative writing/role-play task set in a fictional universe with a fictional character, so the author is not the subject — P=0 per Rule 1 — and the language is purely task-oriented with no emotional expression, so E=0."
wc_aa1eee57a1db478a0651e5d7a364efdd,wildchat,,45,0,0,The author is not the subject — this is a programming task request with no personal life domain or affective language.
wc_cedaeca1db3003ae865b34a418ede9ec,wildchat,,12,0,0,"This is a task request asking the author to generate text, not a message where the author is the subject describing their own life situation."
wc_c3ac55c1f771a09c17076615d851e6c8,wildchat,,13,0,0,"The author is asking a factual question about world consumption data, not describing their own life or situation, so P=0; the tone is neutral and curious with no emotional language, so E=0."
wc_8228b279206dc436d6b39689669d6543,wildchat,,14,0,0,"The message is a factual/mathematical question about currency conversion, not about the author's own life situation, so P=0; the tone is neutral with no emotional language, so E=0."
wc_6a64b6773c36078b7df8082ee6cc055d,wildchat,,76,0,0,"The author is assigning a role-play/expert task about airport construction procedures — the author is not the subject, and this is a technical/professional task with no personal life domain or affective language (Rules 1 and 3)."
wc_fae7de1a55d4dbc7d266c0bb1a66cc61,wildchat,,42,0,0,"This is a task/assignment prompt asking the user to write an essay about metabolism after a meal, not the author describing their own life situation, so P=0; the tone is instructional and neutral, so E=0."
wc_b5de4b8720a183ac4759a41145aacc94,wildchat,,58,0,0,"The message is creative/humorous writing about fictional characters and game archetypes, not the author describing their own life or situation (Rule 1)."
wc_fadba8a8ca789ca4aa649cd3717ebfa9,wildchat,,126,0,0,"The message is a task/creative-writing request asking the AI to write an academic paper; the author is not the subject, so P=0 by Rule 1, and the tone is purely task-oriented with no affective language, so E=0."
wc_45fcccb94b5b6b16ee0449274b26fd5b,wildchat,,654,0,0,"The message is a creative writing/role-play task about a fictional character in a game scenario — the author is not the subject, so P=0, and the tone is entirely task-oriented with no emotional language, so E=0."
wc_aca811052ad7622c0a6f7a13e830e365,wildchat,,25,0,0,"The author is asking for general advice on a training routine (a how-to/logistics question), and while self-involved, it lacks a life-domain personal situation and contains no emotional language."
wc_cbb1edf61cbc485404e89663b5b2d077,wildchat,,74,0,0,"This is a creative writing/game design task where the author is not the subject — they are requesting fictional content about game characters, so P=0 and the tone is purely task-oriented with no emotional language, so E=0."
wc_e8aae7671ae91c2894b718e9e519a5db,wildchat,,13,0,0,"The author is seeking factual information for a test, which is a task/logistical framing rather than a personal life-domain topic, and the language is neutral with no emotional content."
wc_f15c2aee009b4de4d94a509b9e6b60bc,wildchat,,49,0,0,"The author is issuing a technical programming task about Unity terrain generation — not describing their own life situation — so P=0, and the tone is purely task-oriented with no emotional language, so E=0."
wc_b3a248440fe22c038b3396ff0e11d755,wildchat,,89,0,0,This is a task/assignment prompt asking for academic writing on an external topic; the author is not the subject and there is no emotional language.
wc_5f5bc9fcf6e73d562c49dc156f98636f,wildchat,,119,0,0,"This is a fill-in-the-blank language exercise task; the author is not the subject, making it P=0, and the tone is purely task-oriented with no emotional language, making it E=0."
wc_1d35bc9a6e4ca3366ec0739d3f003021,wildchat,,61,0,0,This is a task/creative-writing prompt asking the AI to role-play and generate lottery number predictions — the author is not the subject describing a personal life situation (Rule 1).
wc_57c3a4cee577308ed7726aab58b6b932,wildchat,,87,0,0,This is creative/fictional writing with no author as subject and no first-person emotional language — Rule 1 applies (framing is impersonal/creative).
wc_24a6fa076451907175ca0eb1030dedcc,wildchat,,304,0,0,"The author is asking for technical help with a script (a coding/task request), not describing a personal life-domain situation, so P=0; the tone is neutral and task-oriented with no explicit emotion words or affective phrasing, so E=0."
wc_7f25c92310c62ddd2ce32ace2e30c96e,wildchat,,28,0,0,"The author is requesting a creative writing task (composing a reply), not describing their own life or situation, so P=0 (Rule 1), and the tone is task-oriented with no affective language, so E=0."
wc_769475dc2c895e535fd76d5daa78a739,wildchat,,175,0,0,"The message is a task (summarization request) about a factual/academic topic; the author is not the subject, so P=0, and the language is entirely neutral, so E=0."
wc_45286a721132d585b9298a36041b6933,wildchat,,37,0,0,"The author is asking for a technical how-to (unblocking a website on a Chromebook), which is a logistical/task-oriented question, not a life-domain personal matter, and the language is neutral with no affective phrasing."
wc_9e3a6e3c0de979f624f8b6d6f57b9900,wildchat,,24,0,0,"The author is requesting a creative/naming task for a company, not describing a personal life situation in a life domain, so P=0; the tone is task-oriented with no emotional language, so E=0."
wc_7ac86d46482004d9833e65e692264252,wildchat,,14,0,0,This is a creative/task-oriented request with no personal subject matter and no emotional language.
wc_c38030e4684884c66698172ebb08fa20,wildchat,,81,0,0,"The author is requesting creative game design content (boss fight movelists) — this is a task/creative writing request, not a personal life situation, so P=0 and the tone is entirely task-oriented with no emotional language, so E=0."
wc_2148f1046b3ef052e604a4954fa7f6be,wildchat,,21,0,0,"This is a creative writing request where the author is not the subject — Rule 1 applies, making it P=0, and the tone is purely task-oriented with no affective language, so E=0."
wc_e18230f1108ee437a21162f2539ac8bf,wildchat,,286,0,0,"The author is requesting creative/collaborative worldbuilding for a fictional reality-shifting destination, which is a creative writing/task framing (Rule 1), not a personal life-domain disclosure — P=0; the tone is enthusiastic but contains no explicit emotion words or affective phrasing qualifying for E=1 (Rule 2)."
wc_188d84b321d77e344d711e7b76accf7c,wildchat,,664,0,0,The message is a factual reference guide about Stable Diffusion and prompting techniques; the author is not the subject and there is no personal life domain or emotional language.
wc_0e0a343df57a468076d21dd97628d264,wildchat,,62,0,0,"The message is creative/humorous writing (a parody poem about a video game weapon type), not the author describing their own life situation, so P=0; the tone is playful and rhetorical with no explicit emotion words referring to the author's internal state, so E=0."
wc_3353895a75aed953acdd014bc8111999,wildchat,,71,0,0,"This is a creative/role-play writing request about a third party (Reza Fazekas), not the author describing their own life or situation, so P=0 per Rule 1; the tone is task-oriented with no affective language, so E=0."
wc_f4e3a57e2d08baab08e6e943c7c0fc83,wildchat,,10,0,0,The message is a factual/instructional question about music theory with no personal life domain involvement and no emotional language.
wc_13dce93f849d996a281ca08af841666c,wildchat,,12,0,0,"This is a logistical/task-oriented question about word choice for a creative product, not about the author's own life situation, so P=0 and E=0."
wc_42a1ce431506b45cad66186d85b4c1a8,wildchat,,44,0,0,"The message is a physics homework problem asking for a calculation about sound waves — the author is not the subject, and there is no personal life domain or emotional language."
wc_8ad6f9f9e08d08cc5102d397bb85fb1d,wildchat,,700,0,0,"The message is a technical programming question about a code bug (incorrect chart labels), not about the author's personal life or emotional state."
wc_7dd8f7069700d1daa708b6d3a457a0fc,wildchat,,552,0,0,"This is a creative writing prompt and role-play scenario where the author is crafting fiction about characters (Dean and Akura), not describing their own life or situation — Rule 1 applies, making P=0, and the tone is task-oriented rather than affectively expressive, so E=0."
wc_81d8a2fed94b833a439e27c321724317,wildchat,,19,0,0,"The author is asking a factual question about the Loebner Prize, not describing their own life or situation, so P=0 and the tone is neutral so E=0."
wc_b94b6d21c31483390041d17057c444b4,wildchat,,258,0,0,"The message is a code snippet (a programming task), not a personal statement — the author is not the subject and there is no life-domain topic or emotional language."
wc_9c34a0feb7cfba61a3e7189fd68e4c55,wildchat,,64,0,0,This is a coursework/academic task asking the author to prove a mathematical equivalence — the author is not the subject and there is no personal life domain or emotional language involved.
wc_65091fcb3bb5a6fc4b2d57beb6bb05dd,wildchat,,727,0,0,"The message is a task-oriented content-writing request about a product (a safe), with the author not describing their own life or situation — P=0, and the language is entirely neutral and instructional — E=0."
wc_125831dbe16606f014131b4d47135e3e,wildchat,,13,0,0,"The message is a creative/game task request where the author is not the subject of the message, so P=0, and there are no emotion words or affective phrasing, so E=0."
wc_6b7243d4c2b3b1db8af95c3406cbb7ad,wildchat,,28,0,0,"The message is a translation task (factual/task-oriented), and the author is not the subject — P=0, E=0."
wc_4a92691a87a35bc00db18380538126a9,wildchat,,17,0,0,The author is asking a factual/definitional question about vibration and risk in machinery/playground equipment — not describing their own life situation — so P=0 and the tone is neutral so E=0.
wc_94dc804674e3d4830949aaf498a81a0c,wildchat,,16,0,0,"The author is asking a factual/speculative question about a substance, not describing their own situation or life domain, so P=0; the tone is neutral and curious with no emotional language, so E=0."
wc_77628827c91adfa1db68f47762a1416b,wildchat,,380,0,0,"This is a creative writing/task request asking for an IMDB review of a fictional film, so the author is not the subject — P=0 (Rule 1), and the tone is purely task-oriented with no affective language — E=0."
wc_a97bf20fd1bdbdb669522c1494fddb38,wildchat,,159,0,0,"The author is requesting a rephrasing task (creative/editing work) on a policy memo, so the author is not the subject — P=0; the tone is task-oriented with no emotional language — E=0."
wc_2eadfac18b75d5a50a07f3c61ff3ede0,wildchat,,15,0,0,"The author is requesting a creative/task-oriented suggestion, not describing their own life or situation, so P=0; the tone is neutral and task-focused with no emotional language, so E=0."
wc_5453c1e8ea9f42312aaa4970a99d7b19,wildchat,,11,0,0,This is a logistical translation task where the author is not describing their own life or situation in a personal life domain.
wc_eaaa7b895e94f7fe23849e7fd7950a7a,wildchat,,122,0,0,The message is a technical programming task asking to modify Python code — the author is not the subject and there is no personal life domain or emotional language involved.
wc_ff152e79f029c88ad98a208f31008975,wildchat,,30,0,0,"This is a creative writing/role-play task about fictional characters, not about the author's own life or situation (Rule 1)."
wc_c2265ef1b38a044b32cf78104119d3cd,wildchat,,149,0,0,"The author is requesting a creative writing/game design task (a D&D one-shot), not describing their own life or situation, so P=0 by Rule 1; the tone is purely task-oriented with no emotional language, so E=0."
wc_1bd9a00205c1f57c2f32b040acef3e84,wildchat,,59,0,0,"The message is a task-oriented instruction setting up a creative writing assistant role, with the author not describing their own life or situation in any life domain."
wc_9f1dfba7a99e43f448d47f1215f8ba80,wildchat,,139,0,0,"This is a creative/role-play writing request about a fictional third party (Elisabetta Ventresca), so the author is not the subject — P=0 per Rule 1 — and the language is task-oriented with no emotional expression — E=0."
wc_5eec1557d2d1967736930493368a1706,wildchat,,112,0,0,"This is a creative writing/role-play request where the author is not the subject — Rule 1 applies, so P=0 and E=0 regardless of the content."
wc_966f070836501fa8071793c16483d5b3,wildchat,,24,0,0,"The author is asking a factual/trivia question about wrestlers, not describing their own life or situation, so P=0; the tone is neutral and task-oriented with no emotional language, so E=0."
wc_1790640457bd87a6a4b52821d3a9cade,wildchat,,210,0,0,"The message is a task asking the author to reframe and rephrase academic content about Eurocentrism — the author is not the subject and it is a writing/editing task, so P=0 and E=0."
wc_9c409c414aa527de8b78cb4d00682420,wildchat,,21,0,0,"The message is a task/academic request about a literary topic, with the author not the subject — Rule 1 applies, P=0, and the tone is neutral and task-oriented, E=0."
wc_9b8aee651b45d7d1ae1e94633247c246,wildchat,,108,0,0,"The author is asking a technical/debugging question about code, not describing a personal life situation — P=0; the mild frustration implied by 'where is wrong' does not contain an explicit emotion word or clear affective phrasing — E=0."
wc_f7919cf77de3197b04dd01e9acae89b2,wildchat,,32,0,0,"The author is asking a technical/creative game development question about animation techniques, not describing their own life situation, so P=0; the tone is neutral and task-oriented with no emotional language, so E=0."
wc_7717718977f7e418bb3bbc41727113d3,wildchat,,13,0,0,This is a task/technical request with no personal life domain and no emotional language.
wc_d7fb9f1dfa1d3a25ee39fc74b7da63df,wildchat,,12,0,0,"The author is asking a factual/technical question about code, not describing a personal life situation, so P=0; the tone is neutral and task-oriented with no emotional language, so E=0."
wc_cb44e1246be479b7b70bb52ad12a5f3e,wildchat,,386,0,0,"This is a creative writing/role-play task asking for a fictional sequence to be written — the author is not the subject, making it P=0 by Rule 1, and the tone is entirely task-oriented with no affective language, making it E=0."
wc_f70e2abbc13e593c75f4654f9e3f5e17,wildchat,,704,0,0,"This is a task-oriented jailbreak prompt directed at an AI system, with the author not describing their own life or situation — P=0, and the language is entirely instructional with no emotional expression — E=0."
wc_5cfe60f9978a7a1038b840d08419361b,wildchat,,15,0,0,"This is a creative/hypothetical question about fictional characters (Rey and Ahsoka), not about the author's own life, so P=0; the tone is neutral and task-oriented with no affective language, so E=0."
wc_ddabb7011a5d8cbfd056445a88be1d76,wildchat,,303,0,0,"The author is asking a technical/coding question about a game script, not describing their own life situation — this is a task-oriented programming help request (P=0), and the tone is entirely neutral with no emotional language (E=0)."
wc_af21ef9fa8e2a27d9f54ef852a3ea9c7,wildchat,,33,0,0,"This is a writing/content task — the author is not the subject, they are requesting creative writing for a travel guide book, so P=0; the tone is task-oriented with no emotional language, so E=0."
wc_9a51fde3aabebf24a3ce13c587df5310,wildchat,,29,0,0,"This is a task-oriented technical/academic outline about gravitational energy storage, not about the author's own life situation, so P=0 and E=0."
wc_8025958d0331e9b9a1236f07e64c2866,wildchat,,145,0,0,"This is a creative writing / role-play request where the author is not the subject — it's a story about fictional characters — so P=0 by Rule 1, and the tone is task-oriented with no affective language from the author, so E=0."
wc_65b1f43279794c6892cb6cb458acc485,wildchat,,21,0,0,"The author is asking a factual/conceptual question about biology (monoculture), not describing their own life or situation, so P=0 and the tone is purely curious/neutral so E=0."
wc_77cd283796f962c213581ca6611bf89a,wildchat,,35,0,0,"The author is requesting factual/technical information about industrial safety analysis methods, not describing their own life situation — P=0, and the tone is purely task-oriented with no emotional language — E=0."
wc_f544c26413c9f47e9d6e81b2bd396e6e,wildchat,,49,0,0,"The author is asking a technical how-to question about npm package compatibility, not describing their own life situation, so P=0; the tone is neutral and task-oriented with no emotional language, so E=0."
wc_d9b44803d44ce1d4083422ffd32258a7,wildchat,,25,0,0,This is a technical coding task where the author is not describing their own life situation — it's a programming request with no personal or emotional content.
wc_7afda10cd98b297a43a9ec190fd55d96,wildchat,,868,0,0,"The message is a task request (translate/rewrite an article as news in Russian), with the author not being the subject and no emotional language present."
wc_ff18332abee06f1a654455f4889ae2f8,wildchat,,23,0,0,"The author is asking a technical/factual question about Python string parsing, not describing a personal life situation, so P=0; the tone is purely task-oriented with no emotional language, so E=0."
wc_5356612be2f6ccab42e0d81346ca0df9,wildchat,,112,0,0,"This is a creative writing / role-play request about a fictional third party (Caroline Hertig), so the author is not the subject — P=0 per Rule 1 — and the language is task-oriented with no affective expression — E=0."
wc_cc6e1a57c9fc918abd97bd1211a4d77b,wildchat,,61,0,0,"The author is requesting a creative writing/task prompt for ChatGPT, not describing their own life or situation, so P=0 by Rule 1; the tone is purely task-oriented with no emotional language, so E=0."
wc_2571e96baa10f809b608422c70fbb3c5,wildchat,,114,0,0,"The message is a creative/game-design task requesting fictional enemy movesets, so the author is not the subject and P=0; the tone is entirely task-oriented with no emotional language, so E=0."
wc_bd12999c747d8723c7bb3d9be27d0650,wildchat,,92,0,0,"The author is asking a technical/methodological question about statistical analysis in R for clinical trials — the author is not the subject and this is a task/factual request, not a personal life domain topic."
wc_8029038774444749917660a74d5b74a3,wildchat,,26,0,0,"This is a logistical question about parking — self-involved but not in a life domain — so P=0 per Rule 1b, and the language is neutral with no emotional content, so E=0."
wc_a769c5470e867c8e7188b51481892830,wildchat,,145,0,0,The message is a task-oriented request to summarize an academic/scholarly text about ancient onomastics; the author is not the subject and there is no affective language.
wc_397178e7fd871314ccca63c72f0a5fb9,wildchat,,521,0,0,"The message is a creative writing/role-play task about a fictional fighting game scenario, so the author is not the subject (Rule 1), making P=0, and the tone is entirely task-oriented with no emotional language, making E=0."
wc_74d3a2c574eda24c3b50df96025580e8,wildchat,,279,0,0,"The author is requesting a rewriting/editing task on a third-party text critiquing a scholar, so the author is not the subject and this is a task-oriented request (P=0, E=0)."
wc_f928d2985d372a72157bc6510d1b993c,wildchat,,39,0,0,"This is a creative/speculative fiction question about third-party characters (Arya, Daenerys, Gendry), not about the author's own life or situation — P=0 by Rule 1, and the tone is purely analytical — E=0."
wc_6b87813593e42e967c5e47addf3e5306,wildchat,,104,0,0,"The author is performing an academic writing/editing task about Edward Said's Orientalism — they are not the subject, and the message is a task-oriented request with no affective language."
wc_d422644092c4995e4d22b1e3eebb3496,wildchat,,82,0,0,"The author is asking for a writing/editing task (tidying up a message about a game project), not describing a personal life situation — P=0 by Rule 1, and the tone is purely task-oriented with no affective language — E=0."
wc_8eff28eb78b7828d9a20022adca815fc,wildchat,,10,0,0,"This is a creative writing or analytical task about a third-party subject (SpongeBob and Christian doctrine), not about the author's own life or situation."
wc_a6b02f5eb5a4b60ca3a17c3aff4da267,wildchat,,44,0,0,"The author is giving editorial/task instructions about academic content highlights, not describing their own life or situation, so P=0; the tone is neutral and directive with no emotional language, so E=0."
wc_bd5880d825f482f5f2e40d1688921fd3,wildchat,,60,0,0,"This is a creative writing/role-play request where the author is not the subject, so P=0 (Rule 1); 'overwhelmed' describes a fictional character's state, not the author's own internal state, so E=0."
wc_7dfd4e15677e17af843abf24854fec70,wildchat,,85,0,0,"The author is requesting a creative writing task (a card) for a third party, so despite mentioning personal family details, the framing is a task/creative request — P=0 per Rule 1; the tone is descriptive and task-oriented with no explicit emotion words — E=0."
wc_fc79baace7ee93dea81c6db99f668c50,wildchat,,50,0,0,"This is a task/creative writing request for travel guide content — the author is not describing their own life or situation, making it P=0; the tone is entirely task-oriented with no emotional language, making it E=0."
wc_913444cf5899d9a43adb1c0503b6f81c,wildchat,,13,0,0,"The author is asking a factual/academic question about macroeconomics, not describing their own life situation, so P=0 and the tone is purely task-oriented with no affective language, so E=0."
wc_2c93f8009331616aef710783f6c0c852,wildchat,,35,0,0,"This is a creative writing/role-play task about a fictional character, so the author is not the subject (Rule 1), and the language is task-oriented with no affective phrasing (Rule 3)."
wc_6a544682009fbe8faf0bc260509db312,wildchat,,79,0,0,"The author is assigning a role-play/creative writing task (write tweets as a marketing guru), not describing their own life situation — P=0 by Rule 1; the tone is purely task-oriented with no affective language — E=0."
wc_bd664ccc945e2dee72a2ce112a9bf2e5,wildchat,,760,0,0,"This is a task/instruction message (a jailbreak prompt directed at an AI), not a personal disclosure about the author's own life or situation, so P=0; the tone is entirely directive and neutral with no emotional language, so E=0."
wc_5eba90f14f952dfaf52b16c783ff3c36,wildchat,,31,0,0,"The author is requesting a mathematical/technical derivation task about rotation matrices, not describing their own life situation, so P=0 and the tone is purely task-oriented with no emotional language, so E=0."
wc_7d0469488c895db5049b176e8ac64ad1,wildchat,,250,0,0,"This is a creative writing/screenwriting task with fictional characters as subjects, so Rule 1 applies — the author is not the subject — making P=0, and the tone is task-oriented with no affective language about the author's own state, so E=0."
wc_b8c1624c1fd81fce7a8a841a6a7aa124,wildchat,,14,0,0,"The author is requesting creative/fictional content about a third party, not describing their own life situation, so P=0; the tone is purely task-oriented with no affective language, so E=0."
wc_774ca5eef8c0da83efe05c7dde01a16c,wildchat,,342,0,0,"The message is a creative writing/role-play request for a fictional video game story involving third-party characters, so the author is not the subject (P=0), and the language is purely task-oriented with no emotional expression (E=0)."
wc_29c4b2077fa11e6c47b3c14d3fbfebb3,wildchat,,18,0,0,"The author is asking a factual/hypothetical question about a third party (someone born in 2013), not describing their own situation, so P=0; the tone is neutral with no emotional language, so E=0."
wc_f50fea8385cabfafa965c100f690965d,wildchat,,99,0,0,"The author is asking for help rewriting a work document (a self-evaluation), which is a task/editing request rather than personal reflection in a life-domain sense — framing is task-oriented (Rule 1), and there is no emotional language."
wc_15113c5043cae9a222a586c1899088f7,wildchat,,11,0,0,"This is a creative writing/task request where the author is not the subject, so P=0, and there is no emotional language, so E=0."
wc_4650087962079184bb36a9ce5ec77b44,wildchat,,57,0,0,"This is a writing/academic task requesting a paragraph on a research question — the author is not the subject, making it P=0, and the tone is purely task-oriented with no affective language, making it E=0."
wc_06597b94a7f9f5da989c82e6b113af2f,wildchat,,146,0,0,"The author is requesting help with a work writing task (drafting a memo paragraph), not describing their own personal life situation, so P=0; the tone is entirely task-oriented with no emotional language, so E=0."
wc_c85e08e12b7f145e61a4821110d865eb,wildchat,,20,0,0,"The author is asking a technical/coding question about game scripting, not describing a personal life situation, so P=0; the tone is purely task-oriented with no emotional language, so E=0."
wc_5695e4064dbd0693423ec5346a443310,wildchat,,125,0,0,"This is a paraphrasing task about a historical event; the author is not the subject, making it P=0, and the language is entirely task-oriented with no affective phrasing, making it E=0."
wc_03fce673c2c5aa23b2de588b595d18e9,wildchat,,138,0,0,"This is a creative writing/role-play request where the author is not the subject — it asks for a fictional shooting script with characters, so P=0 per Rule 1, and the tone is task-oriented with no emotional language, so E=0."
wc_6118889ccf50a06231ec901ce02e65fa,wildchat,,92,0,0,"This is a clinical case presentation and prescribing task about a third-party patient, not the author's own situation, so P=0 and E=0."
wc_a256665bc5f8eca969b7afe4d8f25dcb,wildchat,,10,0,0,"The author is requesting a task (generating APA citations for external links), not describing their own life or situation, so P=0 and the tone is purely task-oriented with no emotional language, so E=0."
wc_507db341abeaa17cfb5795ba874f1cb8,wildchat,,207,0,0,"The author is asking a technical/task-oriented programming question about connecting an HTML form to a MySQL database, not describing their own life situation in a personal domain."
wc_4887b097da20d810818b8523459a0f4e,wildchat,,18,0,0,"The author is asking a factual/analytical question about an industry trend, not describing their own life or situation, so P=0; the tone is neutral and task-oriented with no emotional language, so E=0."
wc_f631b6e7a4d35f4c85c2d7837cb8af80,wildchat,,518,0,0,"The message is a technical coding task asking to fix code — the author is not describing their own life situation, making it P=0, and the tone is purely task-oriented with no emotional language, making it E=0."
wc_5a38b795cde2983e4d5b6e896de38cc7,wildchat,,486,0,0,The message is a task/instruction given to an AI agent about researching Hermanubis — the author is not the subject and the message is purely task-oriented with no personal life domain or emotional language.
wc_e41fd7addc8ca00f6e42d0310fdc4820,wildchat,,66,0,0,"The author is posing a technical/statistical question about R code for survival analysis; while they mention their own trial, the framing is task-oriented (requesting code and explanation), not describing a personal life-domain situation."
wc_a4180080033fe3d128e89212ec7a4ab2,wildchat,,346,0,0,"This is a creative writing / story-generation request with detailed fictional criteria; the author is not the subject, so P=0, and the tone is purely task-oriented with no emotional language about the author's own state, so E=0."
wc_761e3b8349bd8a07f98f6c50e706fde2,wildchat,,383,0,0,"The message is a creative writing / analysis task about a fictional film, so the author is not the subject (Rule 1), making P=0, and the tone is task-oriented with no emotional language, making E=0."
wc_10521977f3123cf52c6958bcc9a59f07,wildchat,,70,0,0,"This is a creative writing/role-play request where the author is not the subject, making it P=0 by Rule 1, and the tone is purely task-oriented with no emotional language, making it E=0."
wc_30ee3838dea7ec3e35a645de27754609,wildchat,,178,0,0,"This is a creative writing/screenwriting task involving fictional characters (Caroline and Marcel), not the author's own life or situation, so P=0 per Rule 1; the tone is task-oriented with no emotional language from the author, so E=0."
wc_bb2e028ce3fabf3feaba79c4fb2cb117,wildchat,,159,0,0,"This is a creative writing/screenwriting task with fictional characters as subjects, not the author — Rule 1 applies, making it P=0 and E=0 regardless of the intimate or heavy topic matter."
wc_43ea94f16418839c02f4d1e5723dd575,wildchat,,35,0,0,"The author is not the subject — this is a creative/analytical writing prompt about a fictional third party (Rule 1), so P=0, and the tone is task-oriented with no emotional language, so E=0."
wc_7ead7eec4564188679a8a65f43bed3a2,wildchat,,58,0,0,"The author is requesting a creative/design task for social media content, not describing their own life situation in a personal domain, so P=0; the tone is neutral and task-oriented with no emotional language, so E=0."
wc_fde22e1609adcf903f83289be0846631,wildchat,,47,0,0,"The author is asking a technical coding question (how to modify Java code), not describing a personal life situation, so P=0; the tone is purely task-oriented with no emotional language, so E=0."
wc_3a1fe3b69d2abbe448a6475d06753ba6,wildchat,,17,0,0,"This is a creative writing/role-play task involving fictional characters, so the author is not the subject (Rule 1), making it P=0, and the tone is task-oriented with no affective language, E=0."
wc_cf65bbb5b011013721f056c204dd0fa8,wildchat,,46,0,0,"The author is requesting a factual/task-oriented comparison of gaming hardware specs, not describing their own life situation, so P=0 and the tone is neutral with no affective language, so E=0."
wc_dc6d681c63840c245e0069812767ae5e,wildchat,,12,0,0,"The message is a task-oriented request for a translation utility, not about the author's own life or situation, so P=0; the tone is neutral and task-focused, so E=0."
wc_b89a5c742fc2f78fb78e3fa80677604f,wildchat,,26,0,0,"The author is asking a factual/scientific question about an ingredient, not describing their own life or situation, so P=0; the tone is purely task-oriented with no emotional language, so E=0."
wc_ef878fe51c5b475e6d0fb7e9066b2d8d,wildchat,,15,0,0,"The message describes a third party (a man) in what appears to be a creative writing or role-play prompt, so the author is not the subject (Rule 1), making P=0, and there is no emotional language, making E=0."
wc_4995b1381e86954e0724f322d1b7bc51,wildchat,,126,0,0,"This is a creative writing / role-play request about a fictional third party (Reza Fazekas), not the author describing their own life — Rule 1 applies, so P=0, and the neutral task-oriented framing yields E=0."
wc_7829150148e574fe0082b087c5931874,wildchat,,662,0,0,The message is a task-oriented summarization request about academic notes on Greco-Egyptian religious syncretism; the author is not the subject and there is no affective language.
wc_ee34143dc910b92966a9032d2bf1f7e1,wildchat,,11,0,0,"This is a factual/definitional question where the author is not the subject, so P=0 and E=0."
wc_c12d76bf9a35b84e52b4a0c885f1b953,wildchat,,11,0,0,"This is a factual/analytical question about a literary work, with the author not the subject — P=0 (Rule 1), and the tone is neutral with no affective language — E=0."
wc_012a56cd7d24a8797196443ea25178a0,wildchat,,460,0,0,"This is a creative writing / role-play task asking the AI to write a fantasy novel scene with fictional characters — the author is not the subject, so P=0 per Rule 1, and the language is task-oriented with no affective phrasing, so E=0."
wc_b52f661be49f412afe7750f51a6d3a40,wildchat,,480,0,0,"The author is requesting a creative writing/editing task on a third-party fictional text, not describing their own life or situation, so P=0 and the tone is task-oriented with no affective language, so E=0."
wc_9009dc766c1879cd602c546ba49fd0af,wildchat,,15,0,0,"The author is not the subject — this is a hypothetical/creative/factual question about how third parties (ancient Japanese people) would react, so P=0 and the tone is purely curious with no affective language, so E=0."
wc_f11acdf11d8a02e7263ae98eb01707e4,wildchat,,243,0,0,"This is a creative writing/screenwriting task with the author acting as a director giving instructions for a fictional story — the author is not the subject, so P=0 per Rule 1, and the tone is task-oriented with no affective language, so E=0."
wc_43b97a1d2f6d3196f510bef2e9ec76de,wildchat,,55,0,0,This is a creative/role-play scenario with no author as subject and no emotional language referring to the author's own state.
wc_3329d1385a94b93a20abc0536f24d497,wildchat,,292,0,0,"The message is a system prompt/task specification with a brief AI-generated response — the author is not describing their own life or situation, and there is no emotional language referring to an internal state."
wc_b77db4c9e1ff605b9cf7f02c5343a75f,wildchat,,83,0,0,"This is a creative writing/game design task where the author is not the subject — they are requesting fictional character creation, so P=0 and E=0 per Rule 1."
wc_31bd171ab816ea086407e23333919a5d,wildchat,,16,0,0,"The author is requesting a writing/editing task rather than describing a personal life situation, so P=0, and the tone is purely task-oriented with no emotional language, so E=0."
wc_4c0eab870a91f5a833071ef5fae344e9,wildchat,,80,0,0,"The author is not the subject — this is a task/creative-writing prompt asking the AI to act as a marketer and produce a marketing strategy, making it P=0 by Rule 1, with no emotional language present."
wc_d4ed6ddecfd23bf2fdd366b45938a6e9,wildchat,,33,0,0,"The author is asking a factual/recommendation question about video games, not describing their own life situation, so P=0; the tone is neutral and task-oriented with no emotional language, so E=0."
wc_3bd4f76b9d1b67138a50d9b06b6a66e2,wildchat,,65,0,0,"The author is requesting a creative/game-design task about fictional characters, not describing their own life or situation, so P=0 by Rule 1; the tone is entirely task-oriented with no emotional language, so E=0."
wc_297a8d8250958af340de90418ac96cc7,wildchat,,582,0,0,"The author is asking for an explanation of a technical programming project, not describing their own life situation — this is a task-oriented request with no personal or emotional content."
wc_f6db9d515f0165970266f76d72223e08,wildchat,,72,0,0,"The author is asking a technical/programming question about class structure in C#, which is a task-oriented request — not a personal life domain topic (Rule 1)."
wc_f940511dd468c6c34dc819299dc4df87,wildchat,,66,0,0,"The message is a physics/lab task asking for a theoretical slope calculation — the author is not the subject, and there is no personal life domain or emotional language present."
wc_ecffa404ca8b7e04a721f746f939f16a,wildchat,,398,0,0,"The author is requesting a task (merging two essay outlines) rather than describing their own life or situation, so P=0; the tone is purely task-oriented with no emotional language, so E=0."
wc_8b9d5d6efc69547b50ba90caa41fede3,wildchat,,147,0,0,"This is a task/creative-writing request asking the AI to simulate a fictional monster battle, with the author not describing their own life or situation."
wc_cf39eabf70a7dc2da2e97bf28cdedda1,wildchat,,24,0,0,"This is a task-oriented technical/coding request where the author is not describing their own life situation, making it P=0 and E=0."
wc_2b517b822acc4d613964e8ae8ca9c542,wildchat,,542,0,0,"The message is a task-oriented academic rewriting request about Walmart's business strategy, with the author not as the subject and no emotional language present."
wc_d198b4bc09495d959272284d7855445d,wildchat,,471,0,0,"The message is a task-oriented system prompt directing an AI agent, not the author describing their own life or expressing any emotional state."
wc_775f04b5d4b64a81a2216c4cb90c39e4,wildchat,,533,0,0,"The message is a technical coding task (UI/code modification request with HTML/JS) where the author is not describing their own life or situation — it is a task-oriented request, making P=0 and E=0."
wc_26003567bd9d296f9f6f6b4c57d7015c,wildchat,,25,0,0,"This is a creative writing/task request where the author is not the subject — they are asking for generated content in the voice of historical figures, making it P=0 by Rule 1."
wc_49c565a7d67f1512e83c6bf62712e113,wildchat,,35,0,0,This is a factual/logical fill-in-the-blank task with no personal subject matter and no emotional language.
wc_c977ede68c0850c0fb7a19963299534c,wildchat,,50,0,0,"The author is asking a creative/worldbuilding question about a fantasy setting, not describing their own life situation, so P=0; the tone is purely analytical with no emotional language, so E=0."
wc_2b3e3a2eedcd9373ac8283bec4662009,wildchat,,36,0,0,"The author is asking a factual/technical question about what a specific function in the RimWorld source code does — not describing their own life situation, and the tone is neutral and task-oriented."
wc_379353a6db4960ada8ffb12f08532aa7,wildchat,,169,0,0,"The message is a creative/translation task about a script excerpt — the author is not the subject, so P=0, and the language is purely task-oriented with no affective phrasing, so E=0."
wc_2c0427437cc38cad62c4dcbcf92def4e,wildchat,,518,0,0,"The message is a creative writing / role-play task asking the author to draft a fictional treaty for a fantasy world — the author is not the subject, so P=0 and E=0 per Rule 1."
wc_0f267438ef9d353cd0c53c538d23486b,wildchat,,13,0,0,"The author is requesting a factual/informational list rather than describing their own situation or life domain, so P=0; the tone is task-oriented with no emotional language, so E=0."
wc_fc3f31133f833eaa536347e2ca01ea1c,wildchat,,37,0,0,"The message is a factual/educational mnemonic about the periodic table elements, not about the author's own life or situation, and contains no emotional language."
wc_08d062a0c30ff6eb6e676c5b3c0d1413,wildchat,,34,0,0,"The author is requesting a factual/educational task (interview Q&A on a technical topic), not describing their own life situation, so P=0 and the tone is purely task-oriented with no emotional language, so E=0."
wc_739b16d015736596376ef31911022382,wildchat,,47,0,0,"The author is assigning an analytical task about Amazon (a third party), not describing their own life or situation, so P=0 by Rule 1; the tone is purely task-oriented with no affective language, so E=0."
wc_4ceb33b43e8733259c2cfc85c6d96319,wildchat,,320,0,0,"The author is assigning a creative/professional task (video script visualization) to an AI assistant, not describing their own life or situation — Rule 1 applies, making this P=0, and the tone is task-oriented with no emotional language from the author."
wc_93da9b2f004431dd1268d6806a4374d2,wildchat,,33,0,0,"The author is the subject but the topic is everyday logistics (cleaning a windscreen), not a life domain, so P=0; the language is purely task-oriented with no explicit emotion words or affective phrasing, so E=0."
wc_0695a27ffbd2752b46be2b1630a81beb,wildchat,,161,0,0,"This is a creative writing/game design task — the author is not the subject, and the framing is entirely impersonal (Rule 1), making P=0 and E=0."
wc_dd79f941d72349268d1d710a207da75d,wildchat,,205,0,0,"This is a translation task (factual/logistical request), not a personal or emotional message — the author is not the subject and no affective language is present."
wc_9006a03007f5f3f2f104ce5e1430df03,wildchat,,10,0,0,This is a factual/logistical question about how a brochure is folded — the author is not the subject and there is no personal life domain or emotional language involved.
wc_3c14c803582eebf88233f4944375ae48,wildchat,,43,0,0,This is a factual/language task where the author is not the subject — it's a fill-in-the-blank exercise with no personal or emotional content.
wc_dee7e9819b23fa4a2f0df591c9863bc6,wildchat,,50,0,0,"This is a creative-writing/role-play prompt about a third party (Caroline Hertig), not the author's own life or situation, so P=0 per Rule 1; the tone is task-oriented with no affective language, so E=0."
wc_73322601757201931dd584e484c4af89,wildchat,,10,0,0,"This is a factual question about keyboard layout history, with the author not as the subject and no emotional language present."
wc_af5a9624c6a83ad5fcb203df77767389,wildchat,,115,0,0,"This is a role-play/creative writing task asking the author to compose an email as a fictional department director — the author is not the subject, so P=0 (Rule 1), and the language is purely task-oriented with no emotional expression, so E=0."
wc_7df4ac8dcc258e7650eee963a3152855,wildchat,,342,0,0,"The message is a translation/summarization task about a research study — the author is not the subject, and the framing is entirely task-oriented and factual (Rule 1)."
wc_514a98b9e57ff35f6a1a8b4b63827617,wildchat,,13,0,0,"This is a factual/technical question about cloud storage concepts with the author not as the subject — P=0, E=0."
wc_64a4ba3ca75b8cc9ce91132edd080095,wildchat,,51,0,0,"The author is asking a technical/factual question about audio software and is not describing a personal life situation, making it P=0 and E=0 by Rule 1 and Rule 3."
wc_865b21a4b38b6c3885b5a0dda054163e,wildchat,,131,0,0,"The message is a creative/role-play task asking the AI to simulate a Linux terminal, so the author is not the subject and it falls under task-oriented framing (P=0, E=0)."
wc_62912aaa0347a7bed7e08927012187e8,wildchat,,14,0,0,"The message is a request for financial advice framed as a general how-to question, not a description of the author's own financial situation, so P=0; the tone is neutral and task-oriented with no affective language, so E=0."
wc_f67ee28d18262e66b4a28eaf5ece0b3d,wildchat,,848,0,0,"The message is a creative writing/fanfic request with the author as the author, not the subject — this is a task/creative writing prompt (Rule 1), so P=0, and the tone is entirely task-oriented with no emotional language, so E=0."
wc_90252e98c7247672a6cba99aa9bd4ab5,wildchat,,256,0,0,"The message is a creative writing / role-play task asking for a fictional fighting-game encounter between characters; the author is not the subject, so P=0 (Rule 1), and the tone is task-oriented with no emotional language, so E=0."
wc_dbab311b8a4c5754bfb5e8f1724b12b9,wildchat,,13,0,0,"The author is requesting factual information about a book, not describing their own life or situation, so P=0; the tone is task-oriented with no emotional language, so E=0."
wc_725fd2fb899d627b2529156a10fbbf47,wildchat,,35,0,0,"The author is asking for a text summarization task about a literary/historical topic — not describing their own life or situation, making it P=0 and E=0."
wc_0bc7a91b07c22ad8b9ac8f48e6e964e7,wildchat,,210,0,0,"The author is asking for a code-fixing task on a programming problem, not describing their own life situation, so P=0; the tone is purely technical and task-oriented with no emotional language, so E=0."
wc_9f7efe799b2abcb0ffc4dec2cf9c89b9,wildchat,,30,0,0,This is a technical error message/programming question with no personal life domain and no emotional language.
wc_0a3c2057888b661c4d824129638d3577,wildchat,,263,0,0,"This is a creative writing / alternate history task where the author is not the subject — it is a fictional scenario request, making it P=0 per Rule 1, and the language is entirely task-oriented with no emotional affect, making it E=0."
wc_7ce47332ec8163c7607eca56a3d99c1d,wildchat,,71,0,0,This is a physics problem about a composite wire — the author is not the subject and there is no personal life domain or emotional language involved.
wc_2bbdb06d81300aeb12a3a258267f7575,wildchat,,186,0,0,"The message is a creative/task-oriented request (write a poem, deliver a message) about a news topic — the author is not the subject, so P=0 per Rule 1, and there is no affective language from the author, so E=0."
wc_864fd0450d9d3c1e4c6d7b8f75d94630,wildchat,,11,0,0,The message is a factual question about a statistical concept with no personal framing or emotional language.
wc_09fc1df00ef01912f634799580317b1d,wildchat,,740,0,0,"This is a technical task asking to fix code — the author is not describing their own life situation, making it P=0, and the tone is neutral/task-oriented with no emotional language, making it E=0."
wc_9d1140a32eee87c7bdec15d9de176ea0,wildchat,,187,0,0,"The message is a creative writing/editing task asking for a rewrite of quoted text — the author is not the subject, so P=0, and the tone is task-oriented with no affective language from the author, so E=0."
wc_664047dfbd13f6146b63ede6ec859766,wildchat,,82,0,0,"The message is a role-play/task instruction asking the AI to simulate a Linux terminal — the author is not the subject describing a life domain situation, making it P=0 and E=0."
wc_2c6e544ac382434d2aa02c66c1ad57f1,wildchat,,31,0,0,"The author is requesting a technical tool/task — not describing a personal life situation — so P=0, and the language is purely task-oriented with no emotional words, so E=0."
wc_6c4caee3ab5a019d31988bf37e5b5b5b,wildchat,,185,0,0,"The author is performing an academic writing task (rephrasing a paragraph), not describing their own life situation, so P=0; the tone is entirely task-oriented with no emotional language, so E=0."
wc_757dd29f46fa267315ad4ecfb6fb6224,wildchat,,86,0,0,"This is a creative writing / role-play request about a fictional third party (Anneliese Ehn), so the author is not the subject — P=0 by Rule 1, and there is no affective language from the author — E=0."
wc_df9bf2586f13ffd718817695ebbf7c48,wildchat,,22,0,0,"The message is about third parties (Mary and John) in a creative/narrative framing, so P=0; the emotion word 'happy' refers to a character, not the author, so E=0."
wc_c2e19f88bbaa7cec3e0afc592be334e1,wildchat,,304,0,0,"The author is requesting help with a technical scripting problem (file naming in a download script), which is a task/how-to framing rather than a personal life domain topic, so P=0; the tone is neutral and technical with no explicit emotion words or affective phrasing, so E=0."
wc_58ff2e58dbc9db973103c0b32bea3cf8,wildchat,,744,0,0,"This is a task-oriented AI agent prompt with system instructions and context for completing a research/writing task — the author is not the subject, so P=0, and the language is entirely procedural with no emotional content, so E=0."
wc_47aed45d875b6ec6f87ee870905bfdaa,wildchat,,76,0,0,"This is a creative writing/role-play task asking for a fake article about fictional characters David and Jennifer — the author is not the subject, so P=0 (Rule 1), and the tone is purely task-oriented with no emotional language, so E=0."
wc_da2dcd611d3828d983e03c6ea27d5800,wildchat,,284,0,0,The message is a technical MATLAB code snippet for a traffic simulation — a task/factual domain with no personal subject matter or emotional language.
wc_0ed138cce244a9e328b5786d0b22cd35,wildchat,,10,0,0,"The message is a topic/task prompt requesting information or analysis, with no personal subject matter and no emotional language."
wc_c44afd6621dfabcca702ec14bf74d73b,wildchat,,463,0,0,"The author is presenting a technical coding/CTF challenge with server code for others to analyze — not describing their own life situation — so P=0, and the tone is purely task-oriented with no emotional language, so E=0."
wc_9d674479d55bbbe8e98e4a2cf08eae00,wildchat,,174,0,0,The author is posing a finance/economics problem about asset payoffs and bond pricing — a factual/academic task with no personal subject matter and no emotional language.
wc_a5987f3d115574f6bdff88353dae1c6d,wildchat,,35,0,0,"The message is a task-oriented brainstorming request framed as a creative/logistical exercise, not a personal disclosure about the author's life situation, so P=0 and the tone is neutral with no emotional language, so E=0."
wc_c1e4b900848c60b0e12c44c33fcfe135,wildchat,,69,0,0,"The message is a rewriting/editing task (creative/stylistic request) — the author is not the subject describing a personal situation but rather asking for help reformatting a bio-style blurb, making it P=0 and E=0 per Rule 1."
wc_2063c5ed49354735f8a882db67a32b58,wildchat,,19,0,0,"This is a factual/technical math question where the author is not the subject — it concerns a statistical computation, not a personal life situation."
wc_dc9a048fb997253b3c48d972a6f1ac46,wildchat,,24,0,0,"The author is requesting creative writing examples targeted at a specific category (dads), not describing their own life or situation, so P=0; the tone is task-oriented with no explicit emotion words, so E=0."
wc_59b93acdb2c1bde4a779ecfdeaf72b09,wildchat,,47,0,0,"The author is not the subject — this is a factual/informational task asking for descriptions of classical texts, with no personal topic or emotional language."
wc_de49e1549db7569187a764ccffdcce92,wildchat,,17,0,0,"The message is a role-play/persona request directed at the AI, not a personal disclosure by the author about their own life or situation (Rule 1)."
wc_95215087ba13f77c08c965bd8c386ab1,wildchat,,149,0,0,"The message is a technical/academic task about implementing an LSTM model for Bitcoin price prediction — the author is not the subject, and the tone is entirely task-oriented with no affective language."
wc_f399fb3643fc9664a25de65be43658e6,wildchat,,59,0,0,"The author is not the subject — this is a task/creative-writing prompt asking for educational content generation, so P=0 per Rule 1, and the tone is task-oriented with no affective language, so E=0."
wc_0179f73756d901c4d745be7583ec1d77,wildchat,,35,0,0,"The message is a task-oriented request to summarize a scholarly text about a third party/literary topic, with the author not as the subject and no affective language present."
wc_fef0bd5f9a91e4f20a2a8938c8d55cda,wildchat,,10,0,0,This is a factual question about the world with no personal subject matter or emotional language.
wc_25fdc8c15cf2d7da64fa21ea9579df24,wildchat,,165,0,0,"This is a creative writing/role-play request where the author is not the subject, making it P=0 by Rule 1, and the tone is task-oriented with no emotional language, making it E=0."
wc_008e06d959b1869658ba9de2a6a48c5a,wildchat,,23,0,0,"The message is a task/creative-writing request for a framework about a connected device app, not about the author's own life or situation, so P=0 and the tone is neutral and task-oriented so E=0."
wc_88e8e79ecf8f9a18b9ec3c7c6536206f,wildchat,,313,0,0,"The message is a technical task asking for code evaluation — the author is not the subject, and the framing is purely task-oriented (Rule 1)."
wc_82e0608b752688a6ec17b2835f87e4aa,wildchat,,22,0,0,"The message is a technical/task-oriented scripting question, not about the author's personal life or any life domain, so P=0 and the tone is neutral with no affective language so E=0."
wc_ace6ea6a4f0fd95443f342ddca5b4871,wildchat,,147,0,0,"This is a creative writing/role-play request about a fictional character (Bailey), not the author describing their own life or situation — P=0 per Rule 1, and the tone is task-oriented with no emotional language from the author — E=0."
wc_e6aaa742ab9413bd16001fb5b4aba2b6,wildchat,,729,0,0,"The message is a technical programming assignment specification — the author is not the subject, and there is no personal life domain or emotional language involved."
wc_fefc37ba24ef697756d382c06b2db919,wildchat,,14,0,0,"The author is requesting factual/resource information about external websites (efeds), not describing their own life situation, so P=0 and the tone is purely task-oriented with no emotional language, so E=0."
wc_eef1e65bbec55ed6b6d1093d39c5f4dc,wildchat,,10,0,0,"This is a factual/academic question about physics where the author is not the subject, so P=0 and E=0."
wc_9774f23fd7f412df6b0bfc496029b50b,wildchat,,14,0,0,This is a philosophical/epistemological question with no personal life-domain framing and no affective language.
wc_ab107994a2e2cda68eb995d1b162f13a,wildchat,,44,0,0,This is a creative writing/rewriting task where the author is not the subject — it's a text transformation request with no personal topic or emotional language.
wc_bb27e5bc5584147ddeaec75f69cd6d0f,wildchat,,140,0,0,"The author is requesting a technical programming task (Python code for minesweeper prediction), not describing their own life or situation, so P=0 and the tone is task-oriented with no emotional language, so E=0."
wc_e5b3f8f8bb950e583c95a9de253fa728,wildchat,,13,0,0,"The message is a task-oriented formatting/presentation question, not about the author's personal life domain, and contains no emotional language."
wc_608a83124ba4a55a156c01693e2bf701,wildchat,,23,0,0,"This is a task/creative writing request where the author is not the subject — they are asking for marketing copy for cannabis consumers, not describing their own life or situation."
wc_6d7c953044b60795ec3df9061013d84d,wildchat,,14,0,0,"The author is asking a factual question about fictional characters, not describing their own life or situation, so P=0 and the tone is neutral so E=0."
wc_2699998a4812b001ce5d88f7fbb67933,wildchat,,96,0,0,"This is a creative writing/script-writing request with the author as the task-giver, not the subject, so P=0 per Rule 1, and the tone is entirely task-oriented with no affective language, so E=0."
wc_c257a6990567ce198f4141a221aeae09,wildchat,,16,0,0,"The author is requesting a technical task (writing a web scraping script), not describing their own life or situation, so P=0; the tone is neutral and task-oriented, so E=0."
wc_0ac2f6c7a5b0aa8382804d09887ecb2e,wildchat,,22,0,0,"The author is asking a factual/technical question about Java data types, not describing their own life situation, so P=0 and the tone is neutral so E=0."
wc_5f029630121a45a876533b902522e56e,wildchat,,13,0,0,"The author is requesting a technical task (creating an app) rather than describing a personal life situation, so P=0, and the tone is neutral with no emotional language, so E=0."
wc_6e601c1ccb9f3f78afe6e54efb1d1f49,wildchat,,12,0,0,"The author is asking a factual/philosophical question directed at an AI, not describing their own life situation, so P=0; the tone is neutral and curious with no emotional language, so E=0."
wc_4b5fc85259def61391d0a566f64bf32e,wildchat,,25,0,0,"This is a creative writing request with a fictional subject (Danny the dragon), so the author is not the subject — P=0 by Rule 1, and the tone is task-oriented with no affective language — E=0."
wc_7200c176f40a0dd69b2b844834455b44,wildchat,,33,0,0,"The author is not the subject — this is a factual/analytical question about China's relationship with globalization, not about the author's own life or situation (Rule 1)."
wc_d8c527a450842bd9586df15cc0a0abbc,wildchat,,103,0,0,"This is a creative writing / role-play request (SCP document style) describing a fictional scenario; the author is not the subject, so P=0, and the tone is task-oriented with no emotional language, so E=0."
wc_eae9fe4e3a2de7b05d98eaba0fc0d7d9,wildchat,,69,0,0,"This is a creative writing/game design task where the author is not the subject — they are requesting a fictional character creation, making it P=0 by Rule 1, and the tone is entirely task-oriented with no emotional language, making it E=0."
wc_a5b90840491095a55f6e373ad435724f,wildchat,,17,0,0,"The author is not the subject — this is a creative/hypothetical question about a fictional character (Jon Snow), not about the author's own life or situation."
wc_6b0a864a41ef06e7993d319d6135ebc9,wildchat,,24,0,0,"The author is asking a technical/factual question about Android development (a logistics/task framing), not describing a personal life situation, so P=0; the tone is neutral with no explicit emotion words, so E=0."
wc_681bdb7c24a48c31b75eb51a3165f646,wildchat,,14,0,0,"The author is asking a factual question about a third party (Carlos Castaneda) rather than describing their own life or situation, so P=0, and the language is neutral and curious with no affective phrasing, so E=0."
wc_186f98d7a4842310a300e16acdb136f5,wildchat,,11,0,0,"The author is asking a creative/analytical task about a TV show, not describing their own life or situation, so P=0; the tone is neutral and task-oriented with no emotional language, so E=0."
wc_ebb51693c43aee0f8b947536e071b5b1,wildchat,,83,0,0,"The message is a creative/game-content writing task about fictional monsters, with the author not as the subject — P=0 per Rule 1; the tone is purely task-oriented with no emotional language — E=0."
wc_ae3e6f198279f2f45ba25e660d13f156,wildchat,,105,0,0,"This is a creative writing/role-play request where the author is not the subject, so P=0 by Rule 1, and the language is entirely task-oriented with no emotional expression, so E=0."
wc_a484bdc441f85748d6678e30608fa983,wildchat,,175,0,0,"The message is a task (summarization of academic text) about a third-party topic, with the author not as the subject — P=0; the tone is neutral and task-oriented — E=0."
wc_da31dc4e5ab6728bdbd2478df17094bf,wildchat,,54,0,0,"The messages are discussing a hypothetical game mechanic (Monster Hunter 6) and the authors' preferences about game content, which is not a life domain topic and is framed as gaming discussion rather than personal circumstances."
wc_4ae0dd9653730ec34da97affd2d1f5f0,wildchat,,16,0,0,"The author is asking a factual/educational question about biology concepts, not describing their own life or situation, so P=0 and the tone is neutral and task-oriented, so E=0."
wc_9253aceb2bb385ce48587a9cb6b822ac,wildchat,,90,0,0,"The author is requesting a coding task (creative/technical project), not describing their own life situation, so P=0; the tone is task-oriented with no emotional language, so E=0."
wc_80bd6d6a1394eb4fff92278cc2cc03f2,wildchat,,45,0,0,"The author is asking a factual/technical question about fan wiring colors — a logistics/how-to topic, not a life domain — so P=0 and the tone is purely neutral so E=0."
wc_56c477a32572521148d95e1eadc5844c,wildchat,,421,0,0,"This is a creative writing/role-play request where the author is not the subject — they are asking for fiction to be generated, so P=0 per Rule 1, and the tone is task-oriented with no emotional language, so E=0."
wc_1519117c0fe7306cd9ac5740eac49153,wildchat,,11,0,0,"This is a factual/task-oriented request about a world topic, with the author not as the subject — P=0 and E=0 by Rule 1."
wc_90ca7439ec8cb269cf7e2621d51909a9,wildchat,,27,0,0,"The author is asking for a communication strategy/task (how to phrase a question), not describing their own life situation in a meaningful life domain — this is a logistical/practical how-to request, making it P=0, and the tone is entirely task-oriented with no emotional language, making it E=0."
wc_a402016e0ef3fe0d0ecf455324ffe636,wildchat,,17,0,0,"This is a translation task (factual/logistical), not a personal message where the author is the subject of a life-domain topic."
wc_fc812c609f7eaa1c83fc2a55514f26c8,wildchat,,79,0,0,The author is assigning a task to an AI persona to generate a list — this is a creative/business task with no personal life domain involvement and no emotional language.
wc_6c1ba8223b005277cc1c32081623cbb6,wildchat,,52,0,0,"This is a creative writing/role-play request about a fictional character (Jeff Wilson), not the author's own situation, so P=0 (Rule 1), and the tone is task-oriented with no emotional language, so E=0."
wc_45c54d53f80c8007f1f44738f96e4ddb,wildchat,,20,0,0,"The author is asking a technical/factual how-to question about programming, not describing their own life situation, so P=0 and the tone is neutral so E=0."
wc_c6627a90438cbf832c99227872aa1f9a,wildchat,,24,0,0,"The author is making a logistical/task-oriented request for grammar correction and translation assistance, not describing a personal life situation or expressing any emotional state."
wc_abb84b9565bdc2b6876e20f1f655348a,wildchat,,11,0,0,"This is a factual/technical question about game development tools, not about the author's own life situation, so P=0 and the tone is neutral with no affective language, so E=0."
wc_cfd22168e0d92b9013d90bf85fa565b1,wildchat,,15,0,0,"The author is asking a factual question about a psychological model, not describing their own life or situation, so P=0 and the tone is neutral so E=0."
wc_acf99b9a6321f6d16bec3128a05d16ae,wildchat,,131,0,0,"The message is a creative/role-play task request where the author is not the subject — they are setting up a fictional game scenario — so P=0 by Rule 1, and the tone is entirely task-oriented with no emotional language, so E=0."
wc_23d54df7bf719ff0f689405dff70728e,wildchat,,166,0,0,This is a creative/technical request to remake a logo animation description — the author is not the subject and the topic is not a personal life domain (Rule 1).
wc_06d779cce592e7671fd6d402997fe6d4,wildchat,,29,0,0,"The author is asking a factual/academic question about a specific paper and its model, not describing their own life situation, so P=0 and the tone is purely informational with no emotional language, so E=0."
wc_a8dd1591b68ab2b5e463d88b36efe46e,wildchat,,42,0,0,"The author is asking a factual/informational question about a field of study and career paths, not describing their own personal situation or expressing any emotional state."
wc_365fd94111937bb27e2b2087c339768e,wildchat,,794,0,0,"The message is a scientific lab report/task request about a genomic library construction experiment — the author is not the subject describing a personal life situation, so P=0, and the tone is entirely technical and neutral with no emotional language, so E=0."
wc_bed345958900a7bef13c1977262b7d5b,wildchat,,11,0,0,The message is a technical task (SQL optimization request) with no personal life domain involvement and no emotional language.
wc_5bf52067d1662ebd5ef357ef5b585afd,wildchat,,24,0,0,This is a creative/artistic task request with no personal subject matter and no emotional language.
wc_6dea1d62665136b8dad956712b006bee,wildchat,,781,0,0,"The message is a technical programming task asking for a script modification — the author is not the subject in a personal life domain, making it P=0 and E=0."
wc_1045ff425d143c6dc13e22ff16e361ec,wildchat,,61,0,0,"This is a creative writing / world-building task where the author is not the subject, so P=0 (Rule 1), and the tone is purely task-oriented with no emotional language, so E=0."
wc_06632229013e4efd030e20ec49680962,wildchat,,21,0,0,"This is a task-oriented writing/formatting request about CV content, not a personal life-domain situation, and the language is neutral with no affective phrasing."
wc_9854b9ad51fcced46bb8f56302626fd1,wildchat,,96,0,0,"This is a creative writing / role-play request where the author is not the subject — they are asking for a fictional script, so P=0 by Rule 1, and the tone is task-oriented with no affective language, so E=0."
wc_10ab4866352cff1ece6c8a5ca7c5649c,wildchat,,44,0,0,"The author is requesting factual/informational content about third parties (wrestlers and their matches), not describing their own life or situation, so P=0; the tone is neutral and task-oriented with no affective language, so E=0."
wc_915e6cbd251e2235ba1f7291393c235a,wildchat,,40,0,0,"The author is requesting a travel writing task (creative/informational content creation), not describing their own life or situation, so P=0; the tone is task-oriented with no emotional language, so E=0."
wc_50aa8d7136651a1910a947f63307a525,wildchat,,16,0,0,"This is a creative/analytical writing task about a video game (Half-Life 2), not about the author's own life or situation, so P=0; the tone is task-oriented with no affective language, so E=0."
wc_8f260236b63bc47b1065bc988b306d37,wildchat,,75,0,0,"The message is a creative/task-oriented request to develop a game concept, not about the author's own life or situation (P=0), and the language is purely deliberative with no emotional words or affective phrasing (E=0)."
wc_7a236974b77ead29efd9a5a239ba25d8,wildchat,,21,0,0,"The message is a factual/technical question about code equivalence, not about the author's personal life or situation, and contains no emotional language."
wc_19088ab03bafdbc3ea0c0e4501d749f4,wildchat,,22,0,0,"The author is asking a factual/analytical question about a world topic (air pollution in LA), not describing their own life or situation, so P=0 and the tone is neutral so E=0."
wc_05a3af74ec8896c7d4070309979e9293,wildchat,,601,0,0,"The author is asking for a factual summarization task about an article on Virgil and the Aeneid — this is a task/content request, not a personal life domain matter, so P=0 and E=0."
wc_7b81c9f6cdb1952dd8b3a861f7603cf2,wildchat,,48,0,0,"This is a technical how-to question about Android XML layout — the author is not describing a personal life situation, making it P=0, and the tone is purely task-oriented with no emotional language, making it E=0."
wc_bacfb9a94f33c5962f1e26e58ebe2cdd,wildchat,,449,0,0,"The message is a creative writing/role-play task asking for a fan theory post about fictional characters in a fantasy TV series — the author is not the subject, so P=0 (Rule 1), and the tone is entirely task-oriented with no emotional language, so E=0."
wc_43d162164f211506e14d642ae746683c,wildchat,,10,0,0,"This is a factual/speculative question about a fictional character (Zarya from Overwatch), not about the author's own life or situation, so P=0; the tone is neutral and curiosity-driven with no emotional language, so E=0."
wc_7ee51ef3402ce7b1b58713a1bc1eb4c8,wildchat,,73,0,0,"This is a creative writing request set in a fictional universe with no author self-involvement, making it P=0 by Rule 1, and the tone is task-oriented with no emotional language, making it E=0."
wc_33b5bd96b55aaa73d44aba14f858fbe0,wildchat,,12,0,0,"This is a technical/logistical question about a software issue, not a personal life domain topic, and the language is entirely neutral with no affective phrasing."
wc_3873e7fa7066bf3ace89efed44bc422e,wildchat,,32,0,0,"The author is requesting a creative writing/scripting task for an event, not describing their own life or situation, so P=0; the tone is task-oriented with no emotional language, so E=0."
wc_eef995e37d8faa8a1266fbf0abe75659,wildchat,,102,0,0,"The message is a factual/academic question about statistics concepts, not about the author's own life or situation."
wc_ff816d2103dfe1848aca638f9b38d2bc,wildchat,,22,0,0,"This is a factual/puzzle question with the author not describing their own life or situation, so P=0, and the tone is neutral with no emotional language, so E=0."
wc_717761c8dd040b5086e3e711a5098109,wildchat,,34,0,0,"The message is a task (summarization of a copyright notice) with no personal subject matter and neutral, task-oriented framing."
wc_ba219e279e8265160a26bc82f0a1ab3c,wildchat,,10,0,0,The message is a task/tool request with no personal subject matter and no emotional language.
wc_a0903923d3d23d851ff4a9608ab05916,wildchat,,175,0,0,"This is a creative writing/role-play request where the author is not the subject — Rule 1 applies, making P=0, and the tone is purely task-oriented with no affective language, so E=0."
wc_3b250972f6f63755bf203b19a99403c2,wildchat,,34,0,0,"The author is asking a factual/medical question about blood test findings in general, not describing their own health situation, so P=0 and the tone is purely clinical with no affective language, so E=0."
wc_5ca8db07bba53da29f72f52269577bac,wildchat,,20,0,0,This is a factual math question with no personal subject matter and no emotional language.
wc_590a31bdbfab2541de5858c54e9d84d4,wildchat,,39,0,0,"The author is the subject but the topic is a logistical/how-to question about eyebrow regrowth, not a significant life-domain concern, making it P=0 by Rule 1b, and the tone is neutral with no explicit emotion words, so E=0."
wc_d6f2197ed0b28f9ce0a6bd0485efbd21,wildchat,,11,0,0,This is a translation task (technical/creative writing framing) where the author is not the subject — P=0 by Rule 1; the tone is purely task-oriented with no emotional language — E=0.
wc_ca986d75a10f314ea04bf077ab5697ce,wildchat,,837,0,0,"The message is a technical programming task asking to modify code to add histogram functionality after image transformation — the author is not the subject describing a personal life situation, making it P=0 and E=0."
wc_7cf9b32c4fb97e720bf12053ab35454e,wildchat,,212,0,0,"This is a creative writing/content generation task asking the author to generate Pokémon details — the author is not the subject, so P=0 (Rule 1), and the tone is task-oriented with no affective language from the author, so E=0."
wc_81e8eef1f886e206972b48c737122e28,wildchat,,20,0,0,This is a factual/logical puzzle question with no personal life domain and no emotional language.
wc_f61f89c7c4550a1d26bf70a537502376,wildchat,,10,0,0,"The author is requesting a task (creating flashcards) about a technical topic, not describing their own life or situation, so P=0; the tone is neutral and task-oriented with no emotional language, so E=0."
wc_858e427ef4b417bbf9007192f3221664,wildchat,,383,0,0,"The message is a creative/analytical writing task about a fictional film, not about the author's own life or situation (P=0), and uses entirely neutral, task-oriented language (E=0)."
wc_0dcdd47b6e416c8d87576621bdddc4ae,wildchat,,20,0,0,"The message is a task-oriented request for a cost estimate, not about the author's personal life or situation in a life domain."
wc_8ce24a255ce0d3d760f82e684a8ce9e9,wildchat,,18,0,0,The message is a task-oriented factual/resource request with no personal life domain involvement and no emotional language.
wc_74dc2646570395cab2501d577da95591,wildchat,,62,0,0,"This is a role-play/creative writing task where the author is directing a fictional scenario, not describing their own life situation — P=0 per Rule 1, and the tone is task-oriented with no explicit emotion words — E=0."
wc_1e7b1dfaaf4b5b938c2d12ea1e2b41b6,wildchat,,22,0,0,"This is a task/technical request (writing a query) where the author is not the subject — P=0, and the tone is purely task-oriented with no emotional language — E=0."
wc_de04cd0ab2cc1cb751101a5705ed959c,wildchat,,190,0,0,"The author is not the subject — this is a task asking for academic reframing/elaboration of a scholarly passage, making it a writing/editing request (P=0), with neutral, task-oriented language containing no explicit emotion words (E=0)."
wc_1c21e6ca227f7ae42a7b34f3dbae25f7,wildchat,,20,0,0,This is a task-oriented instruction asking the AI to perform a word-extraction operation on a provided text — the author is not the subject and there is no personal life domain or emotional language.
wc_1af506a64a2764e120f1df66bf3f6b28,wildchat,,49,0,0,"The author is asking a factual/task-oriented question about a citation source, not describing a personal life situation, so P=0; the tone is purely neutral and informational with no emotional language, so E=0."
wc_e52a55777eae7aab01e97fee99960561,wildchat,,70,0,0,This is a physics/buoyancy problem with no personal subject and no emotional language — it's a factual/homework task.
wc_01ad56b73fb5a8913609764e5e1d4fc1,wildchat,,11,0,0,"The author is asking a factual question about a third party (the LA Times), not describing their own life or situation, so P=0 and the tone is neutral and informational, so E=0."
wc_4345a8e5cae603305b744b2e32faf8ee,wildchat,,10,0,0,"This is a writing/task request (add a sentence to an article), not a personal life situation, so P=0; the tone is neutral and task-oriented with no affective language, so E=0."
wc_9c3335345bbe585d46bff3fd8bfff902,wildchat,,613,0,0,"The message is a task-oriented request to summarize an article, with the author not as the subject and no affective language present."
wc_4850bec2d00e40f7005098762fd16343,wildchat,,34,0,0,"This is a task/creative writing prompt directing the AI to act as a research writer using an external URL — the author is not the subject, so P=0 and the tone is purely task-oriented, so E=0."
wc_3bd1535ff15b2a0474ac62eb5861c4a2,wildchat,,46,0,0,"The message is a technical programming question about Kotlin syntax, not about the author's personal life or situation (P=0), and the tone is purely task-oriented with no emotional language (E=0)."
wc_5075c27a75c448736d88577e40b7ed5b,wildchat,,30,0,0,"This is a creative writing task where the author is not the subject, making it P=0 (Rule 1), and the language is purely task-oriented with no emotional expression, making it E=0."
wc_d8033eee87c012993fa4511ce831cb2e,wildchat,,82,0,0,The message is a SQL query optimization task — a technical/logistical request where the author is not describing their own life situation.
wc_f0d7f1fa007e9347544322a3ff6c3d2d,wildchat,,742,0,0,The message is a technical code-fixing task with no personal subject matter and no emotional language.
wc_49ffcbf8af232160e4fab10d6b196933,wildchat,,29,0,0,"The author is making a technical/coding request and is not the subject describing their own life situation — this is a task-oriented message (P=0), with no emotional language (E=0)."
wc_badc4d16c17daa57ca55b632d8829517,wildchat,,403,0,0,"The message is a technical coding task asking to fix errors in Python code — the author is not the subject in a life-domain sense, making it P=0, and the tone is purely task-oriented with no emotional language, making it E=0."
wc_c7d3d941eabbffe03c16c6919741b3e8,wildchat,,51,0,0,"This is a technical scripting/coding question about FiveM game development, not about the author's personal life or situation (P=0), and the tone is purely task-oriented with no emotional language (E=0)."
wc_93e162311c9cbee3f15fd09eb3c1b435,wildchat,,30,0,0,"The author is asking a factual/descriptive question about wrestling holds, not describing their own life or situation, so P=0 and the tone is purely task-oriented with no emotional language, so E=0."
wc_0926f203c184d38d946577f3382f9f84,wildchat,,11,0,0,"The author is asking a factual/informational question about guns and is not the subject, making this P=0 and E=0."
wc_931585a787980d264c1b7d1245b655fc,wildchat,,321,0,0,"The author is assigning a role-play/task (act as Dave) and requesting a marketing strategy document — the author is not the subject, making this a task-oriented creative/professional framing (Rule 1), with no emotional language present."
wc_a469f37a05f7c5b523c56c943282f6ad,wildchat,,79,0,0,"This is a creative writing/role-play request about fictional characters, so the author is not the subject (Rule 1), making P=0, and the tone is task-oriented with no affective language, making E=0."
wc_13ac63e83b26296a3ca6a971367d989f,wildchat,,305,0,0,"This is a creative writing/character design task for a fictional video game — the author is not the subject, so P=0 (Rule 1), and the tone is task-oriented with no emotional language, so E=0."
wc_4f487d76e816a04cdc5c048b034a449b,wildchat,,539,0,0,"The message is a grammar/language exercise asking for correct reported speech answers — the author is not the subject, and the task is purely academic (Rule 1)."
wc_3e1fe5aa3ee41dabcee780fbe3c9a587,wildchat,,483,0,0,"The author is submitting a scientific paper for proofreading — a task-oriented request where the author is not the subject, so P=0 and E=0."
wc_b3698aeaf5654baad2fd1b7252691add,wildchat,,49,0,0,"This is a creative writing/character creation task with no author self-involvement, making it P=0 by Rule 1, and the tone is purely task-oriented with no emotional language, making it E=0."
wc_ff716d0e20d074e82ebd3cb82fa30c2e,wildchat,,231,0,0,"The author is presenting a technical programming task (modifying code for multi-client socket communication), not describing their own life situation — P=0, and the tone is entirely neutral and task-oriented — E=0."
wc_568b6f3731e494f8c2d6489b33c1c886,wildchat,,12,0,0,"This is a creative writing/world-building task about a fictional character, not the author's own life or situation (Rule 1)."
wc_ed1759ae7ac1f6fe906c24a25e6f8fcd,wildchat,,102,0,0,"This is a creative writing / world-building task about fictional characters; the author is not the subject, so P=0, and the tone is task-oriented with no affective language, so E=0."
wc_c212b3b456736942ec4dcd03fc1044dd,wildchat,,21,0,0,"The message is a technical/factual question about RAID configurations, not about the author's own life or situation (P=0), and the tone is neutral and task-oriented with no emotional language (E=0)."
wc_7ce0f96cc7b020fad42cd4f7ac5f6a75,wildchat,,33,0,0,"The author is describing a technical programming task (creating a function for coordinate detection), not a personal life situation, so P=0; the tone is neutral and task-oriented with no emotional language, so E=0."
wc_a8c45fe141426e811122420a2d6d93e3,wildchat,,15,0,0,"This is a role-play/creative writing prompt where the author is setting up a fictional scenario, not describing their own life situation, so P=0; the language is directive and task-oriented with no explicit emotion words, so E=0."
wc_ed2e48a6a98488b5e2edd5a03c29131a,wildchat,,154,0,0,"The author is requesting a creative/game-design writing task about fictional monster licenses, not describing their own life situation, so P=0 and the tone is task-oriented with no emotional language, so E=0."
wc_eba840e49863ca4ee43dd4a2f42c5896,wildchat,,11,0,0,This is a technical/factual coding request with no personal life domain involvement and no emotional language.
wc_bdda3ad46c40c2220230385ecf0bde9f,wildchat,,14,0,0,"This is a task/creative writing request with the author not as the subject, making it P=0, and the tone is purely task-oriented with no emotional language, making it E=0."
wc_2131a3f7da23dd76327f8a8c31204a83,wildchat,,40,0,0,"This is a task-oriented request (add emoji to text) about a professional bio written in third-person framing style, not a personal life situation the author is seeking advice about — P=0, E=0."
wc_6913be20700feb23c633066875d54b63,wildchat,,20,0,0,"The message is a logistical/task-oriented request for a device recommendation, not about the author's life domain, so P=0 and the tone is neutral so E=0."
wc_edeea66c71eb4d20d726a15d030a92c7,wildchat,,186,0,0,"The message is a finance/economics problem set asking the author to solve quantitative questions about asset pricing — the author is not the subject, and the framing is task-oriented (Rule 1)."
wc_6640881b5ae3d0e434e43dafa565f6fe,wildchat,,81,0,0,"The author is asking a task-oriented, technical design question (UX/GUI design) where they are not the subject and the topic is not a life domain — this is a professional/creative task request, not a personal situation."
wc_2e915297ddebf014fb31599598ee478c,wildchat,,70,0,0,"The message is a creative writing/role-play request asking the AI to compose an absurdist post in a persona, so the author is not the subject (Rule 1), making P=0, and the tone is task-oriented with no explicit emotion words, making E=0."
wc_a2d7c2fb87f2796db849e29630681531,wildchat,,29,0,0,This is a creative/word-puzzle task with no personal subject matter and no emotional language.
wc_f3ac6b4de56aab6849bc6b49e17b6957,wildchat,,37,0,0,"The message is a technical debugging question about a Python/OpenCV error, not about the author's life domain — it is a task-oriented, logistical coding problem (P=0), and the language is neutral with no emotional words or affective phrasing (E=0)."
wc_316cca9bd660c6c516f7d0c81a28b260,wildchat,,63,0,0,This is a creative/academic writing task with no personal life domain involvement and no emotional language from the author.
wc_072fc5ed6c9629cb2b14c9ed51c99b4e,wildchat,,49,0,0,"The author is requesting a writing task (travel guide content creation) rather than describing their own life situation, so P=0; the tone is purely task-oriented with no emotional language, so E=0."
wc_ed87d48281061def0696e6a2fa457beb,wildchat,,44,0,0,"This is a creative writing request where the author is not the subject — it involves fictional characters (Lizzie and Arlynn), so P=0 per Rule 1, and the tone is task-oriented with no emotional language, so E=0."
wc_bfe0e19f05e2087869c85559324f13be,wildchat,,46,0,0,"This is a creative writing request where the author is not the subject — Rule 1 applies, making P=0, and the tone is purely task-oriented with no emotional language, so E=0."
wc_f9bd9d9b4442f8aabf82ebfa45eb6aec,wildchat,,24,0,0,"The author is requesting a task (writing a social media campaign) rather than describing their own life situation, so P=0, and the tone is entirely task-oriented with no emotional language, so E=0."
wc_87d4f15838204b90370d0160d17c5b95,wildchat,,20,0,0,"The author is asking a factual/technical question about an Express.js error message, not describing their own life situation, so P=0 and the tone is neutral/task-oriented, so E=0."
wc_4d0c1715cfe315c6310722d6d97069a6,wildchat,,157,0,0,This is a data analysis task where the author is not the subject — it is a factual/analytical request about numerical data with no personal life domain or emotional language involved.
wc_aea726e83c7032f2e7ee9799bcff7ebb,wildchat,,160,0,0,"The author is requesting a creative role-play/game scenario rather than describing their own life or situation, making this a task/creative-writing request (P=0, Rule 1), with no emotional language present (E=0)."
wc_e22645b59f3e79de6d1e6cebf5fcdcfb,wildchat,,471,0,0,"The message is a task-oriented system prompt directing an AI agent, with the author not describing their own life or situation — P=0, E=0."
wc_0600d6db51c6ad792d18a571fe12b0e7,wildchat,,354,0,0,The message is a task requesting summarization of an academic text about a historical deity; the author is not the subject and there is no emotional language.
wc_667ff435d503087b72cb9556e5a1bd2a,wildchat,,47,0,0,"The author is requesting a technical task (build a webpage), so this is a tool/task request rather than a personal life-domain message — P=0 per Rule 1, and the tone is entirely neutral — E=0."
wc_9033b27e69e455862c233c81710c0280,wildchat,,31,0,0,"This is a technical/factual question about Nginx configuration (CORS headers), not about the author's personal life or any life domain."
wc_1dfdad76311f77d75278521dcfd1f415,wildchat,,41,0,0,"The author is asking a factual/cultural question about naming conventions in a fandom, not describing their own life or situation, so P=0 and the tone is purely informational with no affective language, so E=0."
wc_61563428a3024381e8251115d9cf0a8f,wildchat,,15,0,0,"This is a factual/technical editing task about scientific content, not about the author's own life or situation."
wc_359fedc35a0aca9a56af8345f7a4ea28,wildchat,,10,0,0,"This is a creative/copywriting task with the author not as the subject, so P=0, and the tone is purely task-oriented with no emotional language, so E=0."
wc_57522ebf6d94c436313c0ff2aa09d027,wildchat,,10,0,0,"The author is requesting a task/informational output (business ideas), not describing their own life or situation, so P=0; the tone is purely task-oriented with no emotional language, so E=0."
wc_09f2428ce2aaf9201716205c80d1dc51,wildchat,,11,0,0,"The message is a factual/task-oriented question about a game and programming topic, with the author not describing their own life situation or any emotional state."
wc_ce2b567ce1e37473dfad7cdcd5263329,wildchat,,145,0,0,"The message is a task-oriented request (summarize academic/scholarly text) where the author is not the subject — it concerns historical onomastic data and literary references, making it P=0 and E=0."
wc_0d371f27ae609f10ea3d1ba77bb1035c,wildchat,,70,0,0,This is a physics problem (buoyancy/density calculation) with no personal subject matter and no emotional language.
wc_4a8a3e92c9b6f42881f1635e12fe833c,wildchat,,471,0,0,The message is a task-oriented system prompt directing an AI agent to perform technical operations — the author is not the subject describing a personal life situation.
wc_2c8aaa4a335971c05821770064abdef7,wildchat,,337,0,0,"The author is requesting a technical task (code summarization) — they are not the subject describing a life domain situation, so P=0, and the tone is entirely task-oriented with no emotional language, so E=0."
wc_1e4ed5bc9ca5077e5b8659db62f3f606,wildchat,,537,0,0,"The message is a technical coding task asking the author to understand and refactor provided code — the author is not the subject describing a personal life situation, so P=0, and the tone is entirely task-oriented with no emotional language, so E=0."
wc_77df769d49a609dcd64f4003410195ba,wildchat,,11,0,0,"The author is asking a factual/informational question about third parties (city dwellers in Brazil), not describing their own situation or life domain."
wc_683feb3e5969b9cbc6dde04bebbcd0ed,wildchat,,52,0,0,"The author is asking for an educational expansion on a technical topic (Docker), not describing their own life situation, so P=0; the tone is neutral and task-oriented with no emotional language, so E=0."
wc_8eb53c1771195dd3f83f3802b0fdf78f,wildchat,,466,0,0,"This is a translation task (factual/instructional), not authored about the user's own life — P=0 by Rule 1, and the tone is purely task-oriented with no emotional language — E=0."
wc_e34ee1206a0619c24475b8fa22ef9bad,wildchat,,118,0,0,"The message is a gaming discussion thread about a hypothetical game mechanic asking if players would change their in-game character gender — the authors are not subjects describing their own real-life situation, making it P=0, and the tone is deliberative/casual with no explicit emotion words or clear affective phrasing (Rule 1, Rule 3)."
wc_6d6b8b0beedd490c4f56d72915bf11bb,wildchat,,16,0,0,"The author is requesting factual/informational writing about a technical topic (the Source engine), not describing their own life or situation, so P=0; the tone is neutral and task-oriented, so E=0."
wc_9f675a0e15c202a12711645796e5952a,wildchat,,14,0,0,"The author is asking a factual/technical question about CO2 levels in hyperbaric chambers, not describing their own life situation, so P=0 and the tone is purely informational with no emotional language, so E=0."
wc_58c80956355ecea4a8c3ef44ed503470,wildchat,,43,0,0,This is a factual/mathematical question about calculus where the author is not the subject — it's a task-oriented request with no life domain involvement.
wc_249b948bfb712fda893d9f267a455005,wildchat,,398,0,0,"This is a creative writing/fan theory task about a fictional film — the author is not the subject, so P=0 by Rule 1, and the tone is entirely task-oriented with no emotional language, so E=0."
wc_e6a56eaca471d3ba2b426517140575d4,wildchat,,321,0,0,"The message is a technical programming task (Python TCP client code), not about the author's personal life or emotional state."
wc_480539150ecf3eea2b92230f5187e79b,wildchat,,855,0,0,"The author is describing a creative/technical project (a constructed language) and asking for assistance with it — this is a task-oriented request, not a personal life domain topic, so P=0 and the tone is entirely neutral and analytical, so E=0."
wc_78380baa99c4c49df49ae33c1eb1101b,wildchat,,139,0,0,"The message is a technical code snippet (Java programming), not authored by someone describing their own life situation — P=0 and E=0 by Rule 1."
wc_86bbb029a0a472cbc6b2b261e14d391a,wildchat,,16,0,0,"This is a task/writing request where the author is not the subject, making it P=0 by Rule 1, and the language is purely task-oriented with no emotional content, making it E=0."
wc_fba0e05a4ef4b48a2aaf42fc0b7aee94,wildchat,,35,0,0,"This is a task-oriented request for a technical formula, with the author not describing their own life or situation (Rule 1)."
wc_e98f0ea5133d96680e615276869065e0,wildchat,,16,0,0,"The author is asking for a creative/logistical task (channel name ideas), not describing a personal life situation, so P=0; the tone is neutral and task-oriented with no affective language, so E=0."
wc_44b0efab5a4109af1e4781d2ac26e72d,wildchat,,363,0,0,"The author is requesting a creative/informational writing task about fictional power systems, not describing their own life or situation, so P=0 and the tone is purely task-oriented with no emotional language, so E=0."
wc_817d7f90156b1a9bf7a47e22155f1134,wildchat,,457,0,0,This is a technical coding task asking for a code refactor — the author is not the subject and there is no personal life domain or emotional language involved.
wc_aee38230d55d968cf9ab50c309d2dc39,wildchat,,395,0,0,"The message is a technical programming task asking for a code modification to a VBA macro — the author is not the subject describing a personal life situation, so P=0 and E=0."
wc_542714d4e9d8924d5b0d9d5579b2c47d,wildchat,,36,0,0,"This is a creative writing request (role-play/fiction) where the author is not the subject, so P=0 per Rule 1, and the tone is task-oriented with no affective language, so E=0."
wc_986cf5a3ac86de7f48a1b9e9a47223eb,wildchat,,13,0,0,"The author is asking a factual/technical question about CMake; though 'I feel' appears, it expresses an opinion about a technical concept, not an emotional state, and the framing is not personal (no life domain)."
wc_679750b8b2da8205f2a2a3c2ac1565c2,wildchat,,540,0,0,"The author is asking for a technical debugging task on their code (fixing errors in an AlexNet implementation), which is a task-oriented/technical request, not a personal life domain topic — P=0, and the language is entirely neutral and task-focused — E=0."
wc_bedfd64cd2eae0137cc690b1a0794c98,wildchat,,626,0,0,"The message is a creative writing / role-play request (MST3K riff transcript) about a fictional film scenario, so the author is not the subject — P=0 per Rule 1 — and the tone is task-oriented with no emotional language from the author — E=0."
wc_65ef0a96a734d3fb7ebe0233ba7909c7,wildchat,,14,0,0,"This is a content-creation task where the author is not the subject, making it P=0 per Rule 1, and the tone is purely task-oriented with no emotional language, making it E=0."
wc_63b485c6ddcc1fc72b643185124dcbed,wildchat,,50,0,0,"This is a creative writing/role-play request set in a fictional universe; the author is not the subject, so P=0 per Rule 1, and the tone is task-oriented with no affective language from the author, so E=0."
wc_a15037f2ed3077e9e3c611db345dbb5d,wildchat,,193,0,0,"This is a creative writing/screenwriting task about a fictional character (Reza Fazekas), not a message where the author is the subject — Rule 1 applies, making P=0, and the tone is task-oriented with no affective language from the author, so E=0."
wc_a6479cd9a3aaa5bee51415ff52b0fff3,wildchat,,10,0,0,"The message is a task/design question about game mechanics, not about the author's own life or situation, so P=0; the tone is neutral and task-oriented with no emotional language, so E=0."
wc_4d53030c28156330b40f4813e677662b,wildchat,,346,0,0,"This is a creative writing / role-play request about fictional characters, so the author is not the subject — P=0 by Rule 1 — and the tone is task-oriented with no affective language, so E=0."
wc_19118446c82aced668eb15e4f2e45692,wildchat,,15,0,0,"The author is asking a factual/historical question about institutions in two countries, not describing their own life or situation, so P=0 and the tone is neutral so E=0."
wc_c893821886ae7a46ed6ca75cc6cd241f,wildchat,,97,0,0,"The author is asking for help improving a text (a task/creative-writing request), not describing their own life situation, so P=0; the tone is neutral and task-oriented with no explicit emotion words about the author's own state, so E=0."
wc_f5b0b625f3dc6f072adb9e9d629657cd,wildchat,,64,0,0,"This is a creative/fictional task asking the author to generate fighting game movelists for fictional characters — the author is not the subject, so P=0 by Rule 1, and the tone is entirely task-oriented with no affective language, so E=0."
wc_4bc16b277e611ccf8359c1c9c5a381b6,wildchat,,143,0,0,"This is a creative writing / role-play task where the author is not the subject — the 'I' refers to a fictional character in the user's story, so P=0 by Rule 1, and the emotional language belongs to the fictional character, not the author, so E=0."
wc_51ceda5a3637552c423d1a52a5ff28c5,wildchat,,36,0,0,"This is a task/creative-writing prompt where the author is not the subject describing their own life situation, so P=0, and the tone is entirely task-oriented with no emotional language, so E=0."
wc_0b7b95ea519643e2924827ec4c2e21fe,wildchat,,28,0,0,"This is a creative writing / role-play task where the author is not the subject, so P=0, and the tone is purely task-oriented with no emotional language, so E=0."
wc_e76f60e4fe081916b40948a069c77162,wildchat,,13,0,0,"The message is a factual question about app development and store policies, not about the author's own life situation."
wc_ec4584e84a14de78da3132590684dd70,wildchat,,44,0,0,"The author is not the subject — this is a factual finance question or exam problem, not about the author's own financial situation."
wc_f33ae77274bd3ab16177d7eda6e9496a,wildchat,,35,1,0,"The author is the subject asking about a relationship situation (understanding a man's thoughts), which is a personal life domain, but the language is neutral and deliberative with no explicit emotion words or affective phrasing."
wc_27656f244fc4affab22159020249e310,wildchat,,20,0,0,This is a factual math question where the author is not the subject — it's a task asking for a specific value of 'a' with no personal life domain involved.
wc_023ecaf306ac8d445cb6cc4acdd5bed1,wildchat,,16,0,0,"The author is requesting a creative writing task (a funny response), not describing their own life situation, so P=0; the tone is task-oriented with no affective language, so E=0."
wc_b54e70316272e517e53ffdc4533d6184,wildchat,,71,0,0,"This is a creative writing/game design task about fictional characters, so the author is not the subject (Rule 1), making it P=0, and the tone is entirely task-oriented with no affective language (E=0)."
wc_adc1a4723909841e26a69f0bd7f2bd25,wildchat,,311,0,0,"The message is a creative/game design task about fictional video game characters, so the author is not the subject — P=0 per Rule 1, and the tone is entirely neutral and task-oriented — E=0."
wc_5fd0b137369cd24da48e7b1069d91b46,wildchat,,342,0,0,"This is a creative role-play/character setup prompt where the author is assigning a fictional persona, not describing their own life or situation (Rule 1), so P=0 and E=0."
wc_4b483fb9d9d16cfaf59a3ba11b5d262b,wildchat,,23,0,0,"This is a creative writing request about fictional characters, not the author's own life or situation, so P=0; the tone is task-oriented with no explicit emotion words, so E=0."
wc_f3fa430a26c12f58bcc21ba39e6e1f06,wildchat,,500,0,0,"The author is asking for technical help fixing a CSS bug — this is a task-oriented request about code, not a personal life domain topic, so P=0 and the tone is purely functional with no emotional language, so E=0."
wc_792fd50c5ef0c512b7afeff927a40e45,wildchat,,211,0,0,"The message is a UI template/code snippet with no author self-description or emotional language — it is a technical task, not a personal or emotional communication."
wc_6963dd6ff10d1d15799d1e7400055b82,wildchat,,38,0,0,"This is a creative writing/role-play request where the author is not the subject, so P=0 (Rule 1), and the tone is task-oriented with no emotional language, so E=0."
wc_5b0c9ce0be71f6c8872c2655746391a9,wildchat,,42,0,0,"The author is requesting a technical/analytical task about cycling gear ratios — they are not the subject, and there is no personal life domain or emotional language involved."
wc_1900634222e44637cd7fdcbcbc241756,wildchat,,13,0,0,"The author is not the subject — this is a hypothetical/creative question about a third party (a 15th century knight), so P=0, and the tone is purely curious with no emotional language, so E=0."
wc_1cb11bcb38c061c57d9a6631f38ea054,wildchat,,140,0,0,"This is a creative/technical task asking the author to generate HTML code for a webpage — the author is not the subject describing their own life situation, making it P=0 by Rule 1, and the tone is entirely task-oriented with no emotional language, making it E=0."
wc_411587c9a21a87e9a158a7e20a2a6014,wildchat,,76,0,0,"The author is requesting technical guidance for a development task (creative/instructional framing), not describing their own life situation, so P=0; the tone is entirely task-oriented with no emotional language, so E=0."
wc_5658b991bdfa6989ef4cd57505ecd626,wildchat,,24,0,0,"This is a task/logistical request asking the author to generate Excel code, not a message where the author is describing a personal life situation in a meaningful life domain."
wc_173627af30deb4d26a80f7cd9d0d3928,wildchat,,13,0,0,"This is a creative writing/role-play task asking the model to generate a flirty reply, so the author is not the subject and it is logistical/task-oriented (Rules 1 and 3)."
wc_6ab9086f9c2f7e95b493643e123ffec4,wildchat,,24,0,0,"The author is requesting a factual/informational writing task about aliens — not describing their own life or situation — so P=0, and the tone is entirely task-oriented with no emotional language, so E=0."
wc_2ba1666a8b5b6f6f3a892e587c54230c,wildchat,,134,0,0,"The author is requesting a writing/editing task on an academic text about Orientalism — this is a task-oriented request, not a personal life situation, so P=0 and E=0."
wc_45ba3f66521e7783b2ef8778334640f7,wildchat,,14,0,0,"The author is asking a factual question about the world (Chinese apps), not describing their own life or situation, so P=0 and the tone is neutral and curious, so E=0."
wc_b68d21fafe25157cc990a0f48e995b06,wildchat,,10,0,0,"The author is asking a factual/informational question about the world, not describing their own situation or life domain, so P=0 and the tone is neutral so E=0."
wc_0d196e960ba024797820883a0bd99537,wildchat,,210,0,0,"This is a task-oriented content writing request asking the author to produce SEO content about a software plugin — the author is not the subject, so P=0 and E=0."
wc_69ea412c5fd3e54898be2dd3ae585f53,wildchat,,254,0,0,"The message is a technical/scientific text about corrosion analysis, and the author is not the subject; the task is a factual summarization request (P=0, E=0)."
wc_272e99eff16cdbd19cb8d27b89fa8bf6,wildchat,,41,0,0,"The author is requesting a creative writing/brainstorming task (slide titles) about a scientific topic, not describing their own life or situation, so P=0 and the tone is purely task-oriented with no affective language, so E=0."
wc_2438bf61f7e51f55dc1bba4e73c87d1b,wildchat,,15,0,0,"The author is asking a factual/informational question about salary ranges in an industry, not describing their own personal financial situation, so P=0 and the tone is neutral with no affective language, so E=0."
wc_a4207a7dbf4a1755e503a1a9fd940971,wildchat,,315,0,0,"The message is a programming/homework task asking the author to complete a MATLAB function — the author is not the subject in a personal life domain, and the tone is entirely task-oriented with no emotional language."
wc_a71860fa8780b3565f8f5b9aa6b45bd8,wildchat,,69,0,0,The message is a technical log/error output with no personal subject matter and no emotional language — it's a task-oriented debugging question about a PATH configuration issue.
wc_c779c2fac4043526ca60d4f211262520,wildchat,,50,0,0,"The author is requesting a creative writing/travel content task (not describing their own life or situation in a personal domain), so P=0, and the tone is purely task-oriented with no emotional language, so E=0."
wc_6959271df9d39ac840d7f6900891676e,wildchat,,117,0,0,"The author is requesting a professional/technical document (a statistical analysis plan) for a clinical trial — this is a task-oriented request, not a personal life situation, so P=0 and the neutral, analytical tone yields E=0."
wc_16eca7ecb8f70acec084be2adb409551,wildchat,,132,0,0,The message is a creative/role-play task asking the AI to act as a fictional TELEX machine — the author is not the subject and this is not a personal life domain topic (Rule 1).
wc_bea4f7ce552adaeb2ce2955833ebe087,wildchat,,64,0,0,"This is a creative writing/fanfiction task where the author is not the subject — Rule 1 applies, making it P=0 and E=0."
wc_92a569e185298ba200e1aaf08204469a,wildchat,,149,0,0,"The message is a physics lab assignment asking the student to make predictions about wave behavior — it is task/educational framing, not the author describing their own life or situation (P=0), and the language is entirely neutral and instructional (E=0)."
wc_ddfa23ca4270ec4216bda7f15d3e2cb1,wildchat,,25,0,0,"This is a technical/factual question about software development, not about the author's personal life or situation, and contains no emotional language."
wc_a0e425e234c0d4708d7bc2094eb2f2ec,wildchat,,33,0,0,"The author is asking a factual/technical question about bicycle drivetrain mechanics, not describing their own situation or life domain."
wc_9fd039ec86ec5282aa530110ff4e816d,wildchat,,14,0,0,"The author is asking a factual/analytical question about a third-party phenomenon (voter psychology in the 2020 election), not describing their own life or situation."
wc_a6a2896995e0f62d4aff5585c722c997,wildchat,,11,0,0,"The message is a task-oriented instruction asking the AI to adopt a persona, not a personal disclosure about the author's own life or situation."
wc_cbd0a55439a9d9aa76aac3cbf4f0a32a,wildchat,,471,0,0,"This is a task-oriented, technical prompt instructing an AI system to execute commands — the author is not the subject describing a personal life situation, and there is no emotional language."
wc_d4933dbcc8a6d1e4befcafad62eecc4f,wildchat,,97,0,0,"This is a creative/role-play writing task about fictional third parties, not the author's own situation, so P=0 (Rule 1), and the tone is task-oriented with no affective language, so E=0."
wc_516d3d396174184727807240b5c66182,wildchat,,14,0,0,"This is a technical/how-to question about game development (FiveM), not about the author's personal life or feelings."
wc_30de1e99ba5624b0a2a670d6ae4c5ecc,wildchat,,18,0,0,"This is a task/assignment request about a technical topic (Thomas Algorithm), and the author is not the subject — it is a factual/educational coding task, so P=0 and E=0."
wc_fa837581725b910837632c797aa583ca,wildchat,,27,0,0,The author is asking a factual/analytical question about Russia and the war — not describing their own life or situation — so P=0 and the tone is neutral so E=0.
wc_b4aaf1a829975898c73f8637a47fdacd,wildchat,,355,0,0,The message is a task-oriented prompt requesting the AI to generate image prompts for Midjourney — the author is not the subject and there is no emotional language.
wc_f39a7c29a7122975ae5a407808162a26,wildchat,,39,0,0,"This is a translation task (creative/fictional text about third parties), so the author is not the subject — P=0 — and the tone is task-oriented with no affective language from the author — E=0."
wc_60bba87494bd504cc931af29afe936fe,wildchat,,10,0,0,"This is a task/creative request where the author is not the subject, so P=0, and the tone is purely task-oriented with no emotional language, so E=0."
wc_69ee15b15870dfd035e83cb8654cbe01,wildchat,,180,0,0,"The author is requesting factual/analytical business information about Dell, not describing their own life or situation — P=0 by Rule 1, and the tone is entirely task-oriented with no affective language — E=0."
wc_c5ed169d8a02ff65c40088f9ff57946e,wildchat,,13,0,0,"The message is a task/creative request for an app idea, not about the author's own life or situation, so P=0; the tone is neutral and contains no emotional language, so E=0."
wc_b675207d0b7076be22b54c6badf95475,wildchat,,34,0,0,"The author is making a technical/task request (a coding function), not describing their own life situation, so P=0; the tone is neutral and task-oriented with no emotional language, so E=0."
wc_dd31cca00d686f72055e9ca0feab3dfd,wildchat,,15,0,0,"The author is asking a technical/craft question about costume construction for actors, not describing their own life situation or personal domain."
wc_327f47117732821463c79737bacd099b,wildchat,,24,0,0,"The author is issuing a task/educational request about a factual topic and is not the subject, making it P=0 and E=0."
wc_7faf3bae16335772cff6dbbe8b7dad99,wildchat,,38,0,0,"This is a factual/academic multiple-choice question about anthropology with the author not as the subject, making it P=0 and E=0."
wc_4dbf8c5b976950dcb871391737d24320,wildchat,,113,1,0,"The author is the subject describing their own academic/work situation (a life domain — work/career), but the language is deliberative and task-oriented with no explicit emotion words or affective phrasing."
wc_580d7bb1a7285e66333a379b535384ca,wildchat,,234,0,0,"The author is not the subject — this is a creative/design task about a video game character, making it P=0 by Rule 1, and the tone is entirely task-oriented with no emotional language, making it E=0."
wc_37bfba08ac28a4c2e64ccbc2dc3e4ae8,wildchat,,33,0,0,"The author is asking a factual physics question about a cart's motion, not describing their own life situation, so P=0 and the tone is purely curious/analytical with no emotional language, so E=0."
wc_2bf9719a6a367070686c675a00b2aa99,wildchat,,282,0,0,"This is a system/task prompt defining an AI agent's constraints and response format — the author is not the subject describing a personal life situation, and the language is entirely technical and instructional with no emotional content."
wc_042051c160e873fb72b3417461352d2e,wildchat,,43,0,0,"The author is writing a speech on behalf of a third party (a lady in her 60s), so the author is not the subject — P=0 (Rule 1), and the tone is task-oriented with no emotional language — E=0."
wc_c45e0297113a762d9fe65573a61b7907,wildchat,,306,0,0,"The message is a technical coding/homework task asking the author to complete a MATLAB function for a mathematical system — the author is not the subject describing a life domain situation, and the language is entirely task-oriented with no emotional content."
wc_2e67599417c55fe03239ffa02c7f6557,wildchat,,14,0,0,This is a technical task request with no personal life domain involvement and no emotional language.
wc_3e5aa6485948a7cfc045fc7374eb6761,wildchat,,43,0,0,"The author is expressing a gaming opinion/wish list about a game mechanic (Gunlance in Monster Hunter), not describing their own life situation in a personal life domain."
wc_4ae1a28cc7cee595d41bef9ff9045b77,wildchat,,52,0,0,"The author is requesting a factual price comparison task about external tools, not describing their own life or situation, so P=0 and the tone is purely task-oriented with no emotional language, so E=0."
wc_1edf244ffe82d7d60e135d2bdd80cd2d,wildchat,,840,0,0,"The message is a task-oriented request to describe code (a machine learning pipeline), with the author not as the subject of a personal life domain — it is a technical/coursework framing (Rule 1)."
wc_23b4d7703a135a3c3afde4bbb066283c,wildchat,,13,0,0,"The message is a creative writing request with the author not as the subject — it asks for a plot about a fictional character, making it P=0 per Rule 1, and the tone is purely task-oriented with no affective language, making it E=0."
wc_ad4caf493ef1445338482663b4077680,wildchat,,21,0,0,"This is a creative writing request about a fictional character (Omar), so the author is not the subject — P=0 (Rule 1), and the tone is task-oriented with no emotional language — E=0."
wc_e402967772cd5e6e2099c7041e700b2a,wildchat,,861,0,0,"This is a call transcript provided as input for an automated classification task — the author is not the subject but rather submitting external content for programmatic analysis, making it a task/tool-use framing (P=0), and the language is entirely neutral and task-oriented (E=0)."
wc_56a248f6f0f1e60a3ecfe471d7a45dc4,wildchat,,324,0,0,"This is a task-oriented request asking the author to add definitions to a JSON array of words — the author is not the subject, and there is no personal or emotional content."
wc_0d31d7c1e113d9806c8af9e438c22672,wildchat,,11,0,0,"This is a technical/factual question about web APIs; the author is not describing a personal life situation, making it P=0, and the tone is purely task-oriented with no emotional language, making it E=0."
wc_bcdbaa5971a4996bf3f599af01729caa,wildchat,,47,0,0,"The author is requesting a travel guide writing task — a creative/informational writing assignment — not describing their own life situation, so P=0 (Rule 1), and the tone is purely task-oriented with no affective language, so E=0."
wc_36c9b3c928a13a9169e9ec0fe407966b,wildchat,,59,0,0,"The message is a geometry word problem framed around a third-party scenario (a carpenter making a table), not about the author's own life or situation, so P=0; the tone is purely task-oriented with no emotional language, so E=0."
wc_f92b20f41ca158154403cb3268738ca4,wildchat,,451,0,0,"The message is a technical programming task (Java image processing code), not a personal life-domain topic, so P=0 and E=0."
wc_c1df49995d0aa7f2043d19e971d83cf2,wildchat,,15,0,0,"This is a creative writing request about fictional characters, so the author is not the subject (Rule 1), making P=0, and the tone is purely task-oriented with no emotional language, making E=0."
wc_67fa89d76729eada8f40510ac870b3d7,wildchat,,53,0,0,"The author is requesting a creative/informational writing task about hotels in Quebec, not describing their own life or situation, so P=0; the tone is purely task-oriented with no emotional language, so E=0."
wc_81dfa6d5b118eafc421af8e0ace7ecd0,wildchat,,14,0,0,"This is a creative/task request about a fictional subject where the author is not the subject, so P=0, and the language is purely task-oriented with no emotional content, so E=0."
wc_6e6f7db22607c04225bd4637e1a46778,wildchat,,20,0,0,"The author is making a task request (transcription of a video), not describing their own life or situation, so P=0 and the tone is purely task-oriented with no emotional language, so E=0."
wc_2962030ac1755d522166eead4c938fc4,wildchat,,471,0,0,"The message is a task-oriented prompt describing an AI system's constraints and commands, with the author not the subject in any personal life domain — it is a technical/operational instruction set (P=0, E=0)."
wc_8611ccf1e5b2d7b5cd745891eda5e269,wildchat,,169,0,0,The message is a VBA macro code snippet — a technical task with no author as subject and no emotional language.
wc_19e58b3d1873d856b075a40c8dcf4107,wildchat,,118,0,0,"The author is asking for a technical code review (a task), not describing their own life situation, so P=0; the tone is neutral and task-oriented with no emotional language, so E=0."
wc_c2f4fdf68491faa63f5216a1bac08082,wildchat,,34,0,0,"The author is asking a factual/historical question about the 1960s as a subject matter, not describing their own life or situation, so P=0; the tone is neutral and analytical with no emotional language, so E=0."
wc_f689a4564f2657991c070927537d4086,wildchat,,38,0,0,"The author is posing a factual/analytical puzzle task about number patterns, not describing their own life or situation, so P=0; the language is purely task-oriented with no emotional expression, so E=0."
wc_a683cd491d0231138b5445165cb873e3,wildchat,,654,0,0,"The message is a creative writing/role-play task about a fictional character in a fighting game scenario — the author is not the subject, so P=0 per Rule 1, and the tone is entirely task-oriented with no emotional language, so E=0."
wc_5168f8146824d535e6fad0119fe7c940,wildchat,,721,0,0,"This is a task-oriented AI agent prompt with instructions and context for a research/writing task — the author is not the subject, so P=0, and the language is entirely neutral and procedural, so E=0."
wc_cc2006a3f5be4a801eaf5e542fa40d63,wildchat,,23,0,0,"The author is requesting a creative/analytical explanation of a storytelling concept, not describing their own life situation, so P=0; the tone is task-oriented with no emotional language, so E=0."
wc_c6612eed860f3f832151f1e5603356fa,wildchat,,104,0,0,"This is a creative role-play/fiction request where the author is not the subject — they are setting up a scenario with fictional characters from a video game, making it P=0 per Rule 1, and the tone is task-oriented with no affective language, making it E=0."
wc_e8cbee2e259d1dea6eac9da1ca3bce51,wildchat,,156,0,0,"The author is requesting a technical coding task (Python script for a trading strategy), not describing their own life situation, so P=0; the tone is entirely task-oriented with no emotional language, so E=0."
wc_30e18e96cdf693a97d1c5b32041845bd,wildchat,,42,0,0,"This is a task/creative writing request where the author is assigning a writing role, not describing their own life situation, so P=0; the tone is entirely task-oriented with no emotional language, so E=0."
wc_3790c4ade96b19bd3bfc8992f6c9af37,wildchat,,30,0,0,"This is a creative writing request about fictional characters (Gendry and Arya), so the author is not the subject — P=0 by Rule 1 — and the tone is task-oriented with no affective language from the author themselves, so E=0."
wc_11748a2831f49f6a1e200e44b84735a2,wildchat,,33,0,0,"The author is requesting a creative writing task (generating a fictional DC universe), not describing their own life or situation, so P=0; the tone is task-oriented with no emotional language, so E=0."
wc_63f104333fd74e4645a5964e551bc34d,wildchat,,52,0,0,"The message is a technical/factual question about code syntax, not about the author's own life or situation, so P=0 and E=0."
wc_8f1f73b92457dfd49693a9d230e07e95,wildchat,,103,0,0,"This is a creative writing/role-play request where the author is not the subject, so P=0 per Rule 1, and the language is entirely task-oriented with no affective phrasing, so E=0."
wc_5e2ccfe0c278572122dbd6e9a1b54b73,wildchat,,307,0,0,"This is a system prompt/task configuration message — the author is not describing their own life situation, and the tone is entirely technical and procedural with no emotional language."
wc_27402f5080acb4c72f1d3a488d765bbb,wildchat,,33,0,0,"The author is requesting a task (proofreading/editing an email), not describing their own life situation, so P=0; the tone is neutral and task-oriented with no emotional language, so E=0."
wc_54e6017ad6e72e5dfffa27c7751ef897,wildchat,,273,0,0,"This is a creative writing/screenwriting task where the author is not the subject — they are directing an AI to write a fictional film scene with third-party characters, so P=0 by Rule 1, and the tone is task-oriented with no affective language, so E=0."
wc_ba8a045c84e81a624a4fd8cb30c7eaa6,wildchat,,257,0,0,The message is a task-oriented creative writing/formatting request with no personal subject matter and no emotional language.
wc_f4841d6fed7eeb1020b0d3ad2b1cdcc7,wildchat,,401,0,0,"The message is a task request for academic writing (a presentation transcript) about a geopolitical topic, with the author not as the subject — P=0 per Rule 1, and the tone is entirely task-oriented with no emotional language — E=0."
wc_7e09e2ba77125e5ca106f3e352ce26cf,wildchat,,10,0,0,This is a factual question about product features with no personal subject matter or emotional language.
wc_8f42d7f3e75356bfde99b66c4c8d8acc,wildchat,,51,0,0,"The author is making a comparative opinion about video games, not describing their own life situation or expressing a named emotional state."
wc_3c6947826393a840238b561d8fbced95,wildchat,,59,0,0,"The author is requesting a technical coding task (image processing function), not describing a personal life situation, so P=0 and E=0."
wc_c9816e61b16e3d7a5a296f046a25b91d,wildchat,,30,0,0,"This is a technical error message/task (a Python traceback), not the author describing a personal life situation, so P=0 and E=0."
wc_2d4d06385eed9d300e94373194a18a68,wildchat,,269,0,0,"The message is a content creation task requesting a YouTube script on a general psychological topic — the author is not the subject describing their own life situation, making it P=0, and the tone is entirely task-oriented with no affective language, making it E=0."
wc_9a11848ed0cc47dfb7e9dfcb55bfbc7d,wildchat,,25,0,0,"The author is the subject but the topic is everyday technical optimization/logistics (improving CPU gaming performance), not a life domain, so P=0; tone is neutral and task-oriented with no emotional language, so E=0."
wc_d0c466e858f9c400a426cdecaff9ca05,wildchat,,30,0,0,"The author is requesting a factual/informational writing task about environmental laws and nuclear facilities, not describing their own life or situation (P=0), and the tone is entirely task-oriented with no emotional language (E=0)."
wc_aa1920be31ff8ab6bcb8b873e6b272f1,wildchat,,67,0,0,"The author is asking a technical programming question (how to parse output into an array), not describing a personal life situation, so P=0 and the tone is task-oriented with no emotional language, so E=0."
wc_fe7ff7fa19eedd29626cc48f3b6f3919,wildchat,,23,0,0,"The author is requesting factual/reference information for a writing task, not describing their own life situation, so P=0; the tone is purely task-oriented with no emotional language, so E=0."
wc_540dd7db19e3118554bf9529332ba416,wildchat,,15,0,0,"The message is a task/creative writing request about a general topic, not about the author's own life or situation (Rule 1)."
wc_13f3393e76b65303cbfaaba2143041af,wildchat,,631,0,0,"The message is a creative/editorial task (reformatting a TV show episode summary into a past-tense list), not the author describing their own life or situation, so P=0 and E=0."
wc_0c86cc3fb19cf08d94b11c6201f3b14d,wildchat,,22,0,0,"The message is a grammar-correction task with the author not describing their own life situation, and while 'gosh i wish' expresses mild longing, it does not rise to an explicit emotion word or clear affective phrasing about an internal state per Rule 2."
wc_0e374e27f313119984e8a3569d7c65c2,wildchat,,29,0,0,"The author is asking a factual/technical question about gene-editing, not describing their own life situation, so P=0; the tone is neutral and curiosity-driven with no emotional language, so E=0."
wc_4b615d3b2d476df37bb96922dcbe116b,wildchat,,47,0,0,"The message is a task-oriented instruction to an AI about how to answer questions, with no personal life domain content and no emotional language."
wc_20b0129baae502000840399d84bae6b8,wildchat,,248,0,0,"This is a creative writing / role-play request where the author is not the subject — they are asking for a fictional shooting script about third-party characters, so P=0 and E=0 per Rule 1."
wc_1f8953b9851d165e90fd21393ae19695,wildchat,,53,0,0,"This is a content-creation task (writing a travel guide section) with the author not as the subject of the topic, making it P=0, and the tone is purely task-oriented with no emotional language, making it E=0."
wc_75e92deeaacd37fa8b192927acf445c1,wildchat,,501,0,0,"This is creative fiction/role-play about fictional alien giants visiting a fictional world — the author is not the subject, so P=0 per Rule 1, and the tone is narrative/descriptive with no explicit emotion words from the author, so E=0."
wc_0f788794573a748cb88eae2e0d4d5c30,wildchat,,17,0,0,"This is a creative writing request about a fictional character, so the author is not the subject (Rule 1), making P=0, and the tone is task-oriented with no emotional language, making E=0."
wc_9fb7856fc867a3b73dcb76e076a4cdf5,wildchat,,17,0,0,"The author is not the subject — this is a creative/worldbuilding task asking for fictional organizational details, making it P=0 by Rule 1, and the tone is entirely task-oriented with no emotional language, so E=0."
wc_2b36639f88cfd2a4c0b005f261928770,wildchat,,63,0,0,"This is a creative writing/role-play request about fictional characters, so the author is not the subject — P=0 per Rule 1; the tone is task-oriented with no affective language — E=0."
wc_0294cc6c92ff7d54e3b625da6b5ab3e4,wildchat,,121,0,0,"This is a creative writing/role-play request where the author is not the subject — it's about fictional characters Christian and Selina — so P=0 per Rule 1, and the tone is task-oriented with no affective language from the author, so E=0."
wc_72c1e290a3eca4023ec84b8e2c12b9ae,wildchat,,13,0,0,"This is a creative/intellectual task (debating historical figures) where the author is not the subject, so P=0, and the tone is purely task-oriented with no emotional language, so E=0."
wc_15dfdb62b5f68f9ce49d733b09cdc342,wildchat,,13,0,0,"This is a factual/analytical question about macroeconomics with the author not as the subject, so P=0 and E=0."
wc_e910d01218a6b0be35d9be69bb606d56,wildchat,,15,0,0,"The author is not the subject — this is a creative/fictional narrative request about a fictional scenario, so P=0, and the tone is purely task-oriented with no emotional language, so E=0."
wc_a644e15d85447f36c047b6b647d82b55,wildchat,,48,0,0,The message is a math/task question about adjusting numbers in a list — the author is not the subject and there is no personal life domain or emotional language involved.
wc_4f7d4183cf0316cce0c8c118fc86b032,wildchat,,27,0,0,"The author is asking a factual/legal question about intellectual property rules, not describing a personal life-domain situation, and the language is neutral with no affective phrasing."
wc_c6d1a64ec03af03d84c01db6fe2d56ec,wildchat,,280,0,0,"This is a creative writing / role-play prompt about a fictional third party (Alice Flamand/Caroline Hertig), not the author's own life or situation, so P=0 per Rule 1; the tone is task-oriented with no emotional language from the author, so E=0."
wc_688023e1f9934f1f5a6aa254f2909c51,wildchat,,11,0,0,This is a factual/task question about game mechanics; the author is not the subject and there is no emotional language.
wc_d4953bb6af5482aef0bc5aed0dd2bcea,wildchat,,364,0,0,"The message is a creative/academic writing task request where the author is not the subject — it asks for an academic paper on orientalism and Western feminism, making it P=0 (Rule 1), and the language is task-oriented with no explicit emotion words, making it E=0."
wc_50507a60604583440d16602ac1ce46d1,wildchat,,166,0,0,"This is a creative writing/script request where the author is not the subject, making it P=0 per Rule 1, and the tone is task-oriented with no emotional language, making it E=0."
wc_211d39bf5fff5a74a0df9f45d85096d2,wildchat,,747,0,0,"This is a task-oriented system prompt with instructions for an AI agent to research and write an essay — the author is not the subject, and there is no emotional language present."
wc_4def7a37b0cd7758a76cf2c2ea7aa0a4,wildchat,,22,0,0,This is a technical programming question with no personal life domain and no emotional language.
wc_8670e7f4d4babef8410c36780794cd2a,wildchat,,62,0,0,"This is creative/role-play fiction describing third-party characters, so the author is not the subject (P=0), and the language is purely descriptive with no emotional expression (E=0)."
wc_e0b5da865d31c8859776334a5d3bdc05,wildchat,,381,0,0,"The message is a creative writing/role-play task asking for a fictional IMDB review of a made-up film — the author is not the subject, so P=0 (Rule 1), and the tone is entirely task-oriented with no emotional language from the author, so E=0."
wc_2cd4b4d0d855969aca5b4b6f26f5b6b0,wildchat,,113,0,0,"This is a creative writing/role-play task asking for fictional wrestler move lists — the author is not the subject, so P=0 (Rule 1), and the tone is task-oriented with no emotional language, so E=0."
wc_6fafe44c1d1277a2510567f2c48ff66c,wildchat,,550,0,0,"The author is asking for a technical coding task (migrating C# SQLite code to sqlite-net-pcl), not describing a personal life situation, so P=0 and the tone is task-oriented with no emotional language, so E=0."
wc_d2364527af2c66cd424af84412e9f8fe,wildchat,,565,0,0,"The message is a code-correction task with no personal life domain content and neutral, task-oriented framing."
wc_b06e6557e834368b1c7fd88fd449243b,wildchat,,97,0,0,"This is a creative writing/role-play task about fictional wrestlers — the author is not the subject, so P=0 by Rule 1, and the tone is purely task-oriented with no affective language, so E=0."
wc_7565b80dbdb4e84108cb7da4fe8d0acf,wildchat,,42,0,0,"The author is not the subject — this is a factual/informational question about third parties (wrestlers and their matches), so P=0, and the tone is entirely neutral and task-oriented, so E=0."
wc_6bc81a0f7c73eaf8e5449e6191563860,wildchat,,352,0,0,"The message is a task-oriented instruction to organize and summarize articles, with the author not describing their own life or situation — P=0, and the tone is entirely neutral and procedural — E=0."
wc_311249103a2aae49aff26b81069300f7,wildchat,,87,0,0,"The author is requesting a creative/writing task (dissertation conclusion) about their research project — this is a task-oriented request, not a personal life-domain disclosure, so P=0 per Rule 1, and the tone is neutral with no affective language, so E=0."
wc_178484bef5833de718c65d3d22f18ef8,wildchat,,12,0,0,"The author is requesting a creative/informational task (a hypnosis script in Dutch), not describing their own life situation, so P=0 and the tone is purely task-oriented with no affective language, so E=0."
wc_df4578cd37a44ebf8d5378d22aaa034b,wildchat,,101,0,0,"The author is asking a factual/technical question about a file on their PC; while self-involved, the topic is a technical/logistical matter (not a life domain), so P=0, and the language is neutral and deliberative with no emotional affect, so E=0."
wc_94fdb22dd49c8a0c8a6dea61459d3298,wildchat,,377,0,0,"The message is a task requesting academic writing assistance on a third-party topic (orientalist discourse and Western feminism), so the author is not the subject — P=0 — and the tone is entirely task-oriented with no affective language — E=0."
wc_ca8b12e9cb63ef767934c6778e182b12,wildchat,,29,0,0,"The message is a task/creative writing instruction directed at an AI research writer persona, so the author is not the subject (Rule 1), making P=0, and the tone is purely task-oriented with no affective language, making E=0."
wc_0070a380dff91e2ee498b032f284b48b,wildchat,,31,0,0,This is a creative/fictional character description with no author as subject and no emotional language from the author.
wc_e19e3e173779e4750980e2324d5009b3,wildchat,,159,0,0,"The message is a technical how-to request about software installation steps, with the author not describing their own life situation — it is a task-oriented, logistical query (P=0, E=0)."
wc_942fdf6d3ac7988f3521b6c5aea802d2,wildchat,,122,0,0,"This is a creative writing/role-play request set in a fictional universe with third-party characters, so P=0 per Rule 1; the tone is task-oriented with no explicit emotion words referring to the author's own state, so E=0."
wc_122bdcb79ece967f70127aa48b2021e7,wildchat,,419,0,0,"This is a technical coding task requesting code modification — the author is not the subject describing a personal life situation, making it P=0, and the language is entirely task-oriented with no emotional content, making it E=0."
wc_ba126086504a4bd2f07f3424a87e17c1,wildchat,,21,0,0,"The author is asking a creative/hypothetical question about a fictional character (Doctor Who), not describing their own life or situation, so P=0; the tone is purely curious and task-oriented with no emotional language, so E=0."
wc_4aa327131cc3cf1d6349eced5d113b5e,wildchat,,48,0,0,"This is a creative writing request (role-play/fiction) where the author is not the subject — Rule 1 applies, so P=0, and the tone is task-oriented with no affective language, so E=0."
wc_a022a2c6319ab90b13dd5d3fa1c5bf4d,wildchat,,59,0,0,"This is a task/creative writing request directed at an AI research writer persona, not a personal account of the author's own life situation (Rule 1)."
wc_bb67fa241a042f15789f68aaec83c6a4,wildchat,,11,0,0,"This is a factual/logistical request for a resource link, not about the author's life or situation, so P=0; the tone is neutral with no emotional language, so E=0."
wc_578bcc55cc9584a9f3bb19e545569a78,wildchat,,63,0,0,"The message is a creative writing/game design task about fictional characters, so the author is not the subject (Rule 1), making P=0; the tone is purely task-oriented with no emotional language, so E=0."
wc_22b9ee0ffaa0a0ceb2cd9c11fe5e5083,wildchat,,23,0,0,"This is a factual/academic question about legal classifications, not about the author's own life or situation, and contains no emotional language."
wc_eb654657397307e5097541a33cfcb696,wildchat,,131,0,0,"This is a creative writing/role-play request where the author is not the subject — they are asking for a fictional script, so P=0 per Rule 1, and the tone is task-oriented with no emotional language, so E=0."
wc_aa1340cffb97b4ebd5cd15c2324d9e6d,wildchat,,13,0,0,"Although the author is self-involved, the question is a task-oriented how-to about rhetorical techniques, not a personal life-domain issue, so P=0 and the tone is neutral with no affective language, so E=0."
wc_16a11f6eb540f72727395943610eda03,wildchat,,813,0,0,"The message is a creative writing request with AI-generated screenplay content — the author is not the subject, making it P=0 per Rule 1, and the tone is narrative/task-oriented with no explicit emotional language from the author, making it E=0."
wc_e2b4ff9540aaa5fd9471fda4f0412300,wildchat,,494,0,0,"The author is requesting a writing/editing task (rewriting a research paper introduction) rather than describing their own life situation, so P=0; the tone is task-oriented with no emotional language, so E=0."
wc_ba2106f1ad3862823146b0b7d23ccf86,wildchat,,71,0,0,"This is a creative writing/role-play task where the author is not the subject — it is a request to generate a fictional story, so P=0 and E=0 by Rule 1."
wc_3f2597f75625727c9b4b78e909a817a7,wildchat,,42,0,0,"The author is not the subject — this is a factual/descriptive question about physical events, not about the author's own life or situation."
wc_f73ffc573b11ec8371b6facb61a83181,wildchat,,61,0,0,"The author is asking for help with a writing/analytical task about a literary text, not describing their own life or situation, so P=0; the tone is task-oriented with no emotional language, so E=0."
wc_8c4f5e62ba5798f76d0813fdeddca9a7,wildchat,,32,0,0,"This is a creative writing/task request where the author is not the subject — they are asking for subtitle text for a radio program, which is a content creation task, not a personal life domain matter (Rule 1)."
wc_2e3230d654009dc33d12e6adb179a0c7,wildchat,,10,0,0,"The author is requesting a creative/descriptive task about a third party, not describing their own life or situation, so P=0; the tone is neutral and task-oriented with no affective language, so E=0."
wc_6961cb5be191784edd90d83d4e0657df,wildchat,,11,0,0,This is a straightforward recipe request with no personal life domain involvement and no emotional language.
wc_6070e6d39b34c0ef03e05b035f8cc4f0,wildchat,,36,0,0,"The author is requesting a technical coding task (rewriting a script), not describing their own life situation, so P=0; the tone is neutral and task-oriented with no emotional language, so E=0."
wc_9dcbdb57f8e09619411af22acadab8f8,wildchat,,443,0,0,"The author is not the subject — this is a task-oriented request for curriculum design and article structure suggestions, making it a creative/professional writing task rather than a personal life domain message."
wc_02bc331f5cac8e52ac1d7a1a9210d158,wildchat,,28,0,0,"The author is asking a technical/creative development question about VR mechanics, not describing their own life situation, so P=0; the tone is neutral and task-oriented with no emotional language, so E=0."
wc_c2ccd85c4cb3a4a875ae96d32b126c90,wildchat,,827,0,0,"The message is a task/creative-writing prompt asking the AI to adopt a persona, not a personal disclosure about the author's own life or situation (P=0), and the tone is entirely instructional with no emotional language (E=0)."
wc_fb43d08a61fdf0de897a285551fdc4c8,wildchat,,25,0,0,This is a technical task/coding request where the author is not the subject describing their own life situation — it's a programming task (Rule 1).
wc_959d7fd471bc83d2dc31fda31cbe5f59,wildchat,,118,0,0,"The author is giving a task/instruction to an AI for creative image generation, not describing their own life or situation, so P=0; the tone is purely task-oriented with no emotional language, so E=0."
wc_df6cd8530fb4338a80c87612c827104f,wildchat,,411,0,0,The message is a technical coding task asking to refactor Java code into an ECS architecture — the author is not the subject and there is no personal life domain or emotional language.
wc_1be09ceb28e9eab04f32a373173700ef,wildchat,,135,0,0,"The author is asking for help with a coursework task (improving a food science process diagram), which is a logistical/academic task rather than a personal life-domain topic, so P=0; the tone is neutral and task-oriented with no explicit emotion words or affective phrasing, so E=0."
wc_246f2c62965e0d4a5ae10ea7525e9b0a,wildchat,,192,0,0,"This is a creative writing/screenwriting task featuring a fictional third party (Caroline Bertier), so P=0 per Rule 1; the author is not the subject, and the tone is task-oriented with no emotional language about the author's own state, so E=0."
wc_a187319e5dde431e4ef8b37dad384c49,wildchat,,19,0,0,The message is a factual question about logic/mathematics with no personal subject matter and neutral tone.
wc_d1b5ab44416e79621406ea9e51d42f2f,wildchat,,11,0,0,This is a factual/academic writing task with no personal life domain involvement and no emotional language.
wc_e0e2d97189888515ae05e918b3ee9b66,wildchat,,24,0,0,"The author is asking a factual/interpretive question about a video game (Half-Life 2), not describing their own life or situation, so P=0; the framing instruction 'sympathetic way' is a stylistic directive, not an expression of the author's own emotional state, so E=0."
wc_bf8ee4a1de6be349fe79814dbf3c120e,wildchat,,10,0,0,"The author is asking a factual/historical question about the world, not describing their own life or situation, so P=0 and the tone is neutral so E=0."
wc_f2587a25f22737f6874b3f6e93ac7e6e,wildchat,,166,0,0,"This is a creative/role-play writing task about a fictional third party (Alienor Cuillerier), so the author is not the subject — P=0 per Rule 1 — and the tone is task-oriented with no affective language from the author — E=0."
wc_8247bc77598fa466e8f2dec417d225b7,wildchat,,13,0,0,"The message is a task/technical request (output tokens for testing), not about the author's personal life or domain, and contains no emotional language."
wc_db6680de4aafc3e4bfbb9ca8c1b105b2,wildchat,,708,0,0,"This is a creative writing/role-play request where the author is not the subject — they are asking for fiction to be written about fictional characters (Rule 1), making it P=0 and E=0."
wc_9a0a89d1e4c0dffb6a1d57097393d60f,wildchat,,11,0,0,"This is a creative writing/task request where the author is not the subject — Rule 1 applies, making P=0, and the tone is purely task-oriented with no emotional language, so E=0."
wc_f461ac8f72ce59ac80b6cf5093330154,wildchat,,22,0,0,"The author is not the subject — this is a creative writing request about a third party (Brandon), so P=0, and there is no emotional language, so E=0."
wc_786de0ebe73fab7624c7090079eb5b93,wildchat,,30,0,0,"This is a creative/game-design task where the author is not the subject, making it P=0, and the language is entirely neutral and task-oriented, making it E=0."
wc_15dd31e46f72f44a23c6ed8b706ef777,wildchat,,30,0,0,"The author is requesting a task (writing an essay) on a factual/analytical topic, not describing their own life or situation, so P=0; the tone is purely task-oriented with no emotional language, so E=0."
wc_4e662509261b51fc81f80bb6b673e515,wildchat,,57,0,0,"The author is posing a spatial/logical puzzle task, not describing their own life situation, so P=0; the tone is neutral and task-oriented with no affective language, so E=0."
wc_2d703d30e49a5a2fa95d607cf04cecb5,wildchat,,39,0,0,"This is a task/factual instruction directing the AI to answer questions about the novel 1984, with no personal life domain involvement and no emotional language."
wc_f39d8f8b258ad2613cd41f5c1fc2bf6b,wildchat,,30,0,0,"The author is asking a technical/coding how-to question about game development, not describing their own life situation, so P=0 and the tone is purely task-oriented with no emotional language, so E=0."
wc_8e7e8a740a3213991534876837591fd4,wildchat,,13,0,0,"This is a creative writing/game design task where the author is not the subject, so P=0, and the tone is purely task-oriented with no emotional language, so E=0."
wc_76cba8506a5d4db2ed713299af76d172,wildchat,,40,0,0,"The author is requesting creative/role-play writing about third parties, not describing their own life or situation, so P=0; the tone is neutral and task-oriented with no explicit emotion words, so E=0."
wc_a45ad9e1f2ed6d816c594251d4b90316,wildchat,,178,0,0,The author is assigning wrestling moves to fictional characters in a game — a creative/task-oriented request with no personal life domain involvement and no affective language.
wc_477718342b6ed69d21d552ac7a6e7e90,wildchat,,15,0,0,"This is a creative writing/role-play task with the author not as the subject, so P=0, and the tone is purely task-oriented with no emotional language, so E=0."
wc_e21bddedd71940516eae3620334118d4,wildchat,,31,0,0,"The author is requesting a creative/academic writing task about a literary topic — they are not the subject, so P=0 and the tone is task-oriented with no emotional language, so E=0."
wc_38a2412480abad00eeb9b9144d5d9707,wildchat,,128,0,0,"This is a task-oriented creative/technical request to generate HTML code for a website — the author is not the subject describing their own life situation, so P=0, and the tone is entirely neutral and task-focused with no emotional language, so E=0."
wc_a3bcb68083b6586ad53d5bfc43ff3123,wildchat,,22,0,0,"This is a technical/factual question about software functionality; the author is not describing a personal life situation, making it P=0 and E=0."
wc_0b52cd936834bc875860df527333e995,wildchat,,11,0,0,"This is a task-oriented technical question about Excel formulas, not about the author's personal life or situation, and contains no emotional language."
wc_a27ab546f659246b0f4a54f330f983da,wildchat,,12,0,0,The message is a factual statement about a world event; the author is not the subject and there is no emotional language.
wc_e4b4eb9df7b4785d851ad9a2df0d4ac7,wildchat,,14,0,0,"The author is asking a factual/educational question about a medical topic, not describing their own situation, so P=0 and the tone is purely informational with no affective language, so E=0."
wc_cc6bb7c92ffd89cb2e36f22324780134,wildchat,,97,0,0,This is a creative writing/role-play task about fictional wrestlers — the author is not the subject — so P=0 and E=0 by Rule 1.
wc_4179d5e8421bdb821311913fc8f5a4e4,wildchat,,24,0,0,"The author is asking a factual/philosophical question about language models, not describing their own life or situation, so P=0; the tone is purely analytical with no emotional language, so E=0."
wc_f07f840434e92155f34926feb3cd1a15,wildchat,,134,0,0,"This is a creative writing/game design task where the author is not the subject — they are requesting fictional loot descriptions for a hypothetical MMORPG, making it P=0 per Rule 1."
wc_8ac6789a6444e786e2396815ad7c7749,wildchat,,459,0,0,"The message is a task-oriented AI system prompt with instructions and commands, not authored by someone describing their own life or emotional state."
wc_30c1b6ae4abc5da4bfbb7908d2b62311,wildchat,,20,0,0,"The author is requesting a technical/creative coding example, not describing their own life or situation, so P=0; the tone is purely task-oriented with no emotional language, so E=0."
wc_7c8b94d1b9c2d243356aea0ff817af59,wildchat,,348,0,0,"The message is a task-oriented prompt engineering request directed at an AI tool, not about the author's own life or situation (P=0), and the tone is entirely instructional with no emotional language (E=0)."
wc_20d82662f3c581926d70a3c5c5e87e0b,wildchat,,69,0,0,"This is a role-play/creative writing request about a third party (Susan Schmidt), not the author's own situation, so P=0 per Rule 1; the tone is task-oriented with no affective language, so E=0."
wc_9351037271304d533d8ed725dc870775,wildchat,,175,0,0,"The message is a task-oriented summarization request about a scholarly topic (ancient deity names), with the author not describing their own life or situation — P=0, E=0."
wc_7086bd4cd946c38746868817da8bac78,wildchat,,90,0,0,"The author is issuing a programming task/request, not describing their own life situation, so P=0 and the tone is purely task-oriented with no affective language, so E=0."
wc_816e5a9d1e87719ae4ec1f8663171155,wildchat,,36,0,0,"This is a role-play/creative writing request where the author is setting up a fictional scenario, not describing their own life or situation — Rule 1 applies, making it P=0, and the language is task-oriented with no explicit emotion words, so E=0."
wc_595489aaea507a4c8877e2891f7776f2,wildchat,,33,0,0,"The message is a translation and vocabulary explanation task — the author is not the subject, and there is no personal life domain or emotional language involved."
wc_92c5c16bf63faebcf98799e3f676f992,wildchat,,35,0,0,"This is a factual/logical fill-in-the-blank task where the author is not the subject, so P=0, and the language is entirely task-oriented with no emotional expression, so E=0."
wc_d5a328a8e0a5c8e7215ea2bd01ad8eff,wildchat,,33,1,0,"The author is the subject describing a personal life situation (immigration/family), but the tone is task-oriented and contains no explicit emotion words or affective phrasing."
wc_66590143143b780c0903b581087701b9,wildchat,,167,0,0,"The message is a creative/academic writing task requesting a polished paper about a literary subject (Stephen Dedalus), not a personal disclosure by the author — P=0 per Rule 1, and the tone is entirely task-oriented with no emotional language — E=0."
wc_c37be9304983331573af637ca6fa8805,wildchat,,86,0,0,"The message is a summarization task about factual/geopolitical content — the author is not the subject, so P=0, and the tone is neutral and task-oriented, so E=0."
wc_8d8d0a70d49fa0e44d0b6b4df72c2492,wildchat,,49,0,0,"The author is asking a technical/factual question about neural network design for a described problem, not describing their own life situation, so P=0 and the tone is neutral and task-oriented so E=0."
wc_977aac20dddee5e9bd973cbb51ead4b0,wildchat,,17,0,0,"The message is a task-oriented learning/coding request where the author is not describing their own life situation, making it P=0, and the tone is neutral with no emotional language, making it E=0."
wc_821626bb49bafcaf5b2334d220e341ee,wildchat,,123,0,0,"The author is requesting a task (write an email argument) on their behalf, making this a task-oriented request rather than a personal life-domain disclosure, so P=0 and E=0."
wc_5dc32ae1b7872b6e5840277e0418db1f,wildchat,,60,0,0,"The author is asking for a factual/biographical essay about a third party (Solzhenitsyn), not describing their own life or situation — P=0 by Rule 1, and the tone is purely task-oriented with no emotional language — E=0."
wc_cf8ac4766a75b9db18cf7e535494f1c5,wildchat,,12,0,0,"The author is requesting factual/analytical information about an industry, not describing their own life or situation, so P=0; the tone is purely task-oriented with no emotional language, so E=0."
wc_42b03094db55f38b0221ec699f5bb469,wildchat,,40,0,0,"This is a creative writing or role-play excerpt (a character named Shadecleaver speaking), not the author describing their own life or situation, so P=0; and despite exclamatory language, the author is not the subject, so E=0."
wc_79dbe5635b4f85fdc745a719658c3ea1,wildchat,,72,0,0,"This is a creative writing request where the author is not the subject — it's a story about a fictional French boy — so P=0 by Rule 1, and there is no emotional language from the author, so E=0."
wc_4a46f588a68c70e47161f6cd45b35602,wildchat,,54,0,0,"The author is posing a physics problem about fluid statics, not describing their own life situation — this is a factual/task-oriented question, so P=0 and E=0."
wc_7a40de593406b57a6be7cf196b7d54f3,wildchat,,23,0,0,"The author is asking a factual question about GPT-4's behavior, not describing their own life or situation, so P=0; the tone is neutral and technical with no emotional language, so E=0."
wc_02feed7c2a5a452a978fe500efc24942,wildchat,,29,0,0,"The author is requesting a factual/academic discussion about research methods and results, not describing their own life situation, so P=0; the tone is purely task-oriented with no emotional language, so E=0."
wc_4b071ed2f4945ee177bbeae287b0adf2,wildchat,,122,0,0,The author is asking for a summary of an academic passage about an ancient deity's cult — a factual/task-oriented request where the author is not the subject (Rule 1).
wc_26f1465b819c249bc7a9d514757575f4,wildchat,,14,0,0,"The message is a factual/conversational question about an anime series, with the author not describing their own life or situation, so P=0 and E=0."
wc_4aa6edbb5a9d4798d38555d1ba8558e6,wildchat,,60,0,0,"This is a creative writing task with no author self-involvement and neutral, task-oriented framing."
wc_4517fb5fa19e7378d92266ea3634d781,wildchat,,106,0,0,"This is a creative writing/task-oriented request about fictional wrestlers, so the author is not the subject — P=0; the tone is entirely neutral and task-focused — E=0."
wc_e20c699ff7ab64acf9470ee5d4fa00f2,wildchat,,52,0,0,"This is a creative writing/role-play request where the author is not the subject — it's about fictional characters (Gendry and Arya from GoT), so P=0 per Rule 1, and the tone is task-oriented with no affective language, so E=0."
wc_0566cbd3c2ce4d434773f8573b825dad,wildchat,,62,0,0,"The author is requesting a writing/creative task about a third-party subject (single dads and children with Down syndrome), not describing their own life or situation, so P=0; the tone is task-oriented and the language contains no explicit emotion words referring to the author's own state, so E=0."
wc_1d1c7207472b87606b8ff9bd4b2add64,wildchat,,35,0,0,"The message is a creative writing task with impersonal framing — the author is not the subject — so P=0 (Rule 1), and the tone is task-oriented with no emotional language, so E=0."
wc_afbce96357cee3f6ec84d34d2ac52c3e,wildchat,,357,0,0,"The message is a creative writing / role-play request about fictional video game characters, so the author is not the subject (Rule 1), making P=0 and E=0."
wc_4e0213307db109d1399ee2916b0d1c40,wildchat,,471,0,0,"The message is a task-oriented system prompt directing an AI agent, not the author describing their own life or expressing any emotional state."
wc_7eff7a881e2a14d2a69711ce1408e1b5,wildchat,,81,0,0,"The author is requesting a technical coding task (writing drone control code), not describing their own life situation, so P=0; the tone is purely task-oriented with no emotional language, so E=0."
wc_768a233eab54bcda69cafd3910855dad,wildchat,,713,0,0,"The author is submitting a technical programming/SQL task (not describing their own life situation), so P=0, and the tone is entirely task-oriented with no emotional language, so E=0."
wc_fae1cea6d9a7fe66b592c32394e54023,wildchat,,165,0,0,"The author is asking a technical programming question about image warping code — this is a task/factual question, not a personal life domain topic, so P=0 and E=0."
wc_c9d783238761f768ebee733c099f27db,wildchat,,17,0,0,"The author is requesting creative/informational content (horror stories), not describing their own life or situation, so P=0; the tone is neutral and task-oriented with no affective language, so E=0."
wc_487d98b07b34c735fbbdfb7efb21013a,wildchat,,12,0,0,"The author is requesting a creative/writing task about Instagram captions, not describing their own life or situation, so P=0 and the tone is purely task-oriented with no affective language, so E=0."
wc_d94adea293779bb3a0d1b39e0dc478da,wildchat,,38,0,0,"The author is requesting a creative/business planning task (not describing their own life situation in a personal domain), so P=0, and the language is entirely task-oriented with no emotional expression, so E=0."
wc_d9c9cd250741ee060f79fa3be07504aa,wildchat,,30,0,0,"The author is requesting creative writing about a fictional game character, not describing their own life or situation, so P=0; the tone is purely task-oriented with no emotional language, so E=0."
wc_ce40f65917e248fb3585c91330e54f1b,wildchat,,23,0,0,"This is a task/creative writing request about a factual topic where the author is not the subject, so P=0, and the tone is entirely neutral with no emotional language, so E=0."
wc_c659e9fee4e98232111f8b9580e2e73c,wildchat,,11,0,0,"This is a factual/educational math question where the author is not the subject — it is a task-oriented request, not about the author's own life or situation."
wc_004710643c8c329164c4b83bc38be194,wildchat,,286,0,0,"This is a creative writing/storytelling request where the author is not the subject — they are commissioning fiction about a fictional villain character, making it P=0 and E=0 per Rule 1."
wc_550675e1350937c883362c85edbe4d94,wildchat,,48,0,0,"This is a creative writing request with the author as the framing agent but not the subject — Rule 1 applies, making it P=0, and the tone is purely task-oriented with no emotional language, so E=0."
wc_ebc4afbdfa0808271d34c9bf766e97f8,wildchat,,107,0,0,"This is a creative writing/role-play task about fictional wrestlers — the author is not the subject, so P=0, and the tone is purely task-oriented with no emotional language, so E=0."
wc_98fa48fb7370b8c2cd7b26504f86b649,wildchat,,130,0,0,"The author is performing a writing/editing task on an academic text, not describing their own life situation, so P=0; the tone is purely task-oriented with no emotional language, so E=0."
wc_9ac05162a1bbd7b909d098ff0fc57ffc,wildchat,,98,0,0,"The author is asking for help completing a coding task (computer vision/image stitching), not describing their own life situation — P=0 by Rule 1, and the tone is purely task-oriented with no emotional language — E=0."
wc_2ff6dd9f93d5e2b887dab04cee8ad034,wildchat,,55,0,0,"The author is asking a factual/informational question about a fighting technique; they are not the subject of the message (Rule 1), so P=0, and the tone is purely curious/task-oriented with no emotional language, so E=0."
wc_2837cec1b34b07295a4f5ef039f9a41a,wildchat,,10,0,0,This is a creative writing/task request with no personal subject matter and no emotional language.
wc_8d4eeeba2c0ca0a961dc082fe70ad3fe,wildchat,,23,0,0,"The author is asking a factual question about GPT-4's behavior, not describing their own life or situation, so P=0; the tone is neutral and technical with no emotional language, so E=0."
wc_cb066a4845dd890e4057eddebeac94f1,wildchat,,424,0,0,"The author is issuing a writing/editing task about a third-party text, not describing their own life or situation, so P=0; the tone is task-oriented with no emotional language, so E=0."
wc_66055874bacf0d284002a52cce1fa79f,wildchat,,56,0,0,"The author is asking a factual/academic finance question, not describing their own life situation, so P=0 and the tone is task-oriented with no emotional language, so E=0."
wc_967debe45cb6a79d5a34a293f6bfab24,wildchat,,244,0,0,"The author is requesting a creative/academic writing task (a school presentation) on behalf of others — not describing their own life situation — so P=0, and the tone is entirely task-oriented with no emotional language, so E=0."
wc_1c3d83eddb29f78edaf0150f4d4fb931,wildchat,,12,0,0,"The author is asking a hypothetical factual/creative question about a film, not describing their own life or situation, so P=0; the tone is purely curious with no emotional language, so E=0."
wc_ac1fb5938d61c7017fbf31f57f787f83,wildchat,,31,0,0,"The author is asking for task-oriented guidance on prompt design, not describing a personal life situation, so P=0; the tone is neutral and deliberative with no explicit emotion words, so E=0."
wc_5251814a0815723bf3a23a199c857c23,wildchat,,300,0,0,"The message is a creative/worldbuilding task asking for a summary of a fictional place's history — the author is not the subject, so P=0, and the tone is entirely task-oriented with no emotional language, so E=0."
wc_c524481bc5459ec294a553b69545834e,wildchat,,13,0,0,"This is a creative writing request with the author not as the subject, so P=0 (Rule 1), and the tone is purely task-oriented with no emotional language, so E=0."
wc_8c442b8f205f50811a012a3bbe7d93f6,wildchat,,27,0,0,"The author is requesting a technical/creative coding task, not describing their own life situation, so P=0; the tone is purely task-oriented with no emotional language, so E=0."
wc_6ce2f791d83cb28cadcab851f6523d7b,wildchat,,22,0,0,"This is a creative writing/task request (drafting a letter) where the author is not the subject — Rule 1 applies, making P=0, and the tone is purely task-oriented with no emotional language, so E=0."
wc_22778a97fb2558db96c4a49e7892b60f,wildchat,,412,0,0,"This is a creative writing/role-play request involving fictional third-party characters, not the author describing their own life or situation, so P=0 and E=0 per Rule 1."
wc_4fdac6df9c9755d6b2666548f0479b76,wildchat,,18,0,0,"This is a creative/descriptive prompt for image generation about a third-party subject, not the author's own life or situation, so P=0; the word 'angry' describes the depicted character, not the author's internal state, so E=0."
wc_1be280cbd4a970cb870c0cbb8d521b6b,wildchat,,24,0,0,"The author is asking a general factual/creative question about AI tools and artistry, not describing their own life situation, so P=0; the tone is neutral and task-oriented with no emotional language, so E=0."
wc_554f4fa379fd1449226d04a3482d8794,wildchat,,12,0,0,"The author is asking a factual/knowledge question about a song, not describing their own life or situation, so P=0; the tone is neutral and task-oriented with no emotional language, so E=0."
wc_8cbc44e252ab9c70e80210765f4749cd,wildchat,,12,0,0,"This is a technical task request with the author not describing their own life situation, making it P=0, and the tone is purely task-oriented with no emotional language, making it E=0."
wc_631f2f85cb0acd06096d5f79c0d8e25f,wildchat,,93,0,0,"This is a creative writing task asking the author to compose a science fiction story segment — the author is not the subject, so P=0 by Rule 1, and the tone is purely task-oriented with no emotional language, so E=0."
wc_83f8361d15ba7c7dfd4beb968a9b1a01,wildchat,,67,0,0,"The author is asking a factual/informational question about a wrestling move, not describing their own situation or life domain (Rule 1 — framing over topic)."
wc_4dd293bb0d0e9463182ece64a2228aa9,wildchat,,130,0,0,The message is a technical programming task asking to modify assembly code — the author is not the subject and there is no personal life domain or emotional language involved.
wc_75ed8f56f7be9a3d642a9cc258a1639a,wildchat,,14,0,0,"This is a creative/informational writing task about a place, not about the author's own life or situation, so P=0; the tone is task-oriented with no emotional language, so E=0."
wc_31dfa538da50702efe614b0275791933,wildchat,,76,0,0,"This is a creative writing/songwriting task where the author is not the subject — they are asking for lyrics to be written, so Rule 1 applies (framing over topic): P=0, and the tone is task-oriented with no affective phrasing from the author themselves, so E=0."
wc_2561d151a0e3789ed13da8f06994fdc9,wildchat,,511,0,0,"The message is a task-oriented creative writing request asking the AI to generate a MidJourney prompt; the author is not the subject, so P=0 and the tone is purely instructional with no emotional language, so E=0."
wc_85fff67adc85d3574dac6c87633067dc,wildchat,,17,0,0,"This is a creative writing task where the author is not the subject, so P=0, and the tone is task-oriented with no emotional language, so E=0."
wc_fd15b01dcfe9caf78548f8f57eb2e409,wildchat,,670,0,0,"This is a creative writing/role-play request with detailed fictional characters and scenarios — the author is not the subject, so P=0 (Rule 1), and the tone is task-oriented with no emotional language from the author, so E=0."
wc_57e7f52834aa1caaafaef587b6e88d40,wildchat,,117,0,0,"This is a creative/role-play writing request about a fictional third party (Reza Fazekas), so the author is not the subject — P=0 per Rule 1 — and the language is entirely task-oriented with no affective phrasing — E=0."
wc_ceb199070e80b7adda7e9b4d75d56bc9,wildchat,,279,0,0,"The message is a creative/task-oriented prompt asking an AI to generate social media post templates in a role-play as a blogger, so the author is not the subject (Rule 1)."
wc_5c9ea157e4ef3865a508d88cec695eae,wildchat,,11,0,0,"This is a logistical/task-oriented request for travel recommendations, not about the author's personal life domain, so P=0 and E=0."
wc_351b282fa7614fc17c9a47a526a73a07,wildchat,,13,0,0,"The message is a factual/academic question about a medical topic, not about the author's own life or situation (P=0), and the tone is neutral and task-oriented with no emotional language (E=0)."
wc_ae020469769d384a50c5cc3897ce197f,wildchat,,232,0,0,The author is issuing a task/request for domain name generation — a creative/business task with no personal life domain involvement and no emotional language.
wc_1ccc605ff250eb9a1e9b5356b7622065,wildchat,,41,0,0,"The author is requesting a creative/design task about a slot-car circuit, not describing their own life situation, so P=0; the tone is purely task-oriented with no emotional language, so E=0."
wc_cdf94726ae5bf98737abfb9b45fb9aa7,wildchat,,10,0,0,"This is a creative/worldbuilding task where the author is not the subject, so P=0, and the tone is purely task-oriented with no emotional language, so E=0."
wc_034d3607cf21cbc378e76b65f597d5a9,wildchat,,10,0,0,"This is a task request asking the author to produce creative/informational content about a third-party political event, so P=0 (Rule 1), and the tone is purely task-oriented with no emotional language, so E=0."
wc_445a3a4475d71bea7372efb4ba4b5875,wildchat,,18,0,0,"This is a creative writing/task request where the author is not the subject, so P=0; the word 'emotional' describes the desired writing style, not the author's own internal state, so E=0."
wc_943c8007972e30da010378752c7d674b,wildchat,,122,0,0,"Although the author describes their own property, the question is logistical/practical (what to do with a garden area), not in a life-domain sense, making it P=0 by Rule 1b, and the tone is entirely neutral with no emotional language, so E=0."
wc_5b8b86cba8510242e999297a76e4f3f3,wildchat,,20,0,0,"The author is asking a factual/technical question about Euler angles, not describing their own life situation, so P=0 and the tone is purely informational with no affective language, so E=0."
wc_0a8908a80722f00d41b3d6cf80546d03,wildchat,,12,0,0,"The message is a task/informational request about a world topic, not the author's own life situation, so P=0 and the tone is neutral so E=0."
wc_e4cb70d8626d880872d53b20014e8c54,wildchat,,226,0,0,"The author is asking a technical debugging question about their code, not describing a personal life situation — P=0; the tone is neutral and task-oriented with no emotional language — E=0."
wc_7f5a280af683645d5d308b2a61b36043,wildchat,,12,0,0,"This is a task/creative coding request where the author is not the subject, so P=0, and the tone is purely task-oriented with no affective language, so E=0."
wc_d2160fd3bfbfc539e4dc11b4a6d799c5,wildchat,,260,0,0,The message is a data-formatting task request with no personal life domain involvement and no emotional language.
wc_b997a68fa3d587636a8d0d47636f82d8,wildchat,,26,0,0,"The author is asking for creative/worldbuilding assistance (justifying mechas in a fictional setting), not describing their own life situation, so P=0; the tone is task-oriented with no emotional language, so E=0."
wc_beb0ef43cf17cd1ae16c8dd6dfbb1fd6,wildchat,,58,0,0,"This is a creative writing/content generation task about travel logistics; the author is not the subject describing their own life situation (Rule 1), making it P=0, and the language is purely task-oriented with no emotional content (E=0)."
wc_bf05d38cf694f5b539c48365cc40dbc7,wildchat,,15,0,0,"The author is asking a factual/informational question about the energy sector, not describing their own life or situation, so P=0; the tone is neutral and task-oriented with no emotional language, so E=0."
wc_4d7590b17c7269b5fb7806da983c6e35,wildchat,,390,0,0,"The message is a coding task asking for bug fixes in game code — the author is not the subject and this is a technical/task-oriented request, not a personal life domain topic."
wc_14edab5a53de40568a92db06e5b5d9c3,wildchat,,79,0,0,The message is a math homework problem asking the author to prove a mathematical equivalence — the author is not the subject and the topic is not a life domain (Rule 1).
wc_9f10f2ed76b4c12f4e90c13cf91a9563,wildchat,,175,0,0,"The author is asking for technical debugging help with an assembly language program — a task-oriented, technical question where the author is not describing a personal life situation in any life domain."
wc_12da17bb39ddda9e5a075f3f30c49a32,wildchat,,22,0,0,"The author is requesting creative/task writing (a witty reply to a message), not describing their own life situation, so P=0 and the tone is task-oriented with no affective language, so E=0."
wc_0d99f424a4355ef4b0ddc3dd9ebf0f7f,wildchat,,16,0,0,"The author is asking a general factual/how-to question about study methods, not describing their own situation in a life domain, making it a task-oriented logistics question (P=0, E=0)."
wc_1975da167e45fa08b0435a39b73605aa,wildchat,,47,0,0,"The author is requesting a creative/brainstorming task about drawing topics, not describing their own life situation, so P=0; the tone is purely task-oriented with no emotional language, so E=0."
wc_ccef883e766129cc89ebafaaa252470e,wildchat,,31,0,0,"The author is asking a factual/technical question about GPT-3 and Transformers, not describing their own life situation, so P=0 and the tone is purely analytical with no emotional language, so E=0."
wc_d97cc275806cab9a79baf8d934e281b4,wildchat,,26,0,0,"The author is asking a technical how-to question about scripting a particle effect, which is a task/logistics framing rather than a personal life-domain topic (Rule 1)."
wc_25a259504fee5ce6620d4b8ca60fc301,wildchat,,628,0,0,"The message is a task-oriented request to summarize and rewrite an educational document, with the author not as the subject and no emotional language present."
wc_7a36145ca0bd8eb84d83632615a9f677,wildchat,,17,0,0,This is a factual/analytical question about technology and industry trends; the author is not the subject and there is no emotional language.
wc_4dc9ee315f22166d37640e0ec7a1d2ef,wildchat,,586,0,0,"This is a task/instruction prompt for an AI agent system, not a personal message from an author describing their own life or situation."
wc_eef6feeb36af4113e1f4cb1d76c170ab,wildchat,,198,0,0,"This is a creative writing/translation task with fictional characters as subjects, not the author describing their own life or feelings — P=0 by Rule 1, and the tone is task-oriented with no affective language from the author — E=0."
wc_298c569709e87c4e22614be442b0d4cd,wildchat,,138,0,0,"This is a creative writing/role-play request where the author is not the subject — it asks for a scripted fictional scene, making it P=0 by Rule 1, and the tone is task-oriented with no emotional language, making it E=0."
wc_b4d66c9fcea969f2161cb279b30ef7e7,wildchat,,56,0,0,"The author is not the subject — this is a factual/informational task about ancient texts, with no personal life domain or affective language involved."
wc_0e918ce42ecb90283d223672396bf21b,wildchat,,122,0,0,"The message is a creative/game-design task asking the author to generate enemy movesets for a video game, so the author is not the subject (P=0), and the tone is purely task-oriented with no emotional language (E=0)."
wc_4ece7f92cd7f42751a552c1bae5c8982,wildchat,,367,0,0,"The message is a summarization task about a scholarly text on an ancient deity — the author is not the subject, making it P=0, and the tone is entirely neutral and task-oriented, making it E=0."
wc_783c3775ddf1854323561033c712fc13,wildchat,,110,0,0,"The author is requesting a task (creating presentation slides on an informational topic), not describing their own life situation or a personal domain, so P=0; the tone is purely task-oriented with no emotional language, so E=0."
wc_cd78702d2dbb49262b9e9afb82d62804,wildchat,,38,0,0,"This is a task/role-play prompt asking the AI to act as a financial expert — the author is not the subject, so P=0, and the tone is purely task-oriented with no emotional language, so E=0."
wc_271b51c6cbe21e1e352300576a3124a7,wildchat,,10,0,0,"The author is asking a factual question about a third-party website, not describing their own life or situation, so P=0; the tone is neutral and task-oriented with no emotional language, so E=0."
wc_ccc2640438938563aba565d6817892e9,wildchat,,29,0,0,"The author is requesting factual/educational information about psychological assessment scales, not describing their own life situation, so P=0; the tone is task-oriented with no emotional language, so E=0."
wc_948fb4cdd855f993b4d6dd9c85289f3b,wildchat,,28,0,0,"This is a technical/programming task question where the author is not describing their own life situation, making it P=0, and the language is entirely neutral and task-oriented, making it E=0."
wc_10fe93e9861a4ed36234a57b40a2ec6f,wildchat,,468,0,0,"The message is a creative/game design task about fictional characters, so the author is not the subject (Rule 1), making P=0, and the tone is purely task-oriented with no emotional language, making E=0."
wc_9dce08f0c120cb1dd20a8b9434d0b0fd,wildchat,,86,0,0,"The message is a task-oriented content writing request about industry categories for a business service, with the author not as the subject — P=0, E=0 by Rule 1."
wc_7dd28c13d2a1f507b2e07ae1d5544435,wildchat,,63,0,0,"This is a creative/game-design task asking the author to generate fictional content for a video game concept — the author is not the subject, so P=0, and the tone is task-oriented with no affective language, so E=0."
wc_859408739ed44caaa892980a81619c29,wildchat,,17,0,0,"The message is a writing task requesting a paragraph about an educational topic, with the author not as the subject — P=0 by Rule 1, and the tone is purely task-oriented with no affective language — E=0."
wc_7133a6b9aad7eaa5053f92c2ddcf96ae,wildchat,,17,0,0,"The author is requesting a creative/writing task (bio creation) for a business purpose, not describing a personal life situation, so P=0; the tone is task-oriented with no emotional language, so E=0."
wc_ec8a6c1b8ba45334be351f265fa3cfbe,wildchat,,184,0,0,"The author is performing an academic editing task on someone else's text — this is a task-oriented request, not a personal life domain message (Rule 1)."
wc_6320495d04e61e9a03b1dbdcbc8fed4a,wildchat,,384,0,0,"This is a translation task (factual/technical content) where the author is not the subject — P=0, and the tone is entirely neutral and task-oriented — E=0."
wc_5d5fa420b547a47076ec1c485eef36e2,wildchat,,206,0,0,"This is a creative writing / content-generation task (producing game loot descriptions) with no personal life domain involvement and no emotional language from the author — P=0, E=0 per Rule 1."
wc_f4054d85c1a3813d2f8a66acb1f515b5,wildchat,,250,0,0,"This is a technical coding task where the author is asking for help fixing code, not describing a personal life situation — P=0, and the language is entirely task-oriented with no emotional content — E=0."
wc_7fb61317556f8b7e3ea68ad029f233ad,wildchat,,149,0,0,"This is a creative writing/role-play request where the author is directing a game scenario, not describing their own life or situation — P=0 per Rule 1, and the tone is entirely task-oriented with no emotional language — E=0."
wc_18aab4bc217c1364be683317c9f4c029,wildchat,,47,0,0,"The message is a discussion/debate about a video game topic (Monster Hunter weapon difficulty), not about the author's own life situation, so P=0; the tone is purely deliberative with no explicit emotion words or affective phrasing, so E=0."
wc_2e5706c139ffa43abf0ee5c684813e29,wildchat,,104,0,0,"The message is a content-writing task about a third-party vendor, not the author describing their own life or situation, so P=0; the tone is purely task-oriented with no emotional language, so E=0."
wc_48b2a852432807998027b3466dd6b5ff,wildchat,,13,0,0,"This is a technical/factual question about signed distance fields, not about the author's personal life or situation."
wc_b66681b90c2f84c23f8a2ad3069aedf2,wildchat,,80,0,0,"This is a coursework/exam task asking the author to analyze a business case study — the author is not the subject, making it P=0, and the tone is purely task-oriented with no emotional language, making it E=0."
wc_d420c5282804766b04c2215a0e59592d,wildchat,,366,0,0,"The author is requesting a text rewriting task about a theological/cosmological debate, not describing their own life or situation, so P=0; the tone is purely task-oriented with no emotional language, so E=0."
wc_87ff82dcd86ba2fe39a61a77ebe3074d,wildchat,,14,0,0,This is a task/creative request with no self-involvement or emotional language.
wc_027eeb2455ea9b55863a0036fb0ce5d7,wildchat,,471,0,0,"The message is a technical task/instruction directed at an AI agent system, not a personal life situation described by the author."
wc_48d5d2087e09172cf21cef2c2db90e48,wildchat,,260,0,0,"The author is requesting a technical coding task (fixing TradingView Pine Script code), not describing a personal life situation, so P=0; the tone is task-oriented with no explicit emotion words or affective phrasing, so E=0."
wc_b501144fb26cf6474f7c7387da16de95,wildchat,,20,0,0,"The author is not the subject — this is a factual/speculative question about societal organization, not about the author's own life or situation."
wc_91876cb67936d7cf09b45ff144ab0ec3,wildchat,,969,0,0,"The author is requesting a rewriting/editing task on a third-party text about religious and scientific topics, so the author is not the subject (P=0), and the tone is task-oriented with no emotional language (E=0)."
wc_18de36467bb72195f6fb4a7a9479ae3f,wildchat,,237,0,0,"The message is a technical/task question about whether code works correctly — the author is not describing a personal life situation, making it P=0, and the tone is purely functional with no emotional language, making it E=0."
wc_e76d2e85651a58ce43442dd592267509,wildchat,,21,0,0,"The author is asking a factual/scientific question about biological evolution, not describing their own life situation, so P=0; the tone is purely curious and academic with no emotional language, so E=0."
wc_707389a846338dc00ef9dfd425f92472,wildchat,,359,0,0,The message is a Python code submission — a technical task with no author as subject and no emotional language.
wc_fca5dc18bd8b669d6921669cd2c83ea5,wildchat,,18,0,0,"The author is asking a factual/informational question about general signs rather than describing their own situation, so P=0 (Rule 1), and the language is neutral with no explicit emotion words or affective phrasing, so E=0."
wc_7998a8194ac34627a63f304b06599a72,wildchat,,167,0,0,"The author is requesting creative/fictional writing (an alternate history scenario) and is not the subject of the message, so P=0 per Rule 1, and the tone is task-oriented with no affective language, so E=0."
wc_7b69ba88f91ae7796ad3e8680279ee16,wildchat,,53,0,0,The message is a task-oriented translation/interpretation request with no personal life domain content and no emotional language from the author.
wc_4cd4f1a16bd33a22137e38cd30fcf1a1,wildchat,,40,0,0,"This is a creative/academic writing task where the author is not the subject — they are requesting work about a literary text using a theoretical framework, so P=0 and the tone is purely task-oriented with no affective language, so E=0."
wc_d8830d015a9f09e229fe3de69b8041c0,wildchat,,45,0,0,"The author is requesting a creative/informational writing task (a travel guide), not describing their own life or situation, so P=0 by Rule 1; the tone is task-oriented with no emotional language, so E=0."
wc_fb4bd3fe801a19690cb3f59e1334f0b0,wildchat,,24,0,0,"This is a creative writing/generation task about a fictional third-party band, not about the author's own life or situation, so P=0; the tone is purely task-oriented with no emotional language, so E=0."
wc_7a5c4abf251c12c8b02117519f02581a,wildchat,,55,0,0,This is a creative writing request with the author not as the subject — P=0 by Rule 1; the tone is task-oriented with no emotional language — E=0.
wc_ab966e886a801f4c45603586704ecaea,wildchat,,102,0,0,"The message is a creative writing/role-play request where the author is not the subject, so P=0 per Rule 1; the tone is task-oriented with no emotional language, so E=0."
wc_a6fa2b0bf1a26dfa7ad2a2d7f6369050,wildchat,,13,0,0,"This is a task/creative request where the author is not the subject, making it P=0, and the tone is entirely neutral and task-oriented with no emotional language, making it E=0."
wc_0fe968ca54223e153028548ba5a9b543,wildchat,,43,0,0,"This is a task/creative writing request (lab report) where the author is not the subject — it's an academic writing task, so P=0 by Rule 1, and the tone is entirely task-oriented with no emotional language, so E=0."
wc_362fca2037a23ea8b2b1794ec4fb20b7,wildchat,,104,0,0,The message is a technical coding task asking for help writing a GET endpoint based on existing code — the author is not the subject and there is no personal life domain or emotional language.
wc_274e996f93108ee1db28716272cd4f9e,wildchat,,752,0,0,"The message is a task/rewriting request about Islamic texts and a third-party author (Mohammad Hijab), with the author not describing their own life or situation — P=0, E=0."
wc_256acb0e531248a97dcc35e655579167,wildchat,,51,0,0,"This is a technical programming task asking for a code replacement, with the author not describing any personal life situation or emotional state."
wc_84b84705df6cdc8ef32228df174748d8,wildchat,,20,0,0,"This is a factual/academic biology question where the author is not the subject — it asks about molecular biology concepts, not the author's own life or situation."
wc_7e32f869bd77fd445bd8950f213ecbc6,wildchat,,86,0,0,"The message is a task-oriented data extraction request about third parties, so P=0 (Rule 1), and the language is entirely neutral, so E=0."
wc_96b4bf347dcfa988557dc25750321ba6,wildchat,,50,0,0,This is a system prompt/task instruction with no personal life domain content and no emotional language.
wc_207f14292d55e92b4fc4514b100f2b5a,wildchat,,69,0,0,This is a creative writing/character design task where the author is not the subject — it's a request to generate fictional game content based on template characters (Rule 1).
wc_534630ac176820ad5edeead321696ce2,wildchat,,91,0,0,"The author is issuing a task/role assignment prompt (asking the AI to act as an AI researcher and architectural teacher), not describing their own personal life situation, so P=0; the tone is entirely task-oriented with no emotional language, so E=0."
wc_4ce26dcf2162a7c3689bce54147f568b,wildchat,,158,0,0,"This is a creative writing/role-play request where the author is not the subject, so P=0 per Rule 1, and the tone is task-oriented with no emotional language, so E=0."
wc_773356d610b90aaf2cd4c4fc10146eee,wildchat,,148,0,0,"This is a technical command-line task with error output — the author is not describing a personal life situation, so P=0 and E=0."
wc_a295bada611f1f2415df80b415275f00,wildchat,,14,0,0,"The message is a task-oriented system prompt directing an AI persona, not the author describing their own life or situation, so P=0 and the tone is purely instructional with no emotional language, so E=0."
wc_7432e4574ecbe0e94f5c09f795242bb8,wildchat,,106,0,0,"The message is a creative/role-play writing task asking for fictional wrestler move lists, so the author is not the subject (P=0), and the tone is entirely task-oriented with no emotional language (E=0)."
wc_59a339d2b78672ba6946f7b296ca3e35,wildchat,,65,0,0,"This is a creative writing/content generation task about a fictional game character; the author is not the subject, so P=0, and the tone is purely task-oriented with no emotional language, so E=0."
wc_f9261ffbd87d4df7b762760d491b5e63,wildchat,,122,0,0,"The message is a technical coding task asking for code completion, not a personal life-domain situation, so P=0 and E=0."
wc_ef4c834ab3a2c684ad07773691687b92,wildchat,,378,0,0,"The message is a data analysis task with a list of numbers — the author is not describing their own life situation, making it P=0, and the tone is purely task-oriented with no emotional language, making it E=0."
wc_a8b4892829c06c8d064889551776ba01,wildchat,,833,0,0,"The message is a technical programming task asking for code modifications to a charting library — the author is not the subject describing a personal life situation, making it P=0 and E=0."
wc_177e756d963aa62652726ba14a7d699e,wildchat,,23,0,0,"The message is a task (rewrite a product review), not the author describing their own life situation, so P=0; the tone is entirely neutral with no emotional language, so E=0."
wc_a8cbdb632ec2e3539ac637a78bb67f7f,wildchat,,41,0,0,"This is a factual/task-oriented fill-in-the-blank question about fictional characters, not about the author's own life or situation."
wc_78680189b9cf0816566115a6eb98ad55,wildchat,,24,0,0,"The author is asking a factual/informational question about YouTube creators, not describing their own life or situation, so P=0; the tone is neutral and task-oriented with no affective language, so E=0."
wc_fd5557894d7597f802c24c299aa6dc6e,wildchat,,96,0,0,"This is a creative writing/role-play request about a fictional third-party character, so P=0 per Rule 1; the author is not the subject, and the tone is task-oriented with no emotional language, so E=0."
wc_7a825c643eec3e0795758b1c5e7160b7,wildchat,,14,0,0,The message is a task/recommendation request about cycling gear ratios with no personal life domain context and no emotional language.
wc_a348155e790912bd4dd4a7f1770b4cbe,wildchat,,30,0,0,"The author is requesting a technical/analytical evaluation about gear ratios for track cycling, not describing their own life or situation, so P=0; the language is purely task-oriented with no affective phrasing, so E=0."
wc_c0b9e7e97d591397d7f1f2fcd06aed77,wildchat,,895,0,0,"The author is asking for technical coding help with their image warping function — this is a task/factual request, not a personal life domain topic, so P=0 and the tone is neutral and problem-focused with no emotional language, so E=0."
wc_5103ff2e5132f8955ed37d15e027e0a0,wildchat,,300,0,0,"The message is a technical coding task asking for code completion and protocol conversion, with the author not describing their own life situation — P=0, E=0."
wc_cf1306e1a4568b13163222664f02335d,wildchat,,10,0,0,"This is a factual/historical question about the world; the author is not the subject, so P=0, and there is no emotional language, so E=0."
wc_d7ca7f28e882eab4355a64feba275162,wildchat,,76,0,0,"The author is asking a logistical/informational question about finding gaming communities — this is a task/recommendation request, not a personal life-domain topic, so P=0; the tone is casual and neutral with no explicit emotion words, so E=0."
wc_20086e1914b9e4dd346e6a5348cdc2f3,wildchat,,13,0,0,"The author is asking a factual question about the AI and a creative writing task, not describing their own life or situation, so P=0; the tone is neutral and task-oriented, so E=0."
wc_7bbbe9235b1e57ee698fc2531765c2d3,wildchat,,19,0,0,This is a task/academic request asking for code and explanation about a mathematical method — the author is not the subject and it involves no personal life domain.
wc_b99a06c2468601891ddb1bf1ca563727,wildchat,,275,0,0,This is a creative writing / role-play request with an impersonal framing — the author is not the subject — so P=0 and E=0 per Rule 1.
wc_8c4da42e86612a1309d3ac7c5c0f254d,wildchat,,75,0,0,"This is a physics/homework problem about batteries and circuits — the author is not the subject and the topic is factual/technical, not a life domain."
wc_fb1bcd8227065a2695ce6ee2ca9d90c4,wildchat,,239,0,0,"The message is a technical programming task asking for help with code output — the author is not describing a personal life situation, making it P=0 and E=0."
wc_96dc2dd2bd06b873113ac4476d6ab985,wildchat,,31,0,0,"This is a creative writing/task request where the author is not the subject, so P=0, and the tone is purely task-oriented with no emotional language, so E=0."
wc_e53832213c6492e260d7e7c8cd477d27,wildchat,,45,0,0,"This is a physics problem about a pendulum — the author is not the subject, and it is a factual/technical question with no personal or emotional content."
wc_e27d58b742299e150428dd381729d7d9,wildchat,,236,0,0,"The message is a third-party business accounting scenario describing transactions for Nicole's Getaway Spa — the author is not the subject, making it P=0, and the tone is entirely neutral and task-oriented, making it E=0."
wc_18735b6174273765d6637e8407b28c2e,wildchat,,131,0,0,"This is a creative writing / alternate history task where the author is not the subject — it's a request for fictional content about historical scenarios, making it P=0 and E=0 per Rule 1."
wc_c49eaadbe1ef28a64abc7555a0135342,wildchat,,29,0,0,"The author is requesting a creative writing task (travel article) rather than describing their own life situation, so P=0 per Rule 1, and the tone is purely task-oriented with no emotional language, so E=0."
wc_3d06da2d7adf869d08d4abfa9e822bec,wildchat,,40,0,0,"This is a factual physics question about a solenoid, not about the author's own life or situation, so P=0 and E=0."
wc_8fbec160bf7af95833c779709be96190,wildchat,,57,0,0,"The author is not the subject — this is a scheduling/logistics task about third parties (Andrew, Joanne, Hannah), making it P=0, and the tone is entirely neutral and task-oriented, making it E=0."
wc_96797801575b5c9d3abff94b4d8ef924,wildchat,,182,0,0,"The author is asking a factual/creative question about a fictional wrestling move, not describing their own life situation — P=0 by Rule 1, and the tone is entirely neutral and analytical — E=0 by Rule 3."
wc_a826e7935b45a9c67c687fb6d446e005,wildchat,,49,0,0,"The author is requesting a creative/informational writing task about a travel destination, not describing their own life or situation, so P=0; the tone is purely task-oriented with no emotional language, so E=0."
wc_e3b03d7f1b550ca72ac8b8596d937a17,wildchat,,966,0,0,"The author is asking a technical programming question about image warping and panorama alignment, not describing their own life situation — this is a task/factual framing (P=0), and the tone is entirely analytical with no emotional language (E=0)."
wc_91112870e31468d9c66ebdedddd490dc,wildchat,,274,0,0,"This is a creative writing / alternate history task with no author self-involvement and no emotional language — P=0 per Rule 1, E=0 per Rule 3."
wc_dab97c2c7644bb08e0f35d8e0b15794f,wildchat,,813,0,0,"The message is a creative/academic writing task (essay formatting and evaluation of a literary work), not the author describing their own life situation — P=0 by Rule 1; the tone is instructional and analytical with no explicit emotion words or affective phrasing — E=0."
wc_5dba202d49433ed54dd01816955d2e5c,wildchat,,20,0,0,This is a technical how-to question about PyTorch operations; the author is not the subject and the topic is not a life domain.
wc_ee7dc4b2d61ae5b6d9d01504214ff335,wildchat,,130,0,0,"This is a creative/technical task asking the author to generate HTML code for a website — the author is not the subject, making it P=0 by Rule 1, and the tone is entirely task-oriented with no emotional language, making it E=0."
wc_af60b30075c35e377a811682161ab5d8,wildchat,,535,0,0,"The author is requesting a technical task (adding comments to assembly code), not describing their own life situation, so P=0; the tone is entirely neutral and task-oriented, so E=0."
wc_146ac55541ca1bcad2f3a0f88d33ed76,wildchat,,163,0,0,"This is a creative writing/role-play request where the author is not the subject, so P=0 (Rule 1), and the tone is purely task-oriented with no emotional language, so E=0."
wc_3c12ba4d3166df0fb7eb03db4bbdbabc,wildchat,,114,0,0,"The author is asking for editing/review help on a draft message to a coworker — this is a task-oriented request, not the author describing their own life situation, so P=0; the tone is neutral and deliberative with no explicit emotion words, so E=0."
wc_ca3085ed28130ad2ade1e82ccf75abdf,wildchat,,35,0,0,The message is a task-oriented technical request with no author self-involvement and no emotional language.
wc_636ed66cf21ebb9dcf035b1a3eb54d4a,wildchat,,51,0,0,"The message is a task-oriented request for factual/creative content about books, with the author not describing their own life or situation (Rule 1)."
wc_8acaf43105eae6b9ff6d1d40cf5f0c13,wildchat,,10,0,0,"The author is seeking logistical/planning suggestions for a third party's birthday, making it P=0, and the tone is neutral with no emotional language, so E=0."
wc_a57e506dc085b3c27130aafeee9dc01a,wildchat,,21,0,0,"This is a creative writing request where the author is not the subject, so P=0 (Rule 1), and the language is purely task-oriented with no emotional expression, so E=0."
wc_7da9ad8f65ad6c52b151404ecf82e843,wildchat,,580,0,0,"The message is a task-oriented creative/technical request asking the AI to generate Stable Diffusion prompts, with the author not describing their own life or situation (Rule 1)."
wc_b238b3cb41038838adee8280de9b7422,wildchat,,14,0,0,"The author is asking a factual/analytical question about a fictional character (Arya, likely from Game of Thrones), not describing their own life or situation."
wc_0dba62361df7be13256f1ce81d7ea9e2,wildchat,,18,0,0,"This is a task/coding request where the author is not the subject — it's a technical how-to question, not a personal life domain matter."
wc_3b1afe8602880eaeca8dc247439fe6da,wildchat,,24,0,0,"The author is asking a factual/analytical grammar question about a sentence, not describing their own life or situation, so P=0 and the tone is neutral with no affective language, so E=0."
wc_0c36a19bcac059ac03eeaafcf8e5293c,wildchat,,107,0,0,"The author is asking a technical/debugging question about code — a task-oriented request, not about their own life or a personal domain — so P=0 and the tone is neutral, so E=0."
wc_71f007ad6b0f80260e02642c4ca70e22,wildchat,,451,0,0,"This is a creative role-play/interactive fiction request where the author is not the subject — it falls under Rule 1 (framing over topic), making it P=0 and E=0 regardless of the content."
wc_1bc6ea68e4cf4c850b85bbae3181cda3,wildchat,,17,0,0,"The author is asking a factual/cultural question about a third party (Finns as a group), not describing their own life or situation, so P=0; the tone is neutral and curious with no emotional language, so E=0."
wc_b97b482f7cc2b9e306b0f191fc828a8c,wildchat,,17,0,0,"This is a creative/design task about a fictional product, not about the author's own life or situation, so P=0; the tone is entirely task-oriented with no emotional language, so E=0."
wc_3b07dfaed2d7b7411dc1866dd5d81798,wildchat,,11,0,0,"The message is a technical troubleshooting request about an app error, not a life-domain personal situation, and the tone is neutral with no emotional language."
wc_01ff3ebda670bf58d2ea8ba5f473c4d8,wildchat,,69,0,0,"The author is requesting factual/technical information about hardware specifications and performance, not describing their own life situation — P=0 by Rule 1, and the language is entirely task-oriented with no affective content — E=0."
wc_a570f9910edc9ff8957df7859b511860,wildchat,,554,0,0,"The author is asking a technical/factual question about which SQLite library to use in Xamarin; while they mention being a C# developer, the request is task-oriented and logistical (a how-to/recommendation about tooling), not about a personal life domain."
wc_555027bcb732071f5b3b61a6c09169a9,wildchat,,190,0,0,"The message is a task/creative-writing request asking for an academic paper on a theoretical topic; the author is not the subject, making P=0, and the language is entirely task-oriented with no emotional expression, making E=0."
wc_0b52b8e29591a8512004e00819c66987,wildchat,,56,0,0,"This is a creative writing / role-play request where the author is not the subject — Rule 1 applies, making P=0, and the tone is purely task-oriented with no affective language, so E=0."
wc_69308190d38c50b5d5c84e1861f1cc04,wildchat,,99,0,0,The message is a technical programming assignment/task — the author is not the subject and there is no personal life domain or emotional language involved.
wc_4df521728c8ffd3413678e909c358bf0,wildchat,,117,0,0,"This is a creative writing/role-play request about a fictional character (Pizzelle), not the author's own life or situation, so P=0 per Rule 1; the tone is task-oriented with no emotional language from the author, so E=0."
wc_ca940073d4e352b287f5c4e00ae07567,wildchat,,13,1,0,"The author is the subject returning to a personal hobby/skill (life domain: personal development/identity), but the tone is purely practical with no explicit emotion words or affective phrasing."
wc_341b84ed771a6316665a8bf596aa9ac9,wildchat,,29,0,0,"The author is asking a technical/factual troubleshooting question about a software system (Zuora), not describing a personal life situation, so P=0 and the tone is neutral and task-oriented so E=0."
wc_c54533dd6fb332581a24489aed2e6086,wildchat,,234,0,0,"The message is a writing/editing task asking for academic text to be reframed and polished — the author is not the subject, and the tone is entirely task-oriented with no affective language."
wc_5b2ff03ba01a5ec3eb315fe01050c0dd,wildchat,,22,0,0,"The message is a factual/task-oriented request about school security risks, with the author not as the subject and no emotional language present."
wc_9a2ea9eaab8f2aa3c79b08c8b2592b9b,wildchat,,19,0,0,"The author is requesting a creative writing task (composing a song) about a mathematical fact, not describing their own life or situation, so P=0; the tone is purely task-oriented with no emotional language, so E=0."
wc_f19b46c362de724463e1c7360bc01082,wildchat,,17,0,0,"This is a creative/hypothetical question about a fictional character (Gendry from Game of Thrones), not about the author's own life or situation, so P=0; the tone is neutral and curious with no emotional language, so E=0."
wc_26a643d99a2c20c69dde3a2606d61293,wildchat,,77,0,0,"The author is posing a logical/spatial reasoning puzzle about a fictional gridworld — it's a task/factual question, not about the author's own life or situation, so P=0 and E=0."
wc_84793a5a045dee017836eea900b45217,wildchat,,19,0,0,"The author is asking a factual/historical question about castle architecture, not describing their own life or situation, so P=0; the tone is purely curious and neutral, so E=0."
wc_7176da3bd71ae8cda31f8fb941f9fc61,wildchat,,35,0,0,"This is a creative/comedic writing piece riffing on a meme format about fictional characters, not the author describing their own life or situation (Rule 1)."
wc_7f9f752e98c9197c43f6cbba3954ba8e,wildchat,,410,0,0,"The message is a task/academic writing request where the author is not the subject — it asks for a polished paper on orientalism and Western feminism, making it P=0 per Rule 1, and the tone is entirely task-oriented with no affective language, making it E=0."
wc_f2aba505f8f9a066e85ccb24b9877d4d,wildchat,,69,0,0,"This is a creative/task-oriented request for a video game design, with the author not as the subject — P=0 per Rule 1, and the tone is purely task-focused with no emotional language — E=0."
wc_40ed2e5819fd0d1131af96851fd13b40,wildchat,,134,0,0,"The author is seeking technical help with a programming problem (Unreal Engine widget drag detection), which is a task/factual question rather than a personal life domain topic, so P=0; the tone is neutral and technical with no explicit emotion words or affective phrasing, so E=0."
wc_2055890fe56d7c7dcac238879da7813c,wildchat,,11,0,0,This is a task request asking the AI to generate an image of a specific artifact — the author is not the subject and it's not a life domain topic.
wc_680c612bd98680dea6d34b0412edb031,wildchat,,26,0,0,"The question is a financial calculation task with no indication the author is describing their own investment situation, and the language is purely mathematical with no affective phrasing."
wc_cb27b37a6be3b31d991e06133f1027f8,wildchat,,662,0,0,"The message is a task request (summarize a scholarly text) about ancient religious syncretism — the author is not the subject, so P=0, and the tone is entirely neutral and academic, so E=0."
wc_154799faf3a8db4b6294cf3d080d67e1,wildchat,,120,0,0,The message is a technical coding task asking to convert image inpainting code to use PaddleOCR — the author is not the subject and it is not a life-domain topic.
wc_38950b3a1273de0377e892b426a4af39,wildchat,,10,0,0,"This is a task/instruction directive, not about the author's life or situation, and contains no emotional language."
wc_9844c8ce5b7251b9e37d09f81ea989ff,wildchat,,40,0,0,"This is a language/logic task where the author is not the subject — it's a fill-in-the-blank exercise about third parties (John and Mary), making P=0 and the tone is purely task-oriented with no emotional language, making E=0."
wc_573e735f55b88f61a4fba88a4d6cf790,wildchat,,90,0,0,"This is a task/creative writing request asking the author to write about logistical details of a work placement, not describing the author's own personal life situation, so P=0 and E=0."
wc_8e3a415039cd7367dece8aa2c6f63d74,wildchat,,180,0,0,"This is a creative writing/screenwriting task with fictional characters as subjects — the author is not the subject — so P=0 per Rule 1, and the tone is task-oriented with no emotional language from the author, so E=0."
wc_5ca8e25def527a880b4b66578300fcaf,wildchat,,184,0,0,"The message is a creative/descriptive writing task about an animated logo parody, not about the author's own life or situation (P=0), and the language is purely descriptive with no emotional words or affective phrasing (E=0)."
wc_73802edd9c44f75ab32dafd4858ba8d2,wildchat,,352,0,0,"This is a creative writing/role-play request where the author is not the subject — it is a task asking for story generation, so P=0 per Rule 1, and the tone is directive and task-oriented with no affective language, so E=0."
wc_ae8d5d5bca6c17ad2df17fbe403f58ca,wildchat,,122,0,0,"The message is a creative/game-design task requesting fictional enemy movesets for a video game, so the author is not the subject and it is not a personal life-domain topic (Rule 1)."
wc_4b042effa4e4aa86c4b6faba90f963b6,wildchat,,841,0,0,"The message is a technical coding/debugging request where the author is not the subject in a life-domain sense — it is a task-oriented request about fixing an IndexError in image processing code, making it P=0, E=0."
wc_c46a352299c37bee356672bf0933d008,wildchat,,19,0,0,"This is a logistical/task-oriented request asking for a simulated receipt, not about the author's life domain, so P=0 and the tone is neutral so E=0."
wc_13bc5b34cad2f6dbe44486e4a6472e44,wildchat,,465,0,0,This is a creative writing/fanfiction request where the author is not the subject — they are constructing a fictional scenario — so P=0 and E=0 per Rule 1.
wc_0a7c0e6d21b03af65b88e92a0a790d15,wildchat,,11,0,0,"The message is a factual question about a material science concept, not about the author's own life or situation, so P=0; the tone is purely neutral and task-oriented, so E=0."
wc_a5b5485c1e80fc638a7efc1263ecd79d,wildchat,,28,0,0,"The author is posing a factual/analytical question about a physical scenario, not describing their own life or situation, so P=0; the tone is purely task-oriented with no emotional language, so E=0."
wc_4b0f51b55ab256d198dd8f293fdb399f,wildchat,,700,0,0,"This is a jailbreak/role-play prompt instructing the AI to adopt a persona; the author is not the subject describing their own life situation, so P=0, and the tone is purely task-oriented with no emotional language, so E=0."
wc_f65b1978ae70e709769eca51969ee0e9,wildchat,,84,0,0,"The author is presenting a creative/RPG character description for interpretation — this is a task-oriented framing about a third-party fictional entity, not about the author's own life or situation (Rule 1)."
wc_97081ca5b5a8b3eb6d32b0c7246c83d9,wildchat,,416,0,0,"The message is a technical coding task asking for script modifications — the author is not the subject describing a personal life domain situation, so P=0 and the tone is purely task-oriented with no emotional language, so E=0."
wc_e08e4239447990e43e872fc7c93ccdcd,wildchat,,38,0,0,"The author is asking for a creative/task output (table of contents for a hypothetical book) about a technical topic, not describing their own life or situation — P=0 by Rule 1, and the tone is purely task-oriented with no emotional language — E=0."
wc_08952bec85b2583aa1b4086d3bf77e44,wildchat,,190,0,0,"This is creative/role-play writing featuring fictional game monsters as subjects, not the author describing their own life or situation, so P=0 by Rule 1; the dramatic language is performative and in-character rather than expressing the author's own emotional state, so E=0 by Rule 3."
wc_6aa24965e5cf06ca83ea7449e8748a62,wildchat,,24,0,0,"The author is asking a technical/factual how-to question about creating a system, not describing their own life situation in a personal domain."
wc_638a3c28f82314f6b747c9c5e1965f16,wildchat,,10,0,0,This is a technical log/command output with no personal life domain and no emotional language.
wc_53ad93cb5c2c0f0304dea756e563d055,wildchat,,14,0,0,"The author is asking about a third party (Sara Rahbar), not describing their own life or situation, so P=0 per Rule 1, and the tone is neutral and analytical, so E=0."
wc_7480093c0e30db41447886043862a52f,wildchat,,256,0,0,"This is a creative writing/analysis task about a fictional TV series — the author is not the subject, so P=0, and the language is task-oriented with no affective phrasing, so E=0."
